BSSID; First time seen; Last time seen; channel; Speed; Privacy; Cipher; Authentication; Power; # beacons; # IV; LAN IP; ID-length; ESSID; Key;
BC:9F:E4:10:AB:C2; 2026-04-18 13:19:32; 2026-04-18 13:20:33;1;260; WPA2; CCMP; PSK;-86;3;0;   0.  0.  0.  0;0; ; ;
BC:9F:E4:11:28:20; 2026-04-18 13:19:34; 2026-04-18 13:38:48;11;260; WPA2; CCMP; PSK;-65;41;0;   0.  0.  0.  0;0; ; ;
BC:9F:E4:11:28:21; 2026-04-18 13:19:34; 2026-04-18 13:38:48;11;260; WPA2; CCMP; PSK;-63;40;0;   0.  0.  0.  0;0; ; ;
BC:9F:E4:11:28:22; 2026-04-18 13:19:34; 2026-04-18 13:38:48;11;260; WPA2; CCMP; PSK;-69;36;0;   0.  0.  0.  0;0; ; ;
BC:9F:E4:10:EC:80; 2026-04-18 13:19:34; 2026-04-18 13:38:02;11;260; WPA2; CCMP; PSK;-72;11;0;   0.  0.  0.  0;0; ; ;
BC:9F:E4:10:EC:81; 2026-04-18 13:19:35; 2026-04-18 13:38:02;11;260; WPA2; CCMP; PSK;-70;7;0;   0.  0.  0.  0;0; ; ;
BC:9F:E4:11:28:30; 2026-04-18 13:19:36; 2026-04-18 13:38:50;44;720; WPA2; CCMP; PSK;-68;74;0;   0.  0.  0.  0;0; ; ;
BC:9F:E4:11:28:31; 2026-04-18 13:19:36; 2026-04-18 13:38:50;44;720; WPA2; CCMP; PSK;-66;73;0;   0.  0.  0.  0;0; ; ;
BC:9F:E4:11:28:32; 2026-04-18 13:19:36; 2026-04-18 13:38:50;44;720; WPA2; CCMP; PSK;-66;74;0;   0.  0.  0.  0;0; ; ;
BC:9F:E4:10:AB:D0; 2026-04-18 13:19:37; 2026-04-18 13:38:51;52;720; WPA2; CCMP; PSK;-89;76;0;   0.  0.  0.  0;0; ; ;
BC:9F:E4:10:AB:D1; 2026-04-18 13:19:37; 2026-04-18 13:38:51;52;720; WPA2; CCMP; PSK;-90;79;0;   0.  0.  0.  0;0; ; ;
BC:9F:E4:10:AB:D2; 2026-04-18 13:19:37; 2026-04-18 13:38:51;52;720; WPA2; CCMP; PSK;-89;80;0;   0.  0.  0.  0;0; ; ;
41:36:5A:FC:F8:D5; 2026-04-18 13:19:43; 2026-04-18 13:38:43;132;-1; OPN; ;   ;-1;0;1072;   0.  0.  0.  0;0; ; ;
BC:9F:E4:10:EC:90; 2026-04-18 13:20:01; 2026-04-18 13:38:44;157;720; WPA2; CCMP; PSK;-90;282;0;   0.  0.  0.  0;0; ; ;
BC:9F:E4:10:AB:C1; 2026-04-18 13:20:03; 2026-04-18 13:21:50;1;260; WPA2; CCMP; PSK;-83;3;0;   0.  0.  0.  0;0; ; ;
BC:9F:E4:10:EC:92; 2026-04-18 13:20:16; 2026-04-18 13:38:44;157;720; WPA2; CCMP; PSK;-92;273;0;   0.  0.  0.  0;0; ; ;
BC:9F:E4:10:EC:91; 2026-04-18 13:20:17; 2026-04-18 13:38:44;157;720; WPA2; CCMP; PSK;-90;270;0;   0.  0.  0.  0;0; ; ;
BC:9F:E4:10:AB:C0; 2026-04-18 13:20:18; 2026-04-18 13:38:45;1;260; WPA2; CCMP; PSK;-79;3;0;   0.  0.  0.  0;0; ; ;
BC:9F:E4:10:EC:82; 2026-04-18 13:20:21; 2026-04-18 13:38:02;11;260; WPA2; CCMP; PSK;-70;10;0;   0.  0.  0.  0;0; ; ;
C4:14:3C:FB:B7:4E; 2026-04-18 13:20:55; 2026-04-18 13:20:56;60;-1; OPN; ;   ;-1;0;4;  10. 63. 61.139;0; ; ;
58:0A:20:68:3B:91; 2026-04-18 13:21:20; 2026-04-18 13:21:20;1;-1; ; ;   ;-1;0;0;   0.  0.  0.  0;0; ; ;
00:25:00:FF:94:73; 2026-04-18 13:21:22; 2026-04-18 13:38:50;44;-1; OPN; ;   ;-1;0;4;   0.  0.  0.  0;0; ; ;
58:0A:20:68:DD:0E; 2026-04-18 13:21:42; 2026-04-18 13:21:42;64;-1; ; ;   ;-1;0;0;   0.  0.  0.  0;0; ; ;
A6:F5:E9:7E:6C:ED; 2026-04-18 13:21:54; 2026-04-18 13:22:24;12;180; WPA2; CCMP; PSK;-66;8;0;   0.  0.  0.  0;18; виктория78; ;
C4:14:3C:FB:C6:E0; 2026-04-18 13:22:21; 2026-04-18 13:22:21;1;195; WPA2; CCMP; MGT;-72;1;0;   0.  0.  0.  0;2; MT; ;
6C:99:89:0D:C3:20; 2026-04-18 13:22:24; 2026-04-18 13:22:24;11;195; WPA2; CCMP; MGT;-65;2;0;   0.  0.  0.  0;2; MT; ;
6C:99:89:0D:C3:21; 2026-04-18 13:22:24; 2026-04-18 13:22:24;11;195; OPN; ;   ;-62;2;0;   0.  0.  0.  0;7; MT_FREE; ;
C4:14:3C:FB:B6:6F; 2026-04-18 13:22:24; 2026-04-18 13:22:56;36;195; WPA2; CCMP; MGT;-75;11;0;   0.  0.  0.  0;2; MT; ;
C4:14:3C:FB:B6:6E; 2026-04-18 13:22:25; 2026-04-18 13:22:56;36;195; OPN; ;   ;-74;9;29;  10.116.115.190;7; MT_FREE; ;
6C:99:89:0D:C3:2E; 2026-04-18 13:22:25; 2026-04-18 13:22:26;44;195; OPN; ;   ;-74;4;8;  10.116.123. 39;7; MT_FREE; ;
6C:99:89:0D:C3:2F; 2026-04-18 13:22:25; 2026-04-18 13:22:26;44;195; WPA2; CCMP; MGT;-75;5;0;   0.  0.  0.  0;2; MT; ;
42:CD:28:B9:0C:B4; 2026-04-18 13:22:25; 2026-04-18 13:22:26;44;433; WPA2; CCMP; PSK;-87;5;0;   0.  0.  0.  0;3; cCc; ;
D6:F4:C4:96:7D:1F; 2026-04-18 13:22:25; 2026-04-18 13:23:12;44;866; WPA2; CCMP; PSK;-90;16;0;   0.  0.  0.  0;1; R; ;
C4:14:3C:FB:C9:0E; 2026-04-18 13:22:27; 2026-04-18 13:22:59;60;195; OPN; ;   ;-88;5;0;   0.  0.  0.  0;7; MT_FREE; ;
C4:14:3C:FB:C6:EE; 2026-04-18 13:22:28; 2026-04-18 13:22:44;64;195; OPN; ;   ;-87;5;1;  10.116.115. 29;7; MT_FREE; ;
C4:14:3C:FB:C6:EF; 2026-04-18 13:22:28; 2026-04-18 13:22:43;64;195; WPA2; CCMP; MGT;-83;4;0;   0.  0.  0.  0;2; MT; ;
BC:9F:E4:10:B6:D1; 2026-04-18 13:22:34; 2026-04-18 13:37:57;153;720; WPA2; CCMP; PSK;-77;67;0;   0.  0.  0.  0;0; ; ;
BC:9F:E4:10:B6:D0; 2026-04-18 13:22:34; 2026-04-18 13:37:57;153;720; WPA2; CCMP; PSK;-75;92;0;   0.  0.  0.  0;0; ; ;
BC:9F:E4:10:B6:D2; 2026-04-18 13:22:34; 2026-04-18 13:37:57;153;720; WPA2; CCMP; PSK;-75;67;0;   0.  0.  0.  0;0; ; ;
2A:69:3C:D6:2E:15; 2026-04-18 13:22:37; 2026-04-18 13:22:55;6;130; WPA2; CCMP; PSK;-82;0;3;   0.  0.  0.  0;18; Galaxy S21 5G da27; ;
BC:9F:E4:10:E7:D0; 2026-04-18 13:22:40; 2026-04-18 13:38:03;40;720; WPA2; CCMP; PSK;-77;265;0;   0.  0.  0.  0;0; ; ;
BC:9F:E4:10:E7:D1; 2026-04-18 13:22:40; 2026-04-18 13:38:03;40;720; WPA2; CCMP; PSK;-78;266;0;   0.  0.  0.  0;0; ; ;
BC:9F:E4:10:E7:D2; 2026-04-18 13:22:40; 2026-04-18 13:38:03;40;720; WPA2; CCMP; PSK;-81;267;0;   0.  0.  0.  0;0; ; ;
6C:99:89:0D:FC:FE; 2026-04-18 13:22:41; 2026-04-18 13:22:41;44;-1; OPN; ;   ;-1;0;6;  10.116.112.132;0; ; ;
A6:C6:7B:9B:27:79; 2026-04-18 13:22:41; 2026-04-18 13:22:57;44;866; WPA3 WPA2; CCMP; SAE PSK;-63;10;0;   0.  0.  0.  0;12; ; ;
C4:14:3C:FB:C9:0F; 2026-04-18 13:22:43; 2026-04-18 13:22:59;60;195; WPA2; CCMP; MGT;-86;6;2;   0.  0.  0.  0;2; MT; ;
16:EF:9D:0B:62:33; 2026-04-18 13:22:52; 2026-04-18 13:24:24;1;360; WPA2; CCMP; PSK;-75;3;0;   0.  0.  0.  0;9; AndroidAP; ;
C4:14:3C:FB:B6:60; 2026-04-18 13:22:52; 2026-04-18 13:22:52;1;195; WPA2; CCMP; MGT;-68;0;0;   0.  0.  0.  0;2; MT; ;
C4:14:3C:FB:B6:61; 2026-04-18 13:22:52; 2026-04-18 13:22:52;1;195; OPN; ;   ;-68;1;0;   0.  0.  0.  0;7; MT_FREE; ;
E2:FE:9E:5E:E0:80; 2026-04-18 13:22:55; 2026-04-18 13:22:55;6;-1; ; ;   ;-1;0;0;   0.  0.  0.  0;0; ; ;
5E:EA:E7:BC:AF:71; 2026-04-18 13:22:56; 2026-04-18 13:22:56;44;866; WPA3 WPA2; CCMP; SAE PSK;-85;1;0;   0.  0.  0.  0;17; ; ;
6C:99:89:0D:FC:F0; 2026-04-18 13:23:07; 2026-04-18 13:23:07;1;195; WPA2; CCMP; MGT;-70;0;0;   0.  0.  0.  0;2; MT; ;
6C:99:89:0D:FC:F1; 2026-04-18 13:23:07; 2026-04-18 13:23:07;1;195; OPN; ;   ;-73;1;0;   0.  0.  0.  0;7; MT_FREE; ;
32:BF:CB:59:36:CA; 2026-04-18 13:23:10; 2026-04-18 13:23:10;11;180; WPA2; CCMP; PSK;-72;2;0;   0.  0.  0.  0;17; Redmi Note 10 Pro; ;
C4:14:3C:FB:C9:01; 2026-04-18 13:23:10; 2026-04-18 13:23:10;11;-1; ; ;   ;-1;0;0;   0.  0.  0.  0;0; ; ;
6C:99:89:0D:C4:9E; 2026-04-18 13:23:13; 2026-04-18 13:23:13;52;-1; ; ;   ;-1;0;0;   0.  0.  0.  0;0; ; ;
BC:9F:E4:10:E7:C2; 2026-04-18 13:23:25; 2026-04-18 13:37:46;11;260; WPA2; CCMP; PSK;-82;54;0;   0.  0.  0.  0;0; ; ;
BC:9F:E4:10:E7:C0; 2026-04-18 13:23:25; 2026-04-18 13:37:46;11;260; WPA2; CCMP; PSK;-82;60;0;   0.  0.  0.  0;0; ; ;
BC:9F:E4:10:E7:C1; 2026-04-18 13:23:25; 2026-04-18 13:37:46;11;260; WPA2; CCMP; PSK;-82;56;0;   0.  0.  0.  0;0; ; ;
8A:BB:31:0C:91:21; 2026-04-18 13:23:25; 2026-04-18 13:27:16;11;360; WPA2; CCMP; PSK;-78;28;0;   0.  0.  0.  0;11; Galaxy S24+; ;
BC:9F:E4:10:EA:12; 2026-04-18 13:23:26; 2026-04-18 13:36:00;36;720; WPA2; CCMP; PSK;-91;34;0;   0.  0.  0.  0;0; ; ;
BC:9F:E4:10:EA:11; 2026-04-18 13:23:26; 2026-04-18 13:37:32;36;720; WPA2; CCMP; PSK;-91;39;0;   0.  0.  0.  0;0; ; ;
58:0A:20:0D:11:7F; 2026-04-18 13:23:28; 2026-04-18 13:23:28;52;195; WPA2; CCMP; MGT;-90;1;0;   0.  0.  0.  0;2; MT; ;
58:0A:20:68:0E:AE; 2026-04-18 13:23:29; 2026-04-18 13:24:16;64;195; OPN; ;   ;-85;1;0;   0.  0.  0.  0;7; MT_FREE; ;
58:0A:20:09:A6:2E; 2026-04-18 13:23:41; 2026-04-18 13:24:12;36;195; OPN; ;   ;-88;13;8;  10.117. 33.140;7; MT_FREE; ;
58:0A:20:09:A6:2F; 2026-04-18 13:23:41; 2026-04-18 13:24:13;36;195; WPA2; CCMP; MGT;-87;14;0;   0.  0.  0.  0;2; MT; ;
BC:9F:E4:10:EA:10; 2026-04-18 13:23:41; 2026-04-18 13:37:32;36;720; WPA2; CCMP; PSK;-91;41;0;   0.  0.  0.  0;0; ; ;
58:0A:20:09:A5:9F; 2026-04-18 13:23:42; 2026-04-18 13:24:14;44;195; WPA2; CCMP; MGT;-77;14;0;   0.  0.  0.  0;2; MT; ;
58:0A:20:09:A5:9E; 2026-04-18 13:23:42; 2026-04-18 13:24:13;44;195; OPN; ;   ;-77;15;0;   0.  0.  0.  0;7; MT_FREE; ;
BE:ED:D7:DD:9D:4C; 2026-04-18 13:23:53; 2026-04-18 13:24:39;1;180; WPA2; CCMP; PSK;-83;6;0;   0.  0.  0.  0;10; ааааа; ;
58:0A:20:09:A5:90; 2026-04-18 13:23:56; 2026-04-18 13:24:11;11;195; WPA2; CCMP; MGT;-71;2;0;   0.  0.  0.  0;2; MT; ;
58:0A:20:09:A5:91; 2026-04-18 13:23:56; 2026-04-18 13:24:27;11;195; OPN; ;   ;-72;2;0;   0.  0.  0.  0;7; MT_FREE; ;
C4:14:3C:7A:6D:CE; 2026-04-18 13:24:24; 2026-04-18 13:24:24;13;-1; ; ;   ;-1;0;0;   0.  0.  0.  0;0; ; ;
6C:99:89:0D:C5:9E; 2026-04-18 13:24:31; 2026-04-18 13:24:31;64;-1; OPN; ;   ;-1;0;4;  10.117. 33. 12;0; ; ;
C4:14:3C:38:85:FE; 2026-04-18 13:25:16; 2026-04-18 13:25:47;52;195; OPN; ;   ;-79;11;5;   0.  0.  0.  0;7; MT_FREE; ;
C4:14:3C:40:9B:3E; 2026-04-18 13:25:16; 2026-04-18 13:25:47;56;195; OPN; ;   ;0;5;295;  10.121. 43. 87;7; MT_FREE; ;
C4:14:3C:40:9B:3F; 2026-04-18 13:25:16; 2026-04-18 13:25:32;56;195; WPA2; CCMP; MGT;-75;6;0;   0.  0.  0.  0;2; MT; ;
58:0A:20:09:78:9E; 2026-04-18 13:25:18; 2026-04-18 13:25:48;64;195; OPN; ;   ;-81;4;0;   0.  0.  0.  0;7; MT_FREE; ;
58:0A:20:09:78:9F; 2026-04-18 13:25:18; 2026-04-18 13:25:33;64;195; WPA2; CCMP; MGT;-83;4;0;   0.  0.  0.  0;2; MT; ;
8E:B8:4A:94:98:2B; 2026-04-18 13:25:25; 2026-04-18 13:25:57;2;130; WPA2; CCMP; PSK;-77;6;19;   0.  0.  0.  0;9; AndroidAP; ;
C4:14:3C:38:85:FF; 2026-04-18 13:25:31; 2026-04-18 13:25:47;52;195; WPA2; CCMP; MGT;-81;10;0;   0.  0.  0.  0;2; MT; ;
A6:34:A3:B9:0D:AA; 2026-04-18 13:25:41; 2026-04-18 13:27:13;1;180; WPA2; CCMP; PSK;-77;8;17;   0.  0.  0.  0;12; Redmi 9C NFC; ;
58:0A:20:0C:FE:5F; 2026-04-18 13:25:45; 2026-04-18 13:25:48;64;195; WPA2 OPN; CCMP; MGT;-80;3;2;   0.  0.  0.  0;2; MT; ;
58:0A:20:68:0E:4E; 2026-04-18 13:25:47; 2026-04-18 13:25:48;60;-1; OPN; ;   ;-1;0;27;  10.121. 40.195;0; ; ;
58:0A:20:0C:FE:5E; 2026-04-18 13:25:48; 2026-04-18 13:25:48;64;195; OPN; ;   ;-81;2;11;  10.121. 42. 93;7; MT_FREE; ;
4A:64:E8:9C:33:8B; 2026-04-18 13:25:57; 2026-04-18 13:26:28;8;360; WPA2; CCMP; PSK;-86;2;0;   0.  0.  0.  0;10; Pixel_6138; ;
C4:14:3C:12:CA:4E; 2026-04-18 13:26:02; 2026-04-18 13:26:03;56;-1; OPN; ;   ;-1;0;7;  10.121. 41.230;0; ; ;
6C:99:89:A6:09:21; 2026-04-18 13:27:00; 2026-04-18 13:27:01;11;195; OPN; ;   ;-69;3;0;   0.  0.  0.  0;7; MT_FREE; ;
6C:99:89:A6:09:20; 2026-04-18 13:27:01; 2026-04-18 13:27:01;11;195; WPA2; CCMP; MGT;-73;1;0;   0.  0.  0.  0;2; MT; ;
6C:99:89:A6:09:2E; 2026-04-18 13:27:01; 2026-04-18 13:27:02;36;195; OPN; ;   ;-80;4;36;  10.114.233.205;7; MT_FREE; ;
6C:99:89:A6:09:2F; 2026-04-18 13:27:01; 2026-04-18 13:27:02;36;195; WPA2; CCMP; MGT;-79;5;0;   0.  0.  0.  0;2; MT; ;
C4:14:3C:E5:99:1F; 2026-04-18 13:27:04; 2026-04-18 13:27:04;56;195; WPA2; CCMP; MGT;-77;5;0;   0.  0.  0.  0;2; MT; ;
C4:14:3C:E5:99:1E; 2026-04-18 13:27:04; 2026-04-18 13:27:35;56;195; OPN; ;   ;-79;4;3;  10.114.225. 16;7; MT_FREE; ;
58:0A:20:68:32:2E; 2026-04-18 13:27:04; 2026-04-18 13:27:35;60;195; OPN; ;   ;-81;11;48;  10.114.226.  3;7; MT_FREE; ;
58:0A:20:68:32:2F; 2026-04-18 13:27:04; 2026-04-18 13:27:35;60;195; WPA2; CCMP; MGT;-81;13;0;   0.  0.  0.  0;2; MT; ;
FE:94:C1:2D:BA:73; 2026-04-18 13:27:13; 2026-04-18 13:27:29;2;130; WPA2; CCMP; PSK;-68;5;0;   0.  0.  0.  0;31; A56 пользователя Н; ;
58:0A:20:68:32:21; 2026-04-18 13:27:16; 2026-04-18 13:27:31;11;195; OPN; ;   ;-75;0;0;   0.  0.  0.  0;7; MT_FREE; ;
58:0A:20:68:32:20; 2026-04-18 13:27:16; 2026-04-18 13:27:16;11;195; WPA2; CCMP; MGT;-74;0;0;   0.  0.  0.  0;2; MT; ;
6C:99:89:0D:D4:6F; 2026-04-18 13:27:17; 2026-04-18 13:27:32;36;195; WPA2; CCMP; MGT;-76;10;0;   0.  0.  0.  0;2; MT; ;
6C:99:89:0D:D4:6E; 2026-04-18 13:27:17; 2026-04-18 13:27:32;36;195; OPN; ;   ;-77;9;1;   0.  0.  0.  0;7; MT_FREE; ;
6C:99:89:0D:D4:60; 2026-04-18 13:27:28; 2026-04-18 13:27:29;1;195; WPA2; CCMP; MGT;-72;0;0;   0.  0.  0.  0;2; MT; ;
6C:99:89:0D:D4:61; 2026-04-18 13:27:28; 2026-04-18 13:28:12;1;195; OPN; ;   ;-71;0;0;   0.  0.  0.  0;7; MT_FREE; ;
C4:14:3C:FB:C5:81; 2026-04-18 13:27:44; 2026-04-18 13:27:44;1;195; OPN; ;   ;-71;1;0;   0.  0.  0.  0;7; MT_FREE; ;
6C:99:89:0D:C4:70; 2026-04-18 13:27:47; 2026-04-18 13:27:47;11;195; WPA2; CCMP; MGT;-70;0;0;   0.  0.  0.  0;2; MT; ;
6C:99:89:0D:C4:71; 2026-04-18 13:27:47; 2026-04-18 13:27:47;11;195; OPN; ;   ;-73;1;0;   0.  0.  0.  0;7; MT_FREE; ;
C4:14:3C:FB:C5:8E; 2026-04-18 13:27:50; 2026-04-18 13:28:06;56;-1; ; ;   ;-1;0;0;   0.  0.  0.  0;0; ; ;
E6:AB:9E:F0:6C:CB; 2026-04-18 13:28:18; 2026-04-18 13:28:48;6;130; WPA2; CCMP; PSK;-68;4;0;   0.  0.  0.  0;6; ; ;
C4:14:3C:E5:C5:8E; 2026-04-18 13:28:36; 2026-04-18 13:28:36;52;195; OPN; ;   ;-80;5;0;   0.  0.  0.  0;7; MT_FREE; ;
C4:14:3C:E5:C5:8F; 2026-04-18 13:28:36; 2026-04-18 13:28:36;52;195; WPA2; CCMP; MGT;-82;4;0;   0.  0.  0.  0;2; MT; ;
5C:A4:8A:1E:7C:2E; 2026-04-18 13:28:37; 2026-04-18 13:29:09;60;195; OPN; ;   ;-90;3;2;   0.  0.  0.  0;7; MT_FREE; ;
5C:A4:8A:1E:7C:2F; 2026-04-18 13:28:37; 2026-04-18 13:29:09;60;195; WPA2; CCMP; MGT;-88;4;0;   0.  0.  0.  0;2; MT; ;
C0:7B:BC:CF:2C:A0; 2026-04-18 13:28:45; 2026-04-18 13:29:01;1;195; WPA2; CCMP; MGT;-74;1;0;   0.  0.  0.  0;2; MT; ;
C0:7B:BC:CF:2C:A1; 2026-04-18 13:28:45; 2026-04-18 13:29:01;1;195; OPN; ;   ;-72;1;0;   0.  0.  0.  0;7; MT_FREE; ;
C0:7B:BC:CF:2C:AF; 2026-04-18 13:28:51; 2026-04-18 13:29:07;52;195; WPA2; CCMP; MGT;-77;9;0;   0.  0.  0.  0;2; MT; ;
C0:7B:BC:CF:2C:AE; 2026-04-18 13:28:51; 2026-04-18 13:29:07;52;195; OPN; ;   ;-72;9;20;  10.122.186.192;7; MT_FREE; ;
5C:A4:8A:1E:7A:FE; 2026-04-18 13:28:52; 2026-04-18 13:29:09;64;195; OPN; ;   ;-81;6;0;   0.  0.  0.  0;7; MT_FREE; ;
5C:A4:8A:1E:7A:FF; 2026-04-18 13:28:52; 2026-04-18 13:29:09;64;195; WPA2; CCMP; MGT;-85;4;0;   0.  0.  0.  0;2; MT; ;
5C:A4:8A:1E:7A:F1; 2026-04-18 13:29:03; 2026-04-18 13:29:03;10;-1; ; ;   ;-1;0;0;   0.  0.  0.  0;0; ; ;
D0:C7:89:0F:4C:CE; 2026-04-18 13:29:20; 2026-04-18 13:29:20;36;195; OPN; ;   ;-82;4;0;   0.  0.  0.  0;7; MT_FREE; ;
D0:C7:89:0F:4C:CF; 2026-04-18 13:29:20; 2026-04-18 13:29:20;36;195; WPA2; CCMP; MGT;-82;4;0;   0.  0.  0.  0;2; MT; ;
C4:14:3C:E5:C6:FF; 2026-04-18 13:29:21; 2026-04-18 13:29:21;44;195; WPA2; CCMP; MGT;-80;5;0;   0.  0.  0.  0;2; MT; ;
C4:14:3C:E5:C6:FE; 2026-04-18 13:29:21; 2026-04-18 13:29:21;44;195; OPN; ;   ;-81;5;0;   0.  0.  0.  0;7; MT_FREE; ;
58:0A:20:0D:25:CF; 2026-04-18 13:29:36; 2026-04-18 13:30:08;44;195; WPA2; CCMP; MGT;-84;15;2;   0.  0.  0.  0;2; MT; ;
58:0A:20:0D:25:CE; 2026-04-18 13:29:36; 2026-04-18 13:30:07;44;195; OPN; ;   ;-85;15;3;  10.115. 24.178;7; MT_FREE; ;
58:0A:20:09:6E:BE; 2026-04-18 13:29:37; 2026-04-18 13:30:08;52;195; OPN; ;   ;-79;14;0;   0.  0.  0.  0;7; MT_FREE; ;
58:0A:20:09:6E:BF; 2026-04-18 13:29:37; 2026-04-18 13:30:08;52;195; WPA2; CCMP; MGT;-80;15;0;   0.  0.  0.  0;2; MT; ;
58:0A:20:09:6B:0E; 2026-04-18 13:29:37; 2026-04-18 13:29:53;56;195; OPN; ;   ;-89;4;0;   0.  0.  0.  0;7; MT_FREE; ;
58:0A:20:09:6B:0F; 2026-04-18 13:29:38; 2026-04-18 13:29:53;56;195; WPA2; CCMP; MGT;-89;4;0;   0.  0.  0.  0;2; MT; ;
50:1C:BF:F9:A6:41; 2026-04-18 13:29:47; 2026-04-18 13:29:47;1;-1; ; ;   ;-1;0;0;   0.  0.  0.  0;0; ; ;
D2:F0:16:7F:1D:ED; 2026-04-18 13:29:50; 2026-04-18 13:29:50;11;180; WPA2; CCMP; PSK;-76;1;0;   0.  0.  0.  0;9; HONOR X7c; ;
50:1C:BF:F9:A6:4E; 2026-04-18 13:29:54; 2026-04-18 13:29:54;64;-1; OPN; ;   ;-1;0;28;  10.115. 25.154;0; ; ;
50:1C:BF:F9:A6:7F; 2026-04-18 13:30:09; 2026-04-18 13:30:09;60;195; WPA2; CCMP; MGT;-88;1;0;   0.  0.  0.  0;2; MT; ;
50:1C:BF:F9:A6:7E; 2026-04-18 13:30:09; 2026-04-18 13:30:09;60;195; OPN; ;   ;-89;1;0;   0.  0.  0.  0;7; MT_FREE; ;
FE:CD:F9:A1:9E:DB; 2026-04-18 13:30:18; 2026-04-18 13:30:18;1;180; WPA2; CCMP; PSK;-74;2;0;   0.  0.  0.  0;15; Galaxy A24 0B9B; ;
CA:1E:E7:DB:61:8C; 2026-04-18 13:30:18; 2026-04-18 13:30:36;6;180; WPA2; CCMP; PSK;-73;5;0;   0.  0.  0.  0;9; Redmi 13C; ;
50:1C:BF:F9:A6:F0; 2026-04-18 13:30:20; 2026-04-18 13:30:21;11;195; WPA2; CCMP; MGT;-75;0;0;   0.  0.  0.  0;2; MT; ;
50:1C:BF:F9:A6:F1; 2026-04-18 13:30:20; 2026-04-18 13:30:21;11;195; OPN; ;   ;-76;0;0;   0.  0.  0.  0;7; MT_FREE; ;
50:1C:BF:F9:D0:6F; 2026-04-18 13:30:24; 2026-04-18 13:30:25;60;195; WPA2; CCMP; MGT;-83;5;0;   0.  0.  0.  0;2; MT; ;
50:1C:BF:F9:D0:6E; 2026-04-18 13:30:24; 2026-04-18 13:30:25;60;195; OPN; ;   ;-85;5;0;   0.  0.  0.  0;7; MT_FREE; ;
50:1C:BF:F9:A6:FE; 2026-04-18 13:30:25; 2026-04-18 13:30:25;64;-1; ; ;   ;-1;0;0;   0.  0.  0.  0;0; ; ;
50:1C:BF:F9:E5:FF; 2026-04-18 13:30:39; 2026-04-18 13:30:55;56;195; WPA2; CCMP; MGT;-87;7;0;   0.  0.  0.  0;2; MT; ;
50:1C:BF:F9:E5:FE; 2026-04-18 13:30:39; 2026-04-18 13:30:55;56;195; OPN; ;   ;-82;8;53;   0.  0.  0.  0;7; MT_FREE; ;
58:0A:20:0D:23:6F; 2026-04-18 13:30:40; 2026-04-18 13:31:11;60;195; WPA2; CCMP; MGT;-88;12;0;   0.  0.  0.  0;2; MT; ;
58:0A:20:0D:23:6E; 2026-04-18 13:30:40; 2026-04-18 13:31:11;60;195; OPN; ;   ;-90;13;559;  10.122. 43.  3;7; MT_FREE; ;
58:0A:20:68:2F:DF; 2026-04-18 13:30:40; 2026-04-18 13:31:11;64;195; WPA2; CCMP; MGT;-79;7;0;   0.  0.  0.  0;2; MT; ;
58:0A:20:68:2F:DE; 2026-04-18 13:30:40; 2026-04-18 13:31:11;64;195; OPN; ;   ;-84;6;0;   0.  0.  0.  0;7; MT_FREE; ;
C6:D6:E7:C2:E7:EE; 2026-04-18 13:30:48; 2026-04-18 13:33:53;1;65; WPA2; CCMP; PSK;-79;8;0;   0.  0.  0.  0;7; Aigerim; ;
58:0A:20:0D:23:60; 2026-04-18 13:30:48; 2026-04-18 13:31:04;1;195; WPA2; CCMP; MGT;-73;2;0;   0.  0.  0.  0;2; MT; ;
58:0A:20:0D:23:61; 2026-04-18 13:30:48; 2026-04-18 13:31:13;1;195; OPN; ;   ;-67;0;11;  10.122. 40.176;7; MT_FREE; ;
FE:CD:23:56:21:7B; 2026-04-18 13:30:51; 2026-04-18 13:31:22;6;180; WPA2; CCMP; PSK;-88;5;0;   0.  0.  0.  0;13; TECNO SPARK 7; ;
50:1C:BF:F9:CF:EF; 2026-04-18 13:30:54; 2026-04-18 13:31:10;52;195; WPA2; CCMP; MGT;-85;7;0;   0.  0.  0.  0;2; MT; ;
50:1C:BF:F9:CF:EE; 2026-04-18 13:30:54; 2026-04-18 13:31:10;52;195; OPN; ;   ;-88;6;24;  10.122. 41. 39;7; MT_FREE; ;
00:00:00:00:00:00; 2026-04-18 13:30:54; 2026-04-18 13:30:55;-1;-1; ; ;   ;0;0;0;   0.  0.  0.  0;0; ; ;
C4:14:3C:FB:CD:9F; 2026-04-18 13:31:11; 2026-04-18 13:31:11;60;195; WPA2; CCMP; MGT;-90;1;0;   0.  0.  0.  0;2; MT; ;
C4:14:3C:FB:CD:9E; 2026-04-18 13:31:11; 2026-04-18 13:31:11;60;195; OPN; ;   ;-89;2;0;   0.  0.  0.  0;7; MT_FREE; ;
F6:D2:E5:B3:1F:97; 2026-04-18 13:31:42; 2026-04-18 13:32:07;4;360; WPA2; CCMP; PSK;-73;1;0;   0.  0.  0.  0;26; hid63627864-HUAWEI nova 14; ;
4E:CF:E3:03:10:14; 2026-04-18 13:32:07; 2026-04-18 13:32:38;9;54; WPA3 WPA2; CCMP; SAE PSK;-85;5;0;   0.  0.  0.  0;15; realme Note 60x; ;
50:1C:BF:F9:A9:A0; 2026-04-18 13:32:25; 2026-04-18 13:32:25;11;195; WPA2; CCMP; MGT;-72;0;0;   0.  0.  0.  0;2; MT; ;
50:1C:BF:F9:A9:A1; 2026-04-18 13:32:25; 2026-04-18 13:32:25;11;195; OPN; ;   ;-71;0;0;   0.  0.  0.  0;7; MT_FREE; ;
EE:F2:EA:E9:DA:76; 2026-04-18 13:32:25; 2026-04-18 13:32:56;44;866; WPA3 WPA2; CCMP; SAE PSK;-81;15;0;   0.  0.  0.  0;17; iPhone (Глеб); ;
58:0A:20:09:6B:3F; 2026-04-18 13:32:26; 2026-04-18 13:32:57;52;195; WPA2; CCMP; MGT;-73;13;0;   0.  0.  0.  0;2; MT; ;
58:0A:20:09:6B:3E; 2026-04-18 13:32:26; 2026-04-18 13:32:57;52;195; OPN; ;   ;-75;13;118;  10.115.240.181;7; MT_FREE; ;
6C:99:89:A6:09:DE; 2026-04-18 13:32:27; 2026-04-18 13:32:42;56;195; OPN; ;   ;-88;3;3;  10. 23. 98. 95;7; MT_FREE; ;
6C:99:89:A6:09:DF; 2026-04-18 13:32:27; 2026-04-18 13:32:42;56;195; WPA2; CCMP; MGT;-89;5;0;   0.  0.  0.  0;2; MT; ;
50:1C:BF:F9:A9:AF; 2026-04-18 13:32:27; 2026-04-18 13:32:58;60;195; WPA2; CCMP; MGT;-90;12;0;   0.  0.  0.  0;2; MT; ;
50:1C:BF:F9:A9:AE; 2026-04-18 13:32:27; 2026-04-18 13:32:58;60;195; OPN; ;   ;-88;13;6;  10.115.248. 51;7; MT_FREE; ;
6C:99:89:A6:04:2F; 2026-04-18 13:32:28; 2026-04-18 13:32:59;64;195; WPA2; CCMP; MGT;-78;6;0;   0.  0.  0.  0;2; MT; ;
6C:99:89:A6:04:2E; 2026-04-18 13:32:28; 2026-04-18 13:32:59;64;195; OPN; ;   ;-79;5;0;   0.  0.  0.  0;7; MT_FREE; ;
58:0A:20:09:6B:30; 2026-04-18 13:32:36; 2026-04-18 13:32:52;1;195; WPA2; CCMP; MGT;-70;3;0;   0.  0.  0.  0;2; MT; ;
58:0A:20:09:6B:31; 2026-04-18 13:32:36; 2026-04-18 13:32:52;1;195; OPN; ;   ;-70;4;0;   0.  0.  0.  0;7; MT_FREE; ;
9A:31:9F:90:66:E8; 2026-04-18 13:32:54; 2026-04-18 13:33:40;11;360; WPA2; CCMP; PSK;-83;6;0;   0.  0.  0.  0;13; realme 9 Pro+; ;
6C:99:89:A6:09:EE; 2026-04-18 13:32:58; 2026-04-18 13:32:58;56;-1; OPN; ;   ;-1;0;1;  10.115.240.167;0; ; ;
82:20:FD:66:24:58; 2026-04-18 13:33:40; 2026-04-18 13:34:27;6;65; WPA2; CCMP; PSK;-85;4;0;   0.  0.  0.  0;14; Galaxy A512458; ;
C4:14:3C:FB:B6:5E; 2026-04-18 13:33:45; 2026-04-18 13:34:15;64;-1; ; ;   ;-1;0;0;   0.  0.  0.  0;0; ; ;
58:0A:20:68:3A:CE; 2026-04-18 13:33:57; 2026-04-18 13:34:44;44;195; OPN; ;   ;-83;10;30;  10.117. 16.  5;7; MT_FREE; ;
58:0A:20:0D:34:9E; 2026-04-18 13:33:58; 2026-04-18 13:34:45;52;195; OPN; ;   ;0;4;66;  10.117. 16. 24;7; MT_FREE; ;
58:0A:20:68:3D:DE; 2026-04-18 13:33:59; 2026-04-18 13:34:30;56;195; OPN; ;   ;-79;14;42;  10.117. 24. 66;7; MT_FREE; ;
58:0A:20:68:3D:DF; 2026-04-18 13:33:59; 2026-04-18 13:34:30;56;195; WPA2; CCMP; MGT;-81;14;0;   0.  0.  0.  0;2; MT; ;
58:0A:20:68:3D:D1; 2026-04-18 13:34:11; 2026-04-18 13:34:27;11;195; OPN; ;   ;-75;1;15;  10.117. 24. 66;7; MT_FREE; ;
58:0A:20:68:3D:D0; 2026-04-18 13:34:11; 2026-04-18 13:34:27;11;195; WPA2; CCMP; MGT;-76;2;0;   0.  0.  0.  0;2; MT; ;
58:0A:20:68:3A:CF; 2026-04-18 13:34:15; 2026-04-18 13:34:29;44;195; WPA2; CCMP; MGT;-85;10;0;   0.  0.  0.  0;2; MT; ;
58:0A:20:0D:34:9F; 2026-04-18 13:34:15; 2026-04-18 13:34:29;52;195; WPA2; CCMP; MGT;-87;5;0;   0.  0.  0.  0;2; MT; ;
9A:4F:D2:70:B4:A0; 2026-04-18 13:34:27; 2026-04-18 13:34:27;6;130; WPA3 WPA2; CCMP; SAE PSK;-82;1;0;   0.  0.  0.  0;13; ; ;
C4:14:3C:40:A8:6E; 2026-04-18 13:34:30; 2026-04-18 13:34:31;60;-1; ; ;   ;-1;0;0;   0.  0.  0.  0;0; ; ;
58:0A:20:68:3E:4E; 2026-04-18 13:34:30; 2026-04-18 13:34:30;-1;-1; ; ;   ;-1;0;0;   0.  0.  0.  0;0; ; ;
58:0A:20:68:3E:41; 2026-04-18 13:34:42; 2026-04-18 13:34:42;12;-1; ; ;   ;-1;0;0;   0.  0.  0.  0;0; ; ;
50:1C:BF:F9:B6:81; 2026-04-18 13:35:43; 2026-04-18 13:35:43;11;195; OPN; ;   ;-72;1;0;   0.  0.  0.  0;7; MT_FREE; ;
50:1C:BF:F9:B6:80; 2026-04-18 13:35:43; 2026-04-18 13:35:43;11;195; WPA2; CCMP; MGT;-74;1;0;   0.  0.  0.  0;2; MT; ;
64:E9:50:D1:1D:7F; 2026-04-18 13:35:44; 2026-04-18 13:36:15;36;195; WPA2; CCMP; MGT;-79;13;0;   0.  0.  0.  0;2; MT; ;
64:E9:50:D1:1D:7E; 2026-04-18 13:35:44; 2026-04-18 13:36:15;36;195; OPN; ;   ;-78;13;11;  10.115.144. 53;7; MT_FREE; ;
50:1C:BF:F9:B6:8E; 2026-04-18 13:35:48; 2026-04-18 13:36:03;64;195; OPN; ;   ;-75;5;53;  10.115.144. 53;7; MT_FREE; ;
50:1C:BF:F9:B6:8F; 2026-04-18 13:35:48; 2026-04-18 13:36:03;64;195; WPA2; CCMP; MGT;-76;4;2;   0.  0.  0.  0;2; MT; ;
64:E9:50:D1:1D:71; 2026-04-18 13:35:50; 2026-04-18 13:36:11;1;195; OPN; ;   ;-70;2;0;   0.  0.  0.  0;7; MT_FREE; ;
5C:A4:8A:1E:7A:5E; 2026-04-18 13:36:02; 2026-04-18 13:36:20;52;-1; OPN; ;   ;-88;0;1;  10.115.144.222;0; ; ;
58:0A:20:68:0F:8E; 2026-04-18 13:36:02; 2026-04-18 13:36:02;56;195; OPN; ;   ;-88;2;0;   0.  0.  0.  0;7; MT_FREE; ;
58:0A:20:68:0F:8F; 2026-04-18 13:36:02; 2026-04-18 13:36:02;56;195; WPA2; CCMP; MGT;-89;1;0;   0.  0.  0.  0;2; MT; ;
D0:5B:A8:D3:B7:72; 2026-04-18 13:36:11; 2026-04-18 13:36:11;1;65; WPA2; CCMP TKIP; PSK;-83;1;0;   0.  0.  0.  0;15; MF90PLUS_D3B772; ;
C4:14:3C:12:C4:00; 2026-04-18 13:36:27; 2026-04-18 13:36:27;1;195; WPA2; CCMP; MGT;-69;0;0;   0.  0.  0.  0;2; MT; ;
C4:14:3C:12:C4:01; 2026-04-18 13:36:27; 2026-04-18 13:36:27;1;195; OPN; ;   ;-68;2;0;   0.  0.  0.  0;7; MT_FREE; ;
C4:14:3C:12:BF:40; 2026-04-18 13:36:30; 2026-04-18 13:36:30;11;195; WPA2; CCMP; MGT;-76;2;0;   0.  0.  0.  0;2; MT; ;
C4:14:3C:12:BF:41; 2026-04-18 13:36:30; 2026-04-18 13:36:30;11;195; OPN; ;   ;-75;0;0;   0.  0.  0.  0;7; MT_FREE; ;
50:1C:BF:F9:B8:2F; 2026-04-18 13:36:31; 2026-04-18 13:36:32;44;195; WPA2; CCMP; MGT;-86;5;0;   0.  0.  0.  0;2; MT; ;
50:1C:BF:F9:B8:2E; 2026-04-18 13:36:31; 2026-04-18 13:37:02;44;195; OPN; ;   ;-85;5;0;   0.  0.  0.  0;7; MT_FREE; ;
C4:14:3C:12:BF:4E; 2026-04-18 13:36:32; 2026-04-18 13:36:33;52;195; OPN; ;   ;-88;4;0;   0.  0.  0.  0;7; MT_FREE; ;
C4:14:3C:12:BF:4F; 2026-04-18 13:36:32; 2026-04-18 13:36:33;52;195; WPA2; CCMP; MGT;-85;5;0;   0.  0.  0.  0;2; MT; ;
58:0A:20:09:9B:8F; 2026-04-18 13:36:34; 2026-04-18 13:36:34;64;195; WPA2; CCMP; MGT;-82;3;0;   0.  0.  0.  0;2; MT; ;
58:0A:20:09:9B:8E; 2026-04-18 13:36:34; 2026-04-18 13:36:49;64;195; OPN; ;   ;-82;2;6;  10.121.  3.229;7; MT_FREE; ;
58:0A:20:0D:2A:0F; 2026-04-18 13:36:46; 2026-04-18 13:37:01;36;195; WPA2; CCMP; MGT;-84;8;0;   0.  0.  0.  0;2; MT; ;
58:0A:20:0D:2A:0E; 2026-04-18 13:36:46; 2026-04-18 13:37:01;36;195; OPN; ;   ;-84;9;4;   0.  0.  0.  0;7; MT_FREE; ;
58:0A:20:68:2C:FE; 2026-04-18 13:36:47; 2026-04-18 13:37:18;44;195; OPN; ;   ;-82;12;5;   0.  0.  0.  0;7; MT_FREE; ;
58:0A:20:68:2C:FF; 2026-04-18 13:36:47; 2026-04-18 13:37:18;44;195; WPA2; CCMP; MGT;-88;12;0;   0.  0.  0.  0;2; MT; ;
58:0A:20:0D:32:8F; 2026-04-18 13:36:49; 2026-04-18 13:37:20;60;195; WPA2; CCMP; MGT;-80;14;0;   0.  0.  0.  0;2; MT; ;
58:0A:20:0D:32:8E; 2026-04-18 13:36:49; 2026-04-18 13:37:20;60;195; OPN; ;   ;-82;15;0;   0.  0.  0.  0;7; MT_FREE; ;
58:0A:20:0D:2A:01; 2026-04-18 13:37:13; 2026-04-18 13:37:13;1;-1; OPN; ;   ;-1;0;2;  10.121. 11.157;0; ; ;
06:1F:02:19:48:C0; 2026-04-18 13:37:16; 2026-04-18 13:38:48;6;130; WPA2; CCMP; PSK;-82;4;0;   0.  0.  0.  0;24; iPhone (хамробек; ;
D6:DC:84:86:09:CD; 2026-04-18 13:37:48; 2026-04-18 13:38:50;44;866; WPA3 WPA2; CCMP; SAE PSK;-88;25;0;   0.  0.  0.  0;19; iPhone (Дарья); ;
8A:D7:29:B8:A8:E9; 2026-04-18 13:37:59; 2026-04-18 13:37:59;1;180; WPA2; CCMP; PSK;-78;2;0;   0.  0.  0.  0;13; HONOR Pad X8a; ;
;;;;;;;;;;;;;;;
Station MAC; First time seen; Last time seen; Power; # packets; BSSID; Probed ESSIDs;;;;;;;;;
B2:59:F3:D9:51:31; 2026-04-18 13:19:33; 2026-04-18 13:19:33;-63;2; (not associated) ;;;;;;;;;;
92:AF:19:D6:BF:0C; 2026-04-18 13:19:33; 2026-04-18 13:19:33;-53;2; (not associated) ;;;;;;;;;;
EA:6D:D5:35:A7:81; 2026-04-18 13:19:37; 2026-04-18 13:19:37;-70;2; (not associated) ;;;;;;;;;;
00:F1:CA:80:FE:FD; 2026-04-18 13:19:43; 2026-04-18 13:38:41;-76;111; 41:36:5A:FC:F8:D5;;;;;;;;;;
00:F1:CA:81:21:BD; 2026-04-18 13:19:45; 2026-04-18 13:38:43;-88;73; 41:36:5A:FC:F8:D5;;;;;;;;;;
00:F1:CA:81:47:44; 2026-04-18 13:19:45; 2026-04-18 13:38:43;-85;82; 41:36:5A:FC:F8:D5;;;;;;;;;;
46:97:F6:86:E6:02; 2026-04-18 13:19:52; 2026-04-18 13:19:52;-90;2; (not associated) ;ROSTELECOM_EA46;;;;;;;;;
D2:64:D9:3B:8F:D9; 2026-04-18 13:19:52; 2026-04-18 13:19:52;-89;1; (not associated) ;;;;;;;;;;
8E:ED:88:E0:86:37; 2026-04-18 13:19:52; 2026-04-18 13:19:52;-91;1; (not associated) ;;;;;;;;;;
26:0F:D2:6B:A0:97; 2026-04-18 13:19:53; 2026-04-18 13:19:53;-88;1; (not associated) ;ROSTELECOM_EA46;;;;;;;;;
36:7D:03:2D:A4:6B; 2026-04-18 13:19:53; 2026-04-18 13:19:53;-92;1; (not associated) ;;;;;;;;;;
F2:A8:72:E7:4A:9A; 2026-04-18 13:20:02; 2026-04-18 13:20:02;-93;2; (not associated) ;RZD;Maka;;;;;;;;
9E:BB:10:7E:46:21; 2026-04-18 13:20:04; 2026-04-18 13:20:04;-76;1; (not associated) ;;;;;;;;;;
BA:DA:99:0F:B4:4B; 2026-04-18 13:20:04; 2026-04-18 13:20:04;-76;1; (not associated) ;;;;;;;;;;
A6:9F:46:69:33:58; 2026-04-18 13:20:04; 2026-04-18 13:20:04;-75;1; (not associated) ;;;;;;;;;;
A6:B8:62:C3:B7:67; 2026-04-18 13:20:04; 2026-04-18 13:20:04;-85;2; (not associated) ;;;;;;;;;;
26:91:08:87:2B:EF; 2026-04-18 13:20:05; 2026-04-18 13:20:05;-88;2; (not associated) ;;;;;;;;;;
CA:49:62:DA:AC:6D; 2026-04-18 13:20:05; 2026-04-18 13:20:05;-86;2; (not associated) ;;;;;;;;;;
DA:D2:E9:66:4F:F5; 2026-04-18 13:20:06; 2026-04-18 13:20:06;-76;2; (not associated) ;;;;;;;;;;
B2:FA:DE:3B:4F:05; 2026-04-18 13:20:07; 2026-04-18 13:20:07;-84;2; (not associated) ;;;;;;;;;;
C2:59:BF:84:A5:DF; 2026-04-18 13:20:07; 2026-04-18 13:20:07;-74;2; (not associated) ;;;;;;;;;;
1E:2F:ED:A3:CC:24; 2026-04-18 13:20:16; 2026-04-18 13:20:16;-86;1; (not associated) ;;;;;;;;;;
66:A7:94:64:5D:29; 2026-04-18 13:20:18; 2026-04-18 13:20:18;-86;4; (not associated) ;Beeline_5G_FF4294;DIR-615_EXT2;;;;;;;;
6E:48:7E:5C:52:75; 2026-04-18 13:20:20; 2026-04-18 13:20:20;-88;2; (not associated) ;;;;;;;;;;
8A:76:71:AF:1F:16; 2026-04-18 13:20:20; 2026-04-18 13:20:20;-24;10; (not associated) ;Beeline_5G_FF4294;DIR-615_EXT2;;;;;;;;
BE:71:4E:C3:19:09; 2026-04-18 13:20:22; 2026-04-18 13:20:22;-62;2; (not associated) ;;;;;;;;;;
96:10:B1:BF:88:1D; 2026-04-18 13:20:33; 2026-04-18 13:20:33;-89;2; (not associated) ;AndroidShare_8321;;;;;;;;;
9A:BF:44:90:DD:9B; 2026-04-18 13:20:34; 2026-04-18 13:20:34;-60;2; (not associated) ;;;;;;;;;;
3A:86:09:8A:80:B3; 2026-04-18 13:20:34; 2026-04-18 13:20:34;-64;2; (not associated) ;;;;;;;;;;
3A:60:CE:D9:DB:0D; 2026-04-18 13:20:34; 2026-04-18 13:20:34;-64;2; (not associated) ;;;;;;;;;;
D6:3F:E7:2D:FD:1B; 2026-04-18 13:20:34; 2026-04-18 13:20:34;-83;2; (not associated) ;;;;;;;;;;
3E:A5:EA:85:12:C5; 2026-04-18 13:20:34; 2026-04-18 13:20:34;-83;1; (not associated) ;;;;;;;;;;
26:B0:74:94:73:DC; 2026-04-18 13:20:34; 2026-04-18 13:20:34;-58;1; (not associated) ;;;;;;;;;;
06:4F:16:D3:F3:62; 2026-04-18 13:20:34; 2026-04-18 13:20:34;-94;1; (not associated) ;ROSTELECOM_EA46;;;;;;;;;
AA:35:FE:B6:9E:3B; 2026-04-18 13:20:34; 2026-04-18 13:20:34;-83;1; (not associated) ;ROSTELECOM_EA46;;;;;;;;;
A6:0F:33:58:96:5E; 2026-04-18 13:20:34; 2026-04-18 13:20:34;-86;1; (not associated) ;;;;;;;;;;
7A:1F:31:31:8A:6E; 2026-04-18 13:20:35; 2026-04-18 13:20:35;-55;1; (not associated) ;;;;;;;;;;
7A:FB:7A:52:4B:23; 2026-04-18 13:20:36; 2026-04-18 13:20:36;-56;2; (not associated) ;;;;;;;;;;
C6:9C:2F:F5:95:E5; 2026-04-18 13:20:36; 2026-04-18 13:20:36;-63;1; (not associated) ;;;;;;;;;;
2A:EA:02:EA:5F:88; 2026-04-18 13:20:36; 2026-04-18 13:20:36;-63;2; (not associated) ;;;;;;;;;;
C6:EF:8C:20:3D:21; 2026-04-18 13:20:36; 2026-04-18 13:20:36;-64;1; (not associated) ;;;;;;;;;;
C6:C6:EC:39:F8:1B; 2026-04-18 13:20:36; 2026-04-18 13:20:36;-93;1; (not associated) ;;;;;;;;;;
D6:B9:AF:05:D7:19; 2026-04-18 13:20:36; 2026-04-18 13:20:36;-85;1; (not associated) ;;;;;;;;;;
46:2E:C8:4F:C4:14; 2026-04-18 13:20:37; 2026-04-18 13:20:37;-65;2; (not associated) ;;;;;;;;;;
4E:7B:97:84:38:6F; 2026-04-18 13:20:37; 2026-04-18 13:20:37;-18;5; (not associated) ;Beeline_5G_FF4294;DIR-615_EXT2;;;;;;;;
2A:AF:A3:60:4A:9F; 2026-04-18 13:20:38; 2026-04-18 13:20:38;-89;2; (not associated) ;;;;;;;;;;
F2:9A:AA:A6:DC:5E; 2026-04-18 13:20:38; 2026-04-18 13:20:38;-86;3; (not associated) ;;;;;;;;;;
32:73:6A:B7:F3:5F; 2026-04-18 13:20:39; 2026-04-18 13:20:39;-76;2; (not associated) ;;;;;;;;;;
C2:46:58:A8:18:8D; 2026-04-18 13:20:40; 2026-04-18 13:20:40;-89;2; (not associated) ;;;;;;;;;;
9E:48:F8:D2:60:8C; 2026-04-18 13:20:43; 2026-04-18 13:20:43;-70;2; (not associated) ;;;;;;;;;;
96:0E:DF:4F:AA:51; 2026-04-18 13:20:47; 2026-04-18 13:20:47;-89;3; (not associated) ;;;;;;;;;;
C2:EF:1E:E1:C3:30; 2026-04-18 13:20:47; 2026-04-18 13:20:47;-74;2; (not associated) ;Oleg;;;;;;;;;
76:9E:D6:57:D7:7A; 2026-04-18 13:20:49; 2026-04-18 13:20:49;-67;1; (not associated) ;;;;;;;;;;
3A:3C:B5:52:F1:03; 2026-04-18 13:20:49; 2026-04-18 13:20:49;-70;1; (not associated) ;;;;;;;;;;
CE:4D:90:FA:55:DA; 2026-04-18 13:20:49; 2026-04-18 13:20:49;-90;1; (not associated) ;WeGym;;;;;;;;;
AE:B8:75:08:BC:64; 2026-04-18 13:20:49; 2026-04-18 13:20:50;-77;2; (not associated) ;;;;;;;;;;
4A:A4:82:D8:EF:16; 2026-04-18 13:20:50; 2026-04-18 13:20:50;-77;2; (not associated) ;;;;;;;;;;
C2:FF:D0:AA:AC:5F; 2026-04-18 13:20:50; 2026-04-18 13:20:50;-82;2; (not associated) ;;;;;;;;;;
A2:6B:8A:B5:1D:78; 2026-04-18 13:20:51; 2026-04-18 13:20:51;-88;2; (not associated) ;;;;;;;;;;
42:AE:7F:C5:C6:E5; 2026-04-18 13:20:52; 2026-04-18 13:20:52;-90;3; (not associated) ;rujana;;;;;;;;;
72:49:E4:7F:E1:52; 2026-04-18 13:20:53; 2026-04-18 13:20:53;-80;2; (not associated) ;AndroidShare_8321;;;;;;;;;
B6:34:08:53:90:67; 2026-04-18 13:20:53; 2026-04-18 13:20:53;-87;2; (not associated) ;ROSTELECOM_EA46;;;;;;;;;
02:A6:75:2E:50:CA; 2026-04-18 13:20:53; 2026-04-18 13:20:53;-92;2; (not associated) ;;;;;;;;;;
0A:49:33:73:E9:A8; 2026-04-18 13:20:55; 2026-04-18 13:20:56;-89;18; C4:14:3C:FB:B7:4E;;;;;;;;;;
22:44:97:07:90:13; 2026-04-18 13:20:55; 2026-04-18 13:20:55;-91;2; (not associated) ;;;;;;;;;;
2A:9F:78:0B:82:50; 2026-04-18 13:20:56; 2026-04-18 13:20:56;-89;2; (not associated) ;;;;;;;;;;
5E:39:45:87:A9:5B; 2026-04-18 13:20:57; 2026-04-18 13:20:57;-18;15; (not associated) ;Beeline_5G_FF4294;DIR-615_EXT2;;;;;;;;
FE:17:29:1A:B4:1D; 2026-04-18 13:20:58; 2026-04-18 13:20:58;-90;2; (not associated) ;;;;;;;;;;
B2:21:E5:9B:F6:7D; 2026-04-18 13:21:00; 2026-04-18 13:21:00;-84;2; (not associated) ;;;;;;;;;;
26:95:7E:3A:3B:53; 2026-04-18 13:21:03; 2026-04-18 13:21:03;-65;2; (not associated) ;;;;;;;;;;
6E:66:B4:F5:06:AD; 2026-04-18 13:21:04; 2026-04-18 13:21:04;-86;2; (not associated) ;;;;;;;;;;
8A:CF:6B:39:BE:94; 2026-04-18 13:21:05; 2026-04-18 13:21:05;-89;1; (not associated) ;;;;;;;;;;
BA:C6:19:D0:E6:72; 2026-04-18 13:21:07; 2026-04-18 13:21:07;-56;1; (not associated) ;;;;;;;;;;
F2:8F:CC:1A:17:72; 2026-04-18 13:21:07; 2026-04-18 13:21:07;-89;1; (not associated) ;;;;;;;;;;
7E:04:62:B5:DE:0A; 2026-04-18 13:21:07; 2026-04-18 13:21:07;-54;1; (not associated) ;;;;;;;;;;
BE:03:A4:C5:EF:7A; 2026-04-18 13:21:07; 2026-04-18 13:21:07;-64;2; (not associated) ;;;;;;;;;;
36:F9:77:F2:A1:2F; 2026-04-18 13:21:07; 2026-04-18 13:21:07;-58;1; (not associated) ;;;;;;;;;;
36:BE:6A:E7:2F:0B; 2026-04-18 13:21:07; 2026-04-18 13:21:07;-53;1; (not associated) ;;;;;;;;;;
92:98:00:BD:40:F2; 2026-04-18 13:21:07; 2026-04-18 13:21:07;-54;1; (not associated) ;;;;;;;;;;
1A:C1:0C:26:13:67; 2026-04-18 13:21:07; 2026-04-18 13:21:07;-54;1; (not associated) ;;;;;;;;;;
1A:D3:7B:EB:11:2B; 2026-04-18 13:21:08; 2026-04-18 13:21:08;-63;1; (not associated) ;;;;;;;;;;
DA:1A:6E:67:8C:C8; 2026-04-18 13:21:08; 2026-04-18 13:21:08;-62;1; (not associated) ;;;;;;;;;;
FA:FE:B2:D9:4B:6C; 2026-04-18 13:21:08; 2026-04-18 13:21:08;-66;2; (not associated) ;;;;;;;;;;
6E:93:34:C5:FB:0C; 2026-04-18 13:21:08; 2026-04-18 13:21:08;-70;2; (not associated) ;;;;;;;;;;
6A:38:9E:35:54:E7; 2026-04-18 13:21:09; 2026-04-18 13:21:09;-89;2; (not associated) ;;;;;;;;;;
72:18:89:D9:77:FB; 2026-04-18 13:21:09; 2026-04-18 13:21:09;-75;2; (not associated) ;;;;;;;;;;
D2:CE:C0:53:4A:CC; 2026-04-18 13:21:09; 2026-04-18 13:21:09;-80;2; (not associated) ;;;;;;;;;;
2A:58:23:41:BB:64; 2026-04-18 13:21:15; 2026-04-18 13:21:15;-91;3; (not associated) ;;;;;;;;;;
F6:DD:E0:51:DC:02; 2026-04-18 13:21:15; 2026-04-18 13:21:15;-92;1; (not associated) ;;;;;;;;;;
DA:B4:6B:56:46:38; 2026-04-18 13:21:18; 2026-04-18 13:21:18;-27;6; (not associated) ;Beeline_5G_FF4294;DIR-615_EXT2;;;;;;;;
F6:1D:65:0C:B2:40; 2026-04-18 13:21:20; 2026-04-18 13:21:21;-44;7; (not associated) ;;;;;;;;;;
6E:8D:F7:FC:AF:17; 2026-04-18 13:21:21; 2026-04-18 13:21:21;-73;2; (not associated) ;;;;;;;;;;
02:0C:5E:11:60:02; 2026-04-18 13:21:21; 2026-04-18 13:21:21;-85;1; (not associated) ;;;;;;;;;;
4A:46:7F:61:66:6E; 2026-04-18 13:21:22; 2026-04-18 13:21:22;-88;1; (not associated) ;WSR72020;;;;;;;;;
AA:E8:C5:20:3C:78; 2026-04-18 13:21:22; 2026-04-18 13:21:22;-69;2; (not associated) ;;;;;;;;;;
9E:3E:FB:4B:E2:34; 2026-04-18 13:21:22; 2026-04-18 13:22:57;-81;31; 00:25:00:FF:94:73;;;;;;;;;;
66:B1:4E:95:84:D8; 2026-04-18 13:21:23; 2026-04-18 13:21:23;-86;2; (not associated) ;;;;;;;;;;
DA:A1:19:22:F5:69; 2026-04-18 13:21:23; 2026-04-18 13:23:10;-76;4; (not associated) ;;;;;;;;;;
06:D8:B9:81:A3:B9; 2026-04-18 13:21:24; 2026-04-18 13:21:24;-92;1; (not associated) ;;;;;;;;;;
2A:B3:79:35:D3:E2; 2026-04-18 13:21:24; 2026-04-18 13:21:24;-92;1; (not associated) ;;;;;;;;;;
32:B1:6D:02:44:1F; 2026-04-18 13:21:25; 2026-04-18 13:21:25;-92;2; (not associated) ;;;;;;;;;;
9A:78:FE:39:4C:10; 2026-04-18 13:21:25; 2026-04-18 13:21:25;-78;2; (not associated) ;;;;;;;;;;
F2:0E:CD:BE:BF:CF; 2026-04-18 13:21:26; 2026-04-18 13:21:26;-79;2; (not associated) ;;;;;;;;;;
22:82:CF:12:6F:1A; 2026-04-18 13:21:30; 2026-04-18 13:21:30;-89;2; (not associated) ;;;;;;;;;;
F2:CA:1A:01:26:D5; 2026-04-18 13:21:32; 2026-04-18 13:21:33;-92;2; (not associated) ;;;;;;;;;;
76:B5:87:7E:C2:70; 2026-04-18 13:21:33; 2026-04-18 13:21:33;-88;2; (not associated) ;;;;;;;;;;
BA:6D:9C:33:E6:5D; 2026-04-18 13:21:33; 2026-04-18 13:21:33;-89;2; (not associated) ;;;;;;;;;;
DA:A1:19:68:CA:37; 2026-04-18 13:21:34; 2026-04-18 13:23:05;-68;12; (not associated) ;;;;;;;;;;
DE:36:A3:C9:79:DD; 2026-04-18 13:21:35; 2026-04-18 13:21:35;-92;2; (not associated) ;;;;;;;;;;
B2:EF:DA:D4:36:D4; 2026-04-18 13:21:35; 2026-04-18 13:21:35;-28;8; (not associated) ;Beeline_5G_FF4294;DIR-615_EXT2;;;;;;;;
76:CC:42:40:20:D0; 2026-04-18 13:21:35; 2026-04-18 13:21:35;-75;1; (not associated) ;;;;;;;;;;
E6:ED:04:62:9E:CF; 2026-04-18 13:21:37; 2026-04-18 13:21:37;-89;1; (not associated) ;;;;;;;;;;
B2:B1:97:78:16:D1; 2026-04-18 13:21:37; 2026-04-18 13:21:38;-57;8; (not associated) ;Oleq;Oleg;;;;;;;;
1A:C5:E3:7C:44:BF; 2026-04-18 13:21:39; 2026-04-18 13:21:39;-84;2; (not associated) ;;;;;;;;;;
7E:C1:72:3A:CE:70; 2026-04-18 13:21:39; 2026-04-18 13:21:39;-91;2; (not associated) ;;;;;;;;;;
EE:27:50:6B:07:7C; 2026-04-18 13:21:40; 2026-04-18 13:21:40;-91;1; (not associated) ;;;;;;;;;;
36:B3:44:28:AA:43; 2026-04-18 13:21:40; 2026-04-18 13:21:40;-82;1; (not associated) ;;;;;;;;;;
9E:4C:7B:25:C1:53; 2026-04-18 13:21:40; 2026-04-18 13:21:40;-90;2; (not associated) ;;;;;;;;;;
D2:CE:C0:C9:85:42; 2026-04-18 13:21:41; 2026-04-18 13:21:41;-77;4; (not associated) ;;;;;;;;;;
3E:58:80:30:AD:F4; 2026-04-18 13:21:42; 2026-04-18 13:22:43;-88;19; C4:14:3C:FB:C6:EE;MT_FREE;;;;;;;;;
A6:05:8F:B0:B0:DB; 2026-04-18 13:21:42; 2026-04-18 13:21:42;-92;2; (not associated) ;;;;;;;;;;
EA:9F:13:CB:D9:8B; 2026-04-18 13:21:42; 2026-04-18 13:21:42;-61;2; (not associated) ;;;;;;;;;;
82:D6:BD:FC:7A:D2; 2026-04-18 13:21:44; 2026-04-18 13:21:44;-87;2; (not associated) ;;;;;;;;;;
8E:90:00:DA:EC:20; 2026-04-18 13:21:44; 2026-04-18 13:21:44;-92;2; (not associated) ;;;;;;;;;;
0A:07:4B:C6:B2:2B; 2026-04-18 13:21:47; 2026-04-18 13:21:47;-84;3; (not associated) ;;;;;;;;;;
E2:4A:F3:02:2E:47; 2026-04-18 13:21:48; 2026-04-18 13:21:48;-75;1; (not associated) ;;;;;;;;;;
6E:4D:30:40:36:93; 2026-04-18 13:21:48; 2026-04-18 13:21:48;-75;1; (not associated) ;;;;;;;;;;
52:95:30:A9:B7:6E; 2026-04-18 13:21:48; 2026-04-18 13:21:48;-78;4; (not associated) ;;;;;;;;;;
AA:EB:45:96:EC:1E; 2026-04-18 13:21:48; 2026-04-18 13:21:49;-48;21; (not associated) ;Oleg;Oleq;;;;;;;;
12:B3:8A:8C:2E:A8; 2026-04-18 13:21:50; 2026-04-18 13:21:50;-62;1; (not associated) ;;;;;;;;;;
8E:4D:B0:33:92:DC; 2026-04-18 13:21:50; 2026-04-18 13:21:50;-63;1; (not associated) ;;;;;;;;;;
0E:AB:65:D6:68:99; 2026-04-18 13:21:50; 2026-04-18 13:21:50;-63;1; (not associated) ;;;;;;;;;;
CA:30:0F:D4:BB:BC; 2026-04-18 13:21:50; 2026-04-18 13:21:50;-64;1; (not associated) ;;;;;;;;;;
22:0E:A1:0A:99:62; 2026-04-18 13:21:51; 2026-04-18 13:21:51;-82;2; (not associated) ;;;;;;;;;;
EA:5E:94:23:3F:28; 2026-04-18 13:21:53; 2026-04-18 13:21:53;-76;6; (not associated) ;;;;;;;;;;
3A:C6:3D:AA:4F:91; 2026-04-18 13:21:54; 2026-04-18 13:21:54;-75;2; (not associated) ;;;;;;;;;;
B2:46:66:C3:88:85; 2026-04-18 13:21:54; 2026-04-18 13:21:54;-80;2; (not associated) ;;;;;;;;;;
CE:FA:B1:9F:D4:16; 2026-04-18 13:21:55; 2026-04-18 13:21:55;-29;3; (not associated) ;Beeline_5G_FF4294;DIR-615_EXT2;;;;;;;;
CA:B3:4A:53:2B:BC; 2026-04-18 13:21:55; 2026-04-18 13:21:56;-91;3; (not associated) ;;;;;;;;;;
B2:40:28:32:B2:67; 2026-04-18 13:21:56; 2026-04-18 13:21:56;-80;2; (not associated) ;;;;;;;;;;
00:F1:CA:81:21:54; 2026-04-18 13:22:01; 2026-04-18 13:23:03;-73;31; 41:36:5A:FC:F8:D5;;;;;;;;;;
96:DA:FB:77:19:68; 2026-04-18 13:22:02; 2026-04-18 13:22:02;-87;2; (not associated) ;;;;;;;;;;
A2:C7:0A:04:2A:88; 2026-04-18 13:22:03; 2026-04-18 13:22:03;-65;2; (not associated) ;;;;;;;;;;
9E:25:E5:D1:C5:D1; 2026-04-18 13:22:03; 2026-04-18 13:22:03;-74;2; (not associated) ;;;;;;;;;;
DA:A1:19:FC:72:F5; 2026-04-18 13:22:04; 2026-04-18 13:23:06;-72;6; (not associated) ;SberBoomMini;;;;;;;;;
62:20:7A:C9:FF:7D; 2026-04-18 13:22:08; 2026-04-18 13:22:08;-64;8; (not associated) ;Oleg;Oleq;;;;;;;;
66:53:29:1D:37:91; 2026-04-18 13:22:09; 2026-04-18 13:22:09;-70;2; (not associated) ;;;;;;;;;;
D2:4F:F8:6F:49:E0; 2026-04-18 13:22:11; 2026-04-18 13:22:11;-80;2; (not associated) ;;;;;;;;;;
0E:B2:20:37:66:BD; 2026-04-18 13:22:11; 2026-04-18 13:22:11;-81;2; (not associated) ;;;;;;;;;;
B6:5B:1E:71:9E:33; 2026-04-18 13:22:18; 2026-04-18 13:22:18;-88;1; (not associated) ;;;;;;;;;;
00:F1:CA:81:20:DE; 2026-04-18 13:22:18; 2026-04-18 13:23:20;-88;29; 41:36:5A:FC:F8:D5;;;;;;;;;;
D2:CE:C0:8C:10:C7; 2026-04-18 13:22:19; 2026-04-18 13:22:19;-86;2; (not associated) ;;;;;;;;;;
3E:1D:78:41:C2:8A; 2026-04-18 13:22:19; 2026-04-18 13:25:10;-84;17; (not associated) ;;;;;;;;;;
66:08:F6:B4:D3:15; 2026-04-18 13:22:19; 2026-04-18 13:22:54;-85;3; (not associated) ;;;;;;;;;;
B2:0F:C1:CB:01:0D; 2026-04-18 13:22:20; 2026-04-18 13:22:20;-92;1; (not associated) ;;;;;;;;;;
42:9F:4B:62:9A:72; 2026-04-18 13:22:20; 2026-04-18 13:22:20;-60;4; (not associated) ;;;;;;;;;;
52:12:DB:14:0B:B8; 2026-04-18 13:22:20; 2026-04-18 13:22:28;-78;200; C4:14:3C:FB:C9:0E;MT_FREE;;;;;;;;;
76:22:DE:7F:6D:FA; 2026-04-18 13:22:21; 2026-04-18 13:22:21;-79;4; (not associated) ;;;;;;;;;;
A6:C1:0D:91:2E:09; 2026-04-18 13:22:21; 2026-04-18 13:22:21;-72;2; (not associated) ;;;;;;;;;;
B2:F5:D9:AD:54:E1; 2026-04-18 13:22:22; 2026-04-18 13:22:22;-68;1; (not associated) ;;;;;;;;;;
EA:34:7E:B7:E7:35; 2026-04-18 13:22:22; 2026-04-18 13:22:22;-63;2; (not associated) ;;;;;;;;;;
9E:72:D1:6B:95:5E; 2026-04-18 13:22:24; 2026-04-18 13:22:24;-88;1; (not associated) ;;;;;;;;;;
32:B8:83:C2:E8:B5; 2026-04-18 13:22:24; 2026-04-18 13:22:41;-75;13; 00:25:00:FF:94:73;;;;;;;;;;
0E:95:8E:E1:10:BB; 2026-04-18 13:22:24; 2026-04-18 13:22:56;-80;105; C4:14:3C:FB:C6:EE;MT_FREE; MT_FREE;AndroidShare_9090;Bogdanov;MTE.FREE;Perekrestok_Free;;;;
36:75:2D:F7:0C:65; 2026-04-18 13:22:24; 2026-04-18 13:22:24;-70;1; (not associated) ;;;;;;;;;;
AE:66:4A:8E:0D:35; 2026-04-18 13:22:25; 2026-04-18 13:22:25;-84;2; (not associated) ;;;;;;;;;;
56:B6:F2:51:52:5D; 2026-04-18 13:22:25; 2026-04-18 13:22:25;-92;3; (not associated) ;;;;;;;;;;
DE:2D:F1:7C:A3:F6; 2026-04-18 13:22:25; 2026-04-18 13:22:25;-88;2; (not associated) ;4G-MIFI-8E4;Apollinaria;;;;;;;;
12:F9:60:2A:C3:6B; 2026-04-18 13:22:25; 2026-04-18 13:22:25;-89;1; (not associated) ;;;;;;;;;;
92:42:C0:F9:BF:0C; 2026-04-18 13:22:25; 2026-04-18 13:22:25;-88;1; (not associated) ;;;;;;;;;;
1E:18:CD:11:88:CF; 2026-04-18 13:22:25; 2026-04-18 13:22:25;-88;2; (not associated) ;;;;;;;;;;
B6:3B:EF:D8:1A:B2; 2026-04-18 13:22:25; 2026-04-18 13:22:25;-81;2; (not associated) ;;;;;;;;;;
E2:13:1C:CA:B1:00; 2026-04-18 13:22:25; 2026-04-18 13:22:25;-92;1; (not associated) ;;;;;;;;;;
EA:8F:4A:4E:E7:87; 2026-04-18 13:22:25; 2026-04-18 13:22:40;-80;31; C4:14:3C:FB:B6:6E;MT_FREE;;;;;;;;;
36:DE:33:7B:56:F9; 2026-04-18 13:22:25; 2026-04-18 13:22:41;-70;10; 00:25:00:FF:94:73;;;;;;;;;;
66:74:AF:80:DC:06; 2026-04-18 13:22:25; 2026-04-18 13:22:25;-83;1; 6C:99:89:0D:C3:2E;;;;;;;;;;
66:95:27:05:F4:D7; 2026-04-18 13:22:25; 2026-04-18 13:22:25;-73;2; (not associated) ;Keenetic-8767;;;;;;;;;
3A:28:D5:6E:14:29; 2026-04-18 13:22:26; 2026-04-18 13:22:26;-69;2; (not associated) ;;;;;;;;;;
0E:5C:49:55:4C:9E; 2026-04-18 13:22:26; 2026-04-18 13:22:26;-90;1; (not associated) ;;;;;;;;;;
EA:A3:16:F3:2A:3B; 2026-04-18 13:22:26; 2026-04-18 13:22:26;-65;2; (not associated) ;;;;;;;;;;
3E:E0:48:5D:DB:8D; 2026-04-18 13:22:26; 2026-04-18 13:22:26;-61;2; (not associated) ;;;;;;;;;;
82:58:00:8D:0C:D6; 2026-04-18 13:22:27; 2026-04-18 13:22:27;-83;2; (not associated) ;;;;;;;;;;
8A:36:22:E9:AE:1D; 2026-04-18 13:22:27; 2026-04-18 13:22:27;-67;1; (not associated) ;;;;;;;;;;
82:F2:BD:AD:9D:03; 2026-04-18 13:22:27; 2026-04-18 13:22:27;-82;2; (not associated) ;;;;;;;;;;
1E:6F:1E:F7:3B:F5; 2026-04-18 13:22:27; 2026-04-18 13:22:27;-89;1; (not associated) ;;;;;;;;;;
9E:5E:A3:7B:4E:EF; 2026-04-18 13:22:28; 2026-04-18 13:22:43;-89;9; C4:14:3C:FB:C6:EE;;;;;;;;;;
E8:5A:8B:B6:D9:79; 2026-04-18 13:22:29; 2026-04-18 13:22:56;-81;5; (not associated) ;iPhone ;;;;;;;;;
2A:BD:97:F8:31:25; 2026-04-18 13:22:29; 2026-04-18 13:22:29;-87;2; (not associated) ;;;;;;;;;;
D6:58:4B:0C:00:66; 2026-04-18 13:22:30; 2026-04-18 13:22:30;-63;2; (not associated) ;;;;;;;;;;
CE:73:B2:CB:80:C2; 2026-04-18 13:22:31; 2026-04-18 13:22:31;-71;2; (not associated) ;;;;;;;;;;
00:F1:CA:81:23:3D; 2026-04-18 13:22:32; 2026-04-18 13:37:55;-88;362; 41:36:5A:FC:F8:D5;;;;;;;;;;
7E:47:4C:37:8E:FD; 2026-04-18 13:22:32; 2026-04-18 13:22:32;-75;2; (not associated) ;;;;;;;;;;
D2:2D:A6:12:C5:F5; 2026-04-18 13:22:33; 2026-04-18 13:22:33;-79;2; (not associated) ;;;;;;;;;;
42:35:57:C4:8E:D2; 2026-04-18 13:22:34; 2026-04-18 13:22:34;-89;2; (not associated) ;;;;;;;;;;
0A:11:7E:58:EF:F7; 2026-04-18 13:22:34; 2026-04-18 13:22:34;-92;1; (not associated) ;;;;;;;;;;
86:15:AC:48:94:2C; 2026-04-18 13:22:35; 2026-04-18 13:22:35;-92;1; (not associated) ;;;;;;;;;;
0A:63:E8:59:1C:14; 2026-04-18 13:22:35; 2026-04-18 13:22:35;-74;1; (not associated) ;;;;;;;;;;
96:D7:4F:83:AD:DA; 2026-04-18 13:22:35; 2026-04-18 13:22:35;-77;2; (not associated) ;;;;;;;;;;
FA:77:EB:7B:14:CF; 2026-04-18 13:22:35; 2026-04-18 13:22:35;-84;1; (not associated) ;;;;;;;;;;
72:75:34:F4:C1:32; 2026-04-18 13:22:35; 2026-04-18 13:22:35;-91;1; (not associated) ;;;;;;;;;;
86:09:0C:C5:14:40; 2026-04-18 13:22:36; 2026-04-18 13:22:36;-89;2; (not associated) ;;;;;;;;;;
42:79:C5:FE:AC:C1; 2026-04-18 13:22:36; 2026-04-18 13:22:36;-92;1; (not associated) ;;;;;;;;;;
BE:E7:69:74:F4:B0; 2026-04-18 13:22:36; 2026-04-18 13:22:36;-89;2; (not associated) ;;;;;;;;;;
8E:85:FC:EF:47:4F; 2026-04-18 13:22:36; 2026-04-18 13:22:37;-86;14; (not associated) ;.;Dom;Lock;Resul;dddssss;TENDA00;Yyy;;;
8E:A5:C6:40:83:1F; 2026-04-18 13:22:37; 2026-04-18 13:22:55;-1;3; 2A:69:3C:D6:2E:15;;;;;;;;;;
3A:AD:D1:42:17:AE; 2026-04-18 13:22:37; 2026-04-18 13:22:39;-65;4; 2A:69:3C:D6:2E:15;;;;;;;;;;
CA:93:8D:DA:9D:1A; 2026-04-18 13:22:37; 2026-04-18 13:22:37;-86;2; (not associated) ;;;;;;;;;;
62:95:13:50:99:F3; 2026-04-18 13:22:37; 2026-04-18 13:22:37;-83;2; (not associated) ;;;;;;;;;;
8E:9A:FB:DF:44:9E; 2026-04-18 13:22:38; 2026-04-18 13:22:38;-86;1; (not associated) ;;;;;;;;;;
CA:72:C5:36:69:2C; 2026-04-18 13:22:39; 2026-04-18 13:22:39;-88;1; (not associated) ;;;;;;;;;;
BA:E9:96:F0:85:27; 2026-04-18 13:22:39; 2026-04-18 13:22:39;-73;1; (not associated) ;;;;;;;;;;
9A:DD:4E:6F:33:B1; 2026-04-18 13:22:39; 2026-04-18 13:22:39;-85;1; (not associated) ;;;;;;;;;;
96:29:E5:77:D6:2A; 2026-04-18 13:22:39; 2026-04-18 13:22:39;-66;1; (not associated) ;;;;;;;;;;
02:64:3C:60:FE:EB; 2026-04-18 13:22:39; 2026-04-18 13:22:39;-83;1; (not associated) ;;;;;;;;;;
EA:36:DB:77:98:E5; 2026-04-18 13:22:39; 2026-04-18 13:22:39;-75;2; (not associated) ;;;;;;;;;;
B6:1C:C5:F5:F0:A0; 2026-04-18 13:22:39; 2026-04-18 13:22:40;-65;5; (not associated) ;;;;;;;;;;
3A:76:B1:C5:18:86; 2026-04-18 13:22:40; 2026-04-18 13:22:40;-65;2; (not associated) ;;;;;;;;;;
A2:6F:16:D9:26:DD; 2026-04-18 13:22:40; 2026-04-18 13:22:52;-82;50; C4:14:3C:FB:B6:61;MT_FREE;;;;;;;;;
B6:21:18:00:BF:EA; 2026-04-18 13:22:40; 2026-04-18 13:22:40;-84;1; (not associated) ;;;;;;;;;;
46:9B:17:6C:16:13; 2026-04-18 13:22:40; 2026-04-18 13:22:40;-86;3; (not associated) ;;;;;;;;;;
D2:C4:CA:B6:73:49; 2026-04-18 13:22:40; 2026-04-18 13:22:40;-88;2; (not associated) ;;;;;;;;;;
EE:31:A6:80:0C:64; 2026-04-18 13:22:41; 2026-04-18 13:22:41;-86;8; 6C:99:89:0D:FC:FE;;;;;;;;;;
36:79:0C:A4:63:2E; 2026-04-18 13:22:41; 2026-04-18 13:22:41;-85;1; 00:25:00:FF:94:73;;;;;;;;;;
EE:91:9B:9B:1C:2C; 2026-04-18 13:22:41; 2026-04-18 13:22:41;-91;1; (not associated) ;;;;;;;;;;
C6:52:2B:2A:E2:C0; 2026-04-18 13:22:41; 2026-04-18 13:22:41;-89;1; (not associated) ;;;;;;;;;;
92:0A:CD:A0:4A:BE; 2026-04-18 13:22:41; 2026-04-18 13:22:41;-82;3; A6:C6:7B:9B:27:79;;;;;;;;;;
FA:2D:A1:A4:21:C0; 2026-04-18 13:22:41; 2026-04-18 13:22:41;-88;1; 6C:99:89:0D:FC:FE;;;;;;;;;;
DA:A1:19:AB:D8:74; 2026-04-18 13:22:41; 2026-04-18 13:22:41;-89;2; (not associated) ;;;;;;;;;;
1E:57:9C:5B:47:E0; 2026-04-18 13:22:41; 2026-04-18 13:22:41;-91;1; (not associated) ;;;;;;;;;;
8A:6C:64:4A:BE:D9; 2026-04-18 13:22:41; 2026-04-18 13:22:41;-84;2; (not associated) ;;;;;;;;;;
FE:09:33:D8:EA:60; 2026-04-18 13:22:41; 2026-04-18 13:22:41;-89;2; (not associated) ;;;;;;;;;;
CA:2B:58:16:5C:C1; 2026-04-18 13:22:42; 2026-04-18 13:22:42;-91;2; (not associated) ;;;;;;;;;;
6E:59:54:64:3B:02; 2026-04-18 13:22:42; 2026-04-18 13:22:42;-89;2; (not associated) ;;;;;;;;;;
FE:AE:36:EB:7B:92; 2026-04-18 13:22:42; 2026-04-18 13:22:42;-86;2; (not associated) ;;;;;;;;;;
BE:7C:A0:7F:E2:33; 2026-04-18 13:22:42; 2026-04-18 13:22:42;-89;2; (not associated) ;;;;;;;;;;
9A:58:01:A3:DA:B3; 2026-04-18 13:22:42; 2026-04-18 13:22:42;-80;2; (not associated) ;;;;;;;;;;
DA:1B:F3:75:DD:83; 2026-04-18 13:22:43; 2026-04-18 13:22:43;-86;2; (not associated) ;;;;;;;;;;
82:80:C0:9C:24:9C; 2026-04-18 13:22:44; 2026-04-18 13:22:44;-85;7; (not associated) ;2030new;MGTS_GPON_He2C;NNN3N15 2281;Redmi Note 13 Pro;TP-Link_EEDC03;RZD;;;;
F6:5F:E7:F2:EE:63; 2026-04-18 13:22:44; 2026-04-18 13:22:44;-89;10; (not associated) ;HUAWEI P30;RT-WiFi_40D0;Rzaev;TP-LINK_27EE;;;;;;
A6:22:00:BF:3A:D8; 2026-04-18 13:22:47; 2026-04-18 13:22:47;-80;2; (not associated) ;;;;;;;;;;
FA:36:B5:D6:23:A1; 2026-04-18 13:22:48; 2026-04-18 13:22:48;-92;1; (not associated) ;;;;;;;;;;
12:75:41:39:CC:27; 2026-04-18 13:22:48; 2026-04-18 13:22:48;-91;1; (not associated) ;;;;;;;;;;
9A:66:72:47:EB:8A; 2026-04-18 13:22:49; 2026-04-18 13:22:49;-89;2; (not associated) ;;;;;;;;;;
A2:0F:64:E5:FB:CC; 2026-04-18 13:22:49; 2026-04-18 13:22:49;-90;2; (not associated) ;;;;;;;;;;
F2:16:0D:7C:D7:47; 2026-04-18 13:22:49; 2026-04-18 13:22:49;-80;1; (not associated) ;;;;;;;;;;
9A:41:10:80:DD:01; 2026-04-18 13:22:49; 2026-04-18 13:22:49;-92;1; (not associated) ;;;;;;;;;;
16:26:58:74:93:86; 2026-04-18 13:22:49; 2026-04-18 13:22:49;-79;2; (not associated) ;;;;;;;;;;
EA:5F:B4:A4:BB:36; 2026-04-18 13:22:50; 2026-04-18 13:22:50;-81;2; (not associated) ;;;;;;;;;;
F6:8C:40:49:EE:1E; 2026-04-18 13:22:50; 2026-04-18 13:22:50;-75;1; (not associated) ;;;;;;;;;;
8A:04:29:25:18:4C; 2026-04-18 13:22:50; 2026-04-18 13:22:50;-56;1; (not associated) ;;;;;;;;;;
62:6D:6B:D4:EE:09; 2026-04-18 13:22:50; 2026-04-18 13:22:50;-79;2; (not associated) ;;;;;;;;;;
8A:CF:80:56:63:8D; 2026-04-18 13:22:50; 2026-04-18 13:22:50;-84;1; (not associated) ;;;;;;;;;;
8A:76:09:F7:19:DC; 2026-04-18 13:22:50; 2026-04-18 13:22:50;-83;2; (not associated) ;;;;;;;;;;
0E:53:89:2F:1A:23; 2026-04-18 13:22:50; 2026-04-18 13:22:50;-92;2; (not associated) ;;;;;;;;;;
EE:1A:51:FB:EB:6B; 2026-04-18 13:22:50; 2026-04-18 13:22:50;-60;2; (not associated) ;;;;;;;;;;
CE:9F:AB:82:B7:FE; 2026-04-18 13:22:51; 2026-04-18 13:22:51;-89;1; (not associated) ;;;;;;;;;;
2A:81:BF:7A:D7:98; 2026-04-18 13:22:51; 2026-04-18 13:22:51;-92;1; (not associated) ;;;;;;;;;;
56:7B:13:11:95:24; 2026-04-18 13:22:51; 2026-04-18 13:22:51;-89;2; (not associated) ;;;;;;;;;;
0A:23:1D:E3:67:9C; 2026-04-18 13:22:51; 2026-04-18 13:22:51;-71;2; (not associated) ;;;;;;;;;;
D6:A0:43:0A:B2:73; 2026-04-18 13:22:51; 2026-04-18 13:22:51;-77;2; (not associated) ;;;;;;;;;;
6E:04:FF:8F:CE:DC; 2026-04-18 13:22:52; 2026-04-18 13:22:52;-73;4; (not associated) ;;;;;;;;;;
DE:0B:8A:5D:98:03; 2026-04-18 13:22:52; 2026-04-18 13:22:52;-58;1; (not associated) ;;;;;;;;;;
6A:66:69:9F:2A:8F; 2026-04-18 13:22:52; 2026-04-18 13:22:52;-68;1; (not associated) ;;;;;;;;;;
86:38:88:1C:86:1E; 2026-04-18 13:22:52; 2026-04-18 13:22:52;-68;2; (not associated) ;;;;;;;;;;
06:21:42:87:4F:B6; 2026-04-18 13:22:52; 2026-04-18 13:22:52;-77;2; (not associated) ;;;;;;;;;;
9E:B8:43:B3:B4:21; 2026-04-18 13:22:53; 2026-04-18 13:22:53;-83;1; (not associated) ;;;;;;;;;;
26:82:04:6A:C3:98; 2026-04-18 13:22:53; 2026-04-18 13:22:53;-87;1; (not associated) ;;;;;;;;;;
32:EF:08:4E:01:00; 2026-04-18 13:22:55; 2026-04-18 13:22:55;-86;2; (not associated) ;;;;;;;;;;
9A:C4:BD:F1:E9:FA; 2026-04-18 13:22:55; 2026-04-18 13:22:55;-88;2; (not associated) ;;;;;;;;;;
EE:29:E2:D5:67:B0; 2026-04-18 13:22:55; 2026-04-18 13:22:55;-91;1; C4:14:3C:FB:B6:6E;;;;;;;;;;
36:5C:03:9D:9A:33; 2026-04-18 13:22:55; 2026-04-18 13:22:55;-89;2; (not associated) ;;;;;;;;;;
EE:31:A6:3F:0D:2D; 2026-04-18 13:22:56; 2026-04-18 13:22:56;-91;1; (not associated) ;MT_FREE;;;;;;;;;
A6:46:A0:A3:D7:53; 2026-04-18 13:22:56; 2026-04-18 13:22:56;-91;1; (not associated) ;;;;;;;;;;
16:96:C6:6A:3F:EB; 2026-04-18 13:22:56; 2026-04-18 13:22:56;-91;2; (not associated) ;;;;;;;;;;
FA:B2:0A:C2:F3:30; 2026-04-18 13:22:56; 2026-04-18 13:22:56;-88;2; (not associated) ;;;;;;;;;;
D6:E1:A5:5F:80:33; 2026-04-18 13:22:56; 2026-04-18 13:22:56;-80;2; D6:F4:C4:96:7D:1F;;;;;;;;;;
CA:42:E1:47:45:B4; 2026-04-18 13:22:56; 2026-04-18 13:22:57;-86;2; (not associated) ;;;;;;;;;;
56:9F:B9:56:6D:47; 2026-04-18 13:22:57; 2026-04-18 13:22:57;-80;2; (not associated) ;;;;;;;;;;
E6:F4:4A:0B:C9:92; 2026-04-18 13:22:57; 2026-04-18 13:22:57;-82;7; (not associated) ;;;;;;;;;;
BE:F9:0B:D2:C7:67; 2026-04-18 13:22:57; 2026-04-18 13:22:57;-67;2; (not associated) ;;;;;;;;;;
9A:47:D6:66:B3:63; 2026-04-18 13:22:57; 2026-04-18 13:22:57;-90;1; (not associated) ;;;;;;;;;;
AA:1A:0B:C8:66:B0; 2026-04-18 13:22:57; 2026-04-18 13:22:57;-85;2; (not associated) ;;;;;;;;;;
8A:47:94:7F:B5:02; 2026-04-18 13:22:57; 2026-04-18 13:22:57;-78;2; (not associated) ;;;;;;;;;;
72:77:2B:02:09:F4; 2026-04-18 13:22:57; 2026-04-18 13:22:57;-87;2; (not associated) ;;;;;;;;;;
16:38:17:48:14:D6; 2026-04-18 13:22:57; 2026-04-18 13:22:57;-84;2; (not associated) ;;;;;;;;;;
82:96:50:77:85:99; 2026-04-18 13:22:57; 2026-04-18 13:22:57;-78;12; (not associated) ; MT_FREE;AndroidShare_9090;Bogdanov;MTE.FREE;Perekrestok_Free;;;;;
0E:D0:9B:80:D2:09; 2026-04-18 13:22:57; 2026-04-18 13:22:57;-75;2; (not associated) ;;;;;;;;;;
42:DA:7A:F9:13:F8; 2026-04-18 13:22:58; 2026-04-18 13:22:58;-82;2; (not associated) ;;;;;;;;;;
6A:66:A4:F8:C5:A1; 2026-04-18 13:22:58; 2026-04-18 13:22:58;-74;1; (not associated) ;;;;;;;;;;
2A:F4:D6:D7:20:BA; 2026-04-18 13:22:58; 2026-04-18 13:22:58;-78;1; (not associated) ;;;;;;;;;;
F6:29:25:E1:11:C3; 2026-04-18 13:22:58; 2026-04-18 13:22:58;-89;1; C4:14:3C:FB:C9:0E;;;;;;;;;;
DE:D1:B0:0F:B1:72; 2026-04-18 13:22:59; 2026-04-18 13:22:59;-81;2; (not associated) ;;;;;;;;;;
8E:D6:66:F2:F5:71; 2026-04-18 13:22:59; 2026-04-18 13:22:59;-84;4; (not associated) ;Tavria.Media;;;;;;;;;
D6:C9:79:B6:20:1D; 2026-04-18 13:22:59; 2026-04-18 13:22:59;-83;1; (not associated) ;;;;;;;;;;
DA:A1:19:8D:26:99; 2026-04-18 13:23:00; 2026-04-18 13:23:00;-58;1; (not associated) ;;;;;;;;;;
72:29:6E:C0:F6:C6; 2026-04-18 13:23:01; 2026-04-18 13:23:01;-60;1; (not associated) ;;;;;;;;;;
F6:6F:C8:A5:C7:D6; 2026-04-18 13:23:01; 2026-04-18 13:23:01;-87;4; (not associated) ;;;;;;;;;;
AA:FF:4F:88:CF:F7; 2026-04-18 13:23:02; 2026-04-18 13:23:02;-57;1; (not associated) ;;;;;;;;;;
A6:B6:A2:B0:BA:B0; 2026-04-18 13:23:03; 2026-04-18 13:23:03;-62;2; (not associated) ;;;;;;;;;;
1A:85:3A:20:32:2F; 2026-04-18 13:23:04; 2026-04-18 13:23:04;-81;2; (not associated) ;;;;;;;;;;
06:AA:97:40:B6:79; 2026-04-18 13:23:04; 2026-04-18 13:23:04;-86;2; (not associated) ;;;;;;;;;;
16:5D:85:CC:F4:C9; 2026-04-18 13:23:04; 2026-04-18 13:23:04;-63;2; (not associated) ;;;;;;;;;;
2A:37:F8:DD:7A:6E; 2026-04-18 13:23:05; 2026-04-18 13:23:05;-82;7; (not associated) ;2030new;MGTS_GPON_He2C;NNN3N15 2281;Redmi Note 13 Pro;TP-Link_EEDC03;RZD;;;;
9A:3C:38:57:69:EC; 2026-04-18 13:23:05; 2026-04-18 13:23:05;-93;1; (not associated) ;;;;;;;;;;
12:A3:9B:A6:6C:8E; 2026-04-18 13:23:05; 2026-04-18 13:23:05;-89;2; (not associated) ;;;;;;;;;;
D2:5D:4A:3B:DF:AB; 2026-04-18 13:23:05; 2026-04-18 13:23:13;-88;19; 6C:99:89:0D:C4:9E;MT_FREE;;;;;;;;;
1E:43:CF:4A:45:30; 2026-04-18 13:23:05; 2026-04-18 13:23:05;-58;2; (not associated) ;;;;;;;;;;
CA:52:0D:A7:F7:41; 2026-04-18 13:23:06; 2026-04-18 13:23:06;-80;8; (not associated) ;4G-MIFI-8E4;Apollinaria;Gitis Teatr;MERCUSYS_CA14;Tenda_5C9C90_5G;MT_FREE;DOM.RU Wi-Fi;;;
E6:4A:64:10:95:02; 2026-04-18 13:23:06; 2026-04-18 13:23:06;-64;2; (not associated) ;;;;;;;;;;
52:F6:AD:64:D2:19; 2026-04-18 13:23:07; 2026-04-18 13:23:07;-91;2; (not associated) ;;;;;;;;;;
C6:F2:AD:20:ED:83; 2026-04-18 13:23:07; 2026-04-18 13:23:07;-64;2; (not associated) ;;;;;;;;;;
16:59:02:D3:45:3C; 2026-04-18 13:23:07; 2026-04-18 13:23:07;-86;1; (not associated) ;;;;;;;;;;
2A:4B:DF:45:44:C4; 2026-04-18 13:23:08; 2026-04-18 13:23:08;-81;2; (not associated) ;;;;;;;;;;
F6:3C:7F:06:F5:CA; 2026-04-18 13:23:08; 2026-04-18 13:23:08;-76;1; (not associated) ;;;;;;;;;;
4A:24:58:64:D5:CA; 2026-04-18 13:23:08; 2026-04-18 13:23:08;-65;2; (not associated) ;;;;;;;;;;
6E:F6:15:93:86:4F; 2026-04-18 13:23:08; 2026-04-18 13:23:08;-86;1; (not associated) ;;;;;;;;;;
26:4A:FC:02:B9:E6; 2026-04-18 13:23:09; 2026-04-18 13:23:09;-79;1; (not associated) ;;;;;;;;;;
32:BF:39:5C:11:70; 2026-04-18 13:23:09; 2026-04-18 13:23:09;-62;1; (not associated) ;;;;;;;;;;
1E:1B:06:FA:53:C6; 2026-04-18 13:23:09; 2026-04-18 13:23:09;-65;5; (not associated) ;;;;;;;;;;
46:64:D9:6C:0D:2E; 2026-04-18 13:23:09; 2026-04-18 13:23:09;-74;2; (not associated) ;;;;;;;;;;
E8:AB:CD:D2:68:91; 2026-04-18 13:23:09; 2026-04-18 13:23:09;-79;1; (not associated) ;;;;;;;;;;
AA:01:86:20:33:10; 2026-04-18 13:23:10; 2026-04-18 13:23:10;-67;6; (not associated) ;;;;;;;;;;
06:34:8A:08:5C:9F; 2026-04-18 13:23:10; 2026-04-18 13:23:10;-76;1; (not associated) ;;;;;;;;;;
46:B9:F5:00:06:58; 2026-04-18 13:23:10; 2026-04-18 13:23:10;-87;1; (not associated) ;;;;;;;;;;
3E:49:43:6E:2B:F8; 2026-04-18 13:23:10; 2026-04-18 13:23:10;-82;2; (not associated) ;;;;;;;;;;
86:37:85:48:A4:7A; 2026-04-18 13:23:10; 2026-04-18 13:23:10;-89;1; (not associated) ;;;;;;;;;;
26:0E:93:EF:7A:FC; 2026-04-18 13:23:11; 2026-04-18 13:23:11;-86;2; (not associated) ;RT-5GPON-AEE1;;;;;;;;;
CA:4F:17:DD:93:87; 2026-04-18 13:23:11; 2026-04-18 13:23:11;-88;2; (not associated) ;;;;;;;;;;
E8:88:43:3D:A2:10; 2026-04-18 13:23:11; 2026-04-18 13:26:13;-64;7; (not associated) ;;;;;;;;;;
D2:6E:C6:33:91:EE; 2026-04-18 13:23:12; 2026-04-18 13:23:12;-73;2; (not associated) ;;;;;;;;;;
56:14:EE:D5:EA:94; 2026-04-18 13:23:12; 2026-04-18 13:23:12;-89;1; (not associated) ;;;;;;;;;;
EA:D1:4E:84:9B:DD; 2026-04-18 13:23:13; 2026-04-18 13:23:13;-89;2; (not associated) ;;;;;;;;;;
FE:42:12:AC:31:0F; 2026-04-18 13:23:13; 2026-04-18 13:23:13;-68;2; (not associated) ;;;;;;;;;;
12:97:6C:DD:0F:D9; 2026-04-18 13:23:14; 2026-04-18 13:23:14;-56;2; (not associated) ;;;;;;;;;;
1E:44:DB:A9:06:A8; 2026-04-18 13:23:14; 2026-04-18 13:23:14;-64;10; (not associated) ;HUAWEI P30;RT-WiFi_40D0;Rzaev;TP-LINK_27EE;;;;;;
6A:BC:FA:AD:7C:EC; 2026-04-18 13:23:18; 2026-04-18 13:23:18;-78;2; (not associated) ;;;;;;;;;;
00:F1:CA:81:25:2B; 2026-04-18 13:23:20; 2026-04-18 13:24:22;-90;30; 41:36:5A:FC:F8:D5;;;;;;;;;;
1E:D0:7F:0C:11:B4; 2026-04-18 13:23:20; 2026-04-18 13:23:20;-95;2; (not associated) ;;;;;;;;;;
16:54:5C:F7:46:82; 2026-04-18 13:23:20; 2026-04-18 13:23:20;-91;2; (not associated) ;;;;;;;;;;
DA:A1:19:3C:6D:13; 2026-04-18 13:23:20; 2026-04-18 13:23:20;-92;1; (not associated) ;;;;;;;;;;
C2:E8:DD:2C:3C:B8; 2026-04-18 13:23:21; 2026-04-18 13:26:09;-71;4; (not associated) ;;;;;;;;;;
86:10:03:A2:C8:C4; 2026-04-18 13:23:21; 2026-04-18 13:23:21;-93;2; (not associated) ;;;;;;;;;;
E6:E4:D3:CB:77:64; 2026-04-18 13:23:21; 2026-04-18 13:23:21;-87;3; (not associated) ;;;;;;;;;;
12:11:17:9A:90:32; 2026-04-18 13:23:22; 2026-04-18 13:23:22;-90;2; (not associated) ;;;;;;;;;;
72:DD:B0:44:D5:25; 2026-04-18 13:23:22; 2026-04-18 13:23:22;-68;2; (not associated) ;;;;;;;;;;
36:60:A1:28:54:D8; 2026-04-18 13:23:22; 2026-04-18 13:23:22;-92;2; (not associated) ;;;;;;;;;;
BA:F8:38:85:F9:9C; 2026-04-18 13:23:22; 2026-04-18 13:23:22;-61;5; (not associated) ;HUAWEI P30;Rzaev;TP-LINK_27EE;;;;;;;
A6:56:D6:C1:FF:0E; 2026-04-18 13:23:23; 2026-04-18 13:23:23;-49;5; (not associated) ;Beeline_5G_FF4294;DIR-615_EXT2;;;;;;;;
BA:EC:F4:2B:FD:60; 2026-04-18 13:23:23; 2026-04-18 13:23:23;-64;4; (not associated) ;;;;;;;;;;
3E:F5:AF:B0:7A:1C; 2026-04-18 13:23:23; 2026-04-18 13:23:23;-79;2; (not associated) ;;;;;;;;;;
F2:58:B9:DA:1C:35; 2026-04-18 13:23:24; 2026-04-18 13:23:24;-86;1; (not associated) ;;;;;;;;;;
5E:E7:56:A6:6F:17; 2026-04-18 13:23:25; 2026-04-18 13:23:25;-87;1; (not associated) ;;;;;;;;;;
5E:A4:45:61:3D:04; 2026-04-18 13:23:25; 2026-04-18 13:23:25;-69;1; (not associated) ;;;;;;;;;;
16:10:75:31:F2:1B; 2026-04-18 13:23:25; 2026-04-18 13:23:25;-77;5; (not associated) ;;;;;;;;;;
02:6E:68:41:C5:D2; 2026-04-18 13:23:26; 2026-04-18 13:23:26;-85;1; (not associated) ;;;;;;;;;;
8E:E8:42:89:62:01; 2026-04-18 13:23:26; 2026-04-18 13:23:26;-82;2; (not associated) ;;;;;;;;;;
22:6E:C1:55:BF:4E; 2026-04-18 13:23:26; 2026-04-18 13:23:26;-76;2; (not associated) ;;;;;;;;;;
CE:19:B9:9E:9D:2C; 2026-04-18 13:23:27; 2026-04-18 13:23:27;-73;2; (not associated) ;;;;;;;;;;
2E:5F:B5:C7:C3:D8; 2026-04-18 13:23:27; 2026-04-18 13:23:27;-70;3; (not associated) ;;;;;;;;;;
7E:27:43:C8:60:12; 2026-04-18 13:23:27; 2026-04-18 13:23:28;-83;6; (not associated) ;;;;;;;;;;
6E:E6:DF:13:70:47; 2026-04-18 13:23:27; 2026-04-18 13:23:27;-92;1; (not associated) ;;;;;;;;;;
16:70:EE:D4:26:CA; 2026-04-18 13:23:28; 2026-04-18 13:23:28;-89;1; (not associated) ;;;;;;;;;;
62:8F:35:F8:1E:F0; 2026-04-18 13:23:28; 2026-04-18 13:23:28;-91;1; (not associated) ;;;;;;;;;;
06:C7:DE:1D:67:76; 2026-04-18 13:23:31; 2026-04-18 13:23:31;-81;2; (not associated) ;;;;;;;;;;
72:54:1B:D9:FF:A0; 2026-04-18 13:23:31; 2026-04-18 13:23:31;-82;2; (not associated) ;;;;;;;;;;
2A:1A:BF:8D:73:16; 2026-04-18 13:23:31; 2026-04-18 13:23:31;-89;2; (not associated) ;;;;;;;;;;
7E:8D:E3:04:F2:75; 2026-04-18 13:23:32; 2026-04-18 13:23:32;-67;4; (not associated) ;;;;;;;;;;
3A:1F:F3:22:B2:3B; 2026-04-18 13:23:36; 2026-04-18 13:23:36;-83;2; (not associated) ;;;;;;;;;;
D6:BD:A4:75:76:0B; 2026-04-18 13:23:36; 2026-04-18 13:23:36;-87;1; (not associated) ;;;;;;;;;;
32:17:2F:7A:DD:0E; 2026-04-18 13:23:36; 2026-04-18 13:23:36;-93;1; (not associated) ;;;;;;;;;;
E2:2E:DC:17:59:8D; 2026-04-18 13:23:36; 2026-04-18 13:23:36;-83;1; (not associated) ;;;;;;;;;;
DA:65:1C:CD:51:AA; 2026-04-18 13:23:37; 2026-04-18 13:23:37;-91;6; (not associated) ;;;;;;;;;;
76:94:D1:0E:A7:A3; 2026-04-18 13:23:37; 2026-04-18 13:23:37;-91;1; (not associated) ;;;;;;;;;;
CE:39:71:2E:A7:15; 2026-04-18 13:23:37; 2026-04-18 13:23:37;-63;4; (not associated) ;;;;;;;;;;
C6:60:FE:C1:34:31; 2026-04-18 13:23:38; 2026-04-18 13:23:38;-84;2; (not associated) ;;;;;;;;;;
B2:EF:3B:95:69:E8; 2026-04-18 13:23:38; 2026-04-18 13:23:38;-76;1; (not associated) ;;;;;;;;;;
BE:3B:87:36:46:4F; 2026-04-18 13:23:38; 2026-04-18 13:23:38;-69;4; (not associated) ;;;;;;;;;;
06:D3:64:BE:01:39; 2026-04-18 13:23:38; 2026-04-18 13:23:38;-78;2; (not associated) ;;;;;;;;;;
B6:EC:00:06:5A:EC; 2026-04-18 13:23:39; 2026-04-18 13:23:39;-83;3; (not associated) ;TP-Link_8F7D_5G;;;;;;;;;
12:B0:82:3D:EB:BC; 2026-04-18 13:23:39; 2026-04-18 13:23:44;-78;3; (not associated) ;;;;;;;;;;
CE:95:E3:AB:85:CF; 2026-04-18 13:23:40; 2026-04-18 13:23:40;-73;1; (not associated) ;;;;;;;;;;
7A:35:3A:DC:7C:8C; 2026-04-18 13:23:41; 2026-04-18 13:23:41;-83;2; (not associated) ;;;;;;;;;;
9A:58:19:28:66:44; 2026-04-18 13:23:41; 2026-04-18 13:24:12;-81;39; 58:0A:20:09:A6:2E;;;;;;;;;;
E2:7C:B6:6B:66:19; 2026-04-18 13:23:41; 2026-04-18 13:24:12;-87;4; 58:0A:20:09:A6:2E;;;;;;;;;;
7E:0C:0E:D9:EF:7C; 2026-04-18 13:23:42; 2026-04-18 13:23:42;-92;1; (not associated) ;;;;;;;;;;
9E:40:0F:EC:0F:8A; 2026-04-18 13:23:42; 2026-04-18 13:23:42;-89;2; (not associated) ;;;;;;;;;;
EA:CE:17:CC:98:02; 2026-04-18 13:23:42; 2026-04-18 13:23:42;-83;2; (not associated) ;;;;;;;;;;
C6:BF:A6:72:77:1C; 2026-04-18 13:23:42; 2026-04-18 13:23:42;-92;2; (not associated) ;;;;;;;;;;
22:A5:B3:D0:BB:AD; 2026-04-18 13:23:43; 2026-04-18 13:23:43;-71;2; (not associated) ;;;;;;;;;;
7E:83:26:84:29:4E; 2026-04-18 13:23:43; 2026-04-18 13:23:43;-72;2; (not associated) ;;;;;;;;;;
BE:81:F8:19:61:CD; 2026-04-18 13:23:43; 2026-04-18 13:23:43;-52;6; (not associated) ;Beeline_5G_FF4294;DIR-615_EXT2;;;;;;;;
B2:D1:E3:50:8B:CF; 2026-04-18 13:23:43; 2026-04-18 13:23:43;-89;3; (not associated) ;;;;;;;;;;
06:AC:F8:9B:C9:97; 2026-04-18 13:23:43; 2026-04-18 13:23:43;-86;2; (not associated) ;;;;;;;;;;
2A:CB:7A:56:51:B8; 2026-04-18 13:23:43; 2026-04-18 13:23:43;-88;2; (not associated) ;;;;;;;;;;
B6:71:B7:BF:46:C5; 2026-04-18 13:23:43; 2026-04-18 13:23:43;-89;2; (not associated) ;;;;;;;;;;
2A:20:AF:E5:CA:84; 2026-04-18 13:23:44; 2026-04-18 13:23:44;-61;2; (not associated) ;;;;;;;;;;
DA:A1:19:FB:D5:31; 2026-04-18 13:23:45; 2026-04-18 13:23:45;-84;1; (not associated) ;;;;;;;;;;
16:82:D2:9B:3E:92; 2026-04-18 13:23:45; 2026-04-18 13:23:45;-60;10; (not associated) ;HUAWEI P30;RT-WiFi_40D0;Rzaev;TP-LINK_27EE;;;;;;
8E:5D:DA:0C:8F:36; 2026-04-18 13:23:46; 2026-04-18 13:23:46;-89;1; (not associated) ;;;;;;;;;;
2A:B3:05:E6:7A:C2; 2026-04-18 13:23:47; 2026-04-18 13:23:47;-71;2; (not associated) ;;;;;;;;;;
C6:AC:89:82:D7:D9; 2026-04-18 13:23:47; 2026-04-18 13:23:47;-87;19; (not associated) ;MGTS_GPON_6D10;Transkomplekt-5GHz;5G_MegaFon_FR1000-C92C;Keenetic-6645;MTS_GPON5_2F05;TP-Link_2832;HUAWEI_B535_65DF;TP-Link_51BE;Keenetic-1269;
DA:A1:19:79:FB:CD; 2026-04-18 13:23:48; 2026-04-18 13:23:48;-84;1; (not associated) ;;;;;;;;;;
A2:74:11:EC:C5:7C; 2026-04-18 13:23:50; 2026-04-18 13:23:50;-63;2; (not associated) ;;;;;;;;;;
36:13:BD:46:D6:E2; 2026-04-18 13:23:50; 2026-04-18 13:23:50;-89;2; (not associated) ;;;;;;;;;;
82:FD:41:D7:C8:16; 2026-04-18 13:23:51; 2026-04-18 13:23:51;-78;10; (not associated) ;HUAWEI P30;RT-WiFi_40D0;Rzaev;TP-LINK_27EE;;;;;;
4E:04:D5:DF:AB:7D; 2026-04-18 13:23:51; 2026-04-18 13:23:51;-90;2; (not associated) ;;;;;;;;;;
36:6C:F1:94:35:D4; 2026-04-18 13:23:51; 2026-04-18 13:23:51;-75;6; (not associated) ;TP-Link_Guest_7016;;;;;;;;;
0E:EF:CF:B5:BD:FE; 2026-04-18 13:23:51; 2026-04-18 13:23:51;-84;13; (not associated) ;slimper13 ;slimper13 _5G;STATUT;;;;;;;
66:6A:B3:E1:43:56; 2026-04-18 13:23:51; 2026-04-18 13:23:51;-92;1; (not associated) ;;;;;;;;;;
7A:A1:5B:2D:72:89; 2026-04-18 13:23:52; 2026-04-18 13:23:52;-88;3; (not associated) ;;;;;;;;;;
FE:6E:36:68:E9:B4; 2026-04-18 13:23:52; 2026-04-18 13:24:16;-82;7; 58:0A:20:68:0E:AE;MT_FREE;;;;;;;;;
02:00:00:00:00:00; 2026-04-18 13:23:52; 2026-04-18 13:36:27;-75;45; (not associated) ;;;;;;;;;;
A2:BD:7D:B5:1E:3A; 2026-04-18 13:23:52; 2026-04-18 13:24:13;-73;5; (not associated) ;;;;;;;;;;
BA:2D:0D:6F:21:AD; 2026-04-18 13:23:52; 2026-04-18 13:23:52;-64;4; (not associated) ;MT_FREE;;;;;;;;;
8E:BA:23:53:4A:BA; 2026-04-18 13:23:52; 2026-04-18 13:23:52;-71;3; (not associated) ;;;;;;;;;;
66:33:2E:DC:D8:1C; 2026-04-18 13:23:53; 2026-04-18 13:23:53;-84;2; (not associated) ;;;;;;;;;;
A6:3E:19:95:42:E9; 2026-04-18 13:23:53; 2026-04-18 13:23:53;-77;2; (not associated) ;;;;;;;;;;
9A:72:1F:E5:1A:53; 2026-04-18 13:23:53; 2026-04-18 13:23:54;-67;2; (not associated) ;;;;;;;;;;
B2:F3:19:6C:C6:9F; 2026-04-18 13:23:54; 2026-04-18 13:23:54;-65;5; (not associated) ;mzastava;;;;;;;;;
CA:36:40:DA:28:90; 2026-04-18 13:23:54; 2026-04-18 13:23:54;-78;2; (not associated) ;;;;;;;;;;
E2:3A:35:8B:3A:77; 2026-04-18 13:23:55; 2026-04-18 13:24:12;-68;544; 58:0A:20:09:A6:2E;MT_FREE;;;;;;;;;
52:17:71:05:4A:65; 2026-04-18 13:23:56; 2026-04-18 13:23:57;-78;5; (not associated) ;;;;;;;;;;
0E:34:19:50:4C:A1; 2026-04-18 13:23:56; 2026-04-18 13:23:56;-85;1; (not associated) ;;;;;;;;;;
BA:2F:98:0C:18:FB; 2026-04-18 13:23:57; 2026-04-18 13:24:12;-85;3; 58:0A:20:09:A6:2E;;;;;;;;;;
F2:76:83:AB:26:FB; 2026-04-18 13:23:57; 2026-04-18 13:23:57;-70;1; (not associated) ;;;;;;;;;;
E2:A1:8E:C3:03:33; 2026-04-18 13:23:57; 2026-04-18 13:23:57;-78;1; (not associated) ;;;;;;;;;;
2E:31:FB:16:D3:36; 2026-04-18 13:23:57; 2026-04-18 13:23:57;-78;1; (not associated) ;;;;;;;;;;
6A:F9:72:92:3D:55; 2026-04-18 13:23:57; 2026-04-18 13:23:57;-83;2; (not associated) ;;;;;;;;;;
5A:4A:3E:F6:BE:F4; 2026-04-18 13:23:57; 2026-04-18 13:23:57;-74;2; (not associated) ;;;;;;;;;;
BE:29:77:F7:BB:31; 2026-04-18 13:23:57; 2026-04-18 13:23:57;-89;2; (not associated) ;;;;;;;;;;
2A:9C:20:72:04:62; 2026-04-18 13:23:58; 2026-04-18 13:23:58;-69;4; (not associated) ;;;;;;;;;;
A6:26:D5:83:5A:60; 2026-04-18 13:23:58; 2026-04-18 13:23:58;-83;2; (not associated) ;;;;;;;;;;
AE:22:6B:D2:CA:70; 2026-04-18 13:23:58; 2026-04-18 13:23:58;-84;3; 00:25:00:FF:94:73;;;;;;;;;;
66:D3:B4:55:2B:80; 2026-04-18 13:23:58; 2026-04-18 13:23:58;-91;3; (not associated) ;;;;;;;;;;
66:55:C5:4E:C5:EA; 2026-04-18 13:23:58; 2026-04-18 13:23:58;-76;18; (not associated) ;slimper13 ;slimper13 _5G;STATUT;Zephyr;;;;;;
46:64:1E:05:B3:3C; 2026-04-18 13:23:58; 2026-04-18 13:23:58;-87;5; (not associated) ;;;;;;;;;;
5E:9E:DE:82:C1:BD; 2026-04-18 13:23:58; 2026-04-18 13:23:58;-90;1; 00:25:00:FF:94:73;;;;;;;;;;
8E:5F:E8:4D:C8:E3; 2026-04-18 13:23:58; 2026-04-18 13:23:58;-80;2; (not associated) ;;;;;;;;;;
CA:B8:F8:20:CC:0F; 2026-04-18 13:23:58; 2026-04-18 13:23:58;-81;2; (not associated) ;;;;;;;;;;
A2:FC:D6:8D:DA:6B; 2026-04-18 13:23:58; 2026-04-18 13:23:58;-78;4; (not associated) ;;;;;;;;;;
56:6F:53:E8:C4:FC; 2026-04-18 13:23:59; 2026-04-18 13:23:59;-80;2; (not associated) ;;;;;;;;;;
9A:DE:11:82:79:05; 2026-04-18 13:23:59; 2026-04-18 13:23:59;-91;2; (not associated) ;;;;;;;;;;
76:9B:8F:C1:65:56; 2026-04-18 13:23:59; 2026-04-18 13:23:59;-73;2; (not associated) ;;;;;;;;;;
A6:A0:9C:B1:17:7A; 2026-04-18 13:23:59; 2026-04-18 13:23:59;-80;2; (not associated) ;;;;;;;;;;
D2:3A:35:7A:2E:43; 2026-04-18 13:23:59; 2026-04-18 13:23:59;-91;3; (not associated) ;;;;;;;;;;
AA:52:12:16:A2:78; 2026-04-18 13:23:59; 2026-04-18 13:23:59;-87;4; (not associated) ;Redmi 12C;;;;;;;;;
16:2F:BB:55:A1:5C; 2026-04-18 13:23:59; 2026-04-18 13:23:59;-88;2; (not associated) ;;;;;;;;;;
EA:64:6F:E4:16:B5; 2026-04-18 13:24:00; 2026-04-18 13:24:00;-78;2; (not associated) ;;;;;;;;;;
AE:52:6C:51:D4:95; 2026-04-18 13:24:00; 2026-04-18 13:24:00;-77;2; (not associated) ;;;;;;;;;;
8E:E4:DA:6C:A3:7A; 2026-04-18 13:24:00; 2026-04-18 13:24:00;-77;1; (not associated) ;;;;;;;;;;
8E:FC:E7:4A:E0:7E; 2026-04-18 13:24:01; 2026-04-18 13:24:01;-70;4; (not associated) ;TP-Link_8F7D_5G;;;;;;;;;
BE:A8:82:87:94:25; 2026-04-18 13:24:03; 2026-04-18 13:24:03;-92;1; (not associated) ;;;;;;;;;;
46:68:9B:7F:94:DC; 2026-04-18 13:24:03; 2026-04-18 13:24:03;-48;6; (not associated) ;Beeline_5G_FF4294;DIR-615_EXT2;;;;;;;;
46:4A:76:1A:55:1D; 2026-04-18 13:24:04; 2026-04-18 13:24:04;-78;3; (not associated) ;;;;;;;;;;
6E:18:30:AB:5A:A9; 2026-04-18 13:24:04; 2026-04-18 13:24:04;-89;1; (not associated) ;;;;;;;;;;
B2:D6:7F:08:DA:85; 2026-04-18 13:24:05; 2026-04-18 13:24:05;-90;2; (not associated) ;;;;;;;;;;
DA:A1:19:80:6E:71; 2026-04-18 13:24:06; 2026-04-18 13:24:06;-91;1; (not associated) ;;;;;;;;;;
02:59:7B:1A:01:26; 2026-04-18 13:24:06; 2026-04-18 13:24:06;-94;1; (not associated) ;;;;;;;;;;
FE:93:B4:62:65:17; 2026-04-18 13:24:06; 2026-04-18 13:24:06;-73;2; (not associated) ;;;;;;;;;;
F2:F1:D0:47:BB:11; 2026-04-18 13:24:06; 2026-04-18 13:24:06;-93;1; (not associated) ;;;;;;;;;;
5A:20:02:83:6C:A8; 2026-04-18 13:24:06; 2026-04-18 13:24:06;-66;2; (not associated) ;;;;;;;;;;
02:5D:AB:01:E7:9E; 2026-04-18 13:24:06; 2026-04-18 13:24:06;-83;3; (not associated) ;;;;;;;;;;
36:E1:1B:94:BC:61; 2026-04-18 13:24:06; 2026-04-18 13:24:09;-68;7; (not associated) ;;;;;;;;;;
AE:68:47:EC:14:87; 2026-04-18 13:24:06; 2026-04-18 13:24:06;-91;1; (not associated) ;;;;;;;;;;
46:96:11:A5:59:44; 2026-04-18 13:24:07; 2026-04-18 13:24:07;-89;1; (not associated) ;;;;;;;;;;
AE:88:7D:C9:02:8B; 2026-04-18 13:24:07; 2026-04-18 13:24:07;-90;1; (not associated) ;;;;;;;;;;
02:BF:B4:BF:2E:F1; 2026-04-18 13:24:07; 2026-04-18 13:24:07;-63;2; (not associated) ;;;;;;;;;;
C6:CD:73:35:35:F0; 2026-04-18 13:24:07; 2026-04-18 13:24:07;-80;2; (not associated) ;;;;;;;;;;
F6:B4:19:88:58:EA; 2026-04-18 13:24:07; 2026-04-18 13:24:07;-91;2; (not associated) ;;;;;;;;;;
C2:D2:1E:3F:26:57; 2026-04-18 13:24:07; 2026-04-18 13:24:07;-84;2; (not associated) ;VladivostoK_6;;;;;;;;;
A6:73:FD:8C:AD:8B; 2026-04-18 13:24:07; 2026-04-18 13:24:07;-81;2; (not associated) ;;;;;;;;;;
52:83:EB:74:31:3F; 2026-04-18 13:24:08; 2026-04-18 13:24:08;-92;2; (not associated) ;VladivostoK_6;;;;;;;;;
D6:73:20:8B:11:36; 2026-04-18 13:24:08; 2026-04-18 13:24:08;-89;1; (not associated) ;;;;;;;;;;
46:99:C1:6D:15:32; 2026-04-18 13:24:08; 2026-04-18 13:24:08;-89;17; (not associated) ;MGTS_GPON_6D10;Transkomplekt-5GHz;5G_MegaFon_FR1000-C92C;Keenetic-6645;MTS_GPON5_2F05;TP-Link_2832;HUAWEI_B535_65DF;TP-Link_51BE;Keenetic-1269;
C6:D7:79:54:CF:DC; 2026-04-18 13:24:08; 2026-04-18 13:24:08;-91;2; (not associated) ;;;;;;;;;;
AE:63:14:22:D6:CD; 2026-04-18 13:24:08; 2026-04-18 13:24:08;-71;2; (not associated) ;;;;;;;;;;
DE:FA:56:CE:3F:36; 2026-04-18 13:24:08; 2026-04-18 13:24:08;-80;2; (not associated) ;;;;;;;;;;
1A:8B:B5:5F:35:FD; 2026-04-18 13:24:08; 2026-04-18 13:24:08;-87;2; (not associated) ;;;;;;;;;;
CE:6A:B3:05:F3:54; 2026-04-18 13:24:08; 2026-04-18 13:24:08;-86;2; (not associated) ;;;;;;;;;;
C6:03:DA:C6:D5:7B; 2026-04-18 13:24:09; 2026-04-18 13:24:09;-70;1; (not associated) ;;;;;;;;;;
6A:A9:95:E1:D7:93; 2026-04-18 13:24:10; 2026-04-18 13:24:10;-72;1; (not associated) ;;;;;;;;;;
A6:FC:B5:DC:0D:C9; 2026-04-18 13:24:10; 2026-04-18 13:24:10;-70;1; (not associated) ;;;;;;;;;;
5A:B2:A8:44:40:8F; 2026-04-18 13:24:10; 2026-04-18 13:24:10;-64;1; (not associated) ;;;;;;;;;;
DA:C7:5B:58:FA:A3; 2026-04-18 13:24:10; 2026-04-18 13:24:10;-71;1; (not associated) ;;;;;;;;;;
FA:8D:0A:B3:5B:0D; 2026-04-18 13:24:10; 2026-04-18 13:24:10;-67;1; (not associated) ;;;;;;;;;;
36:D6:0F:E7:62:AE; 2026-04-18 13:24:11; 2026-04-18 13:24:11;-71;10; (not associated) ;HUAWEI P30;RT-WiFi_40D0;Rzaev;TP-LINK_27EE;;;;;;
2E:CA:D7:E3:DE:DD; 2026-04-18 13:24:11; 2026-04-18 13:24:11;-88;5; (not associated) ;Moscow_WiFi_Free;home340;Albatros Palace;EastPoint;HONOR 400 Pro;;;;;
92:BF:50:7F:AF:A1; 2026-04-18 13:24:12; 2026-04-18 13:24:12;-77;1; (not associated) ;MT_FREE;;;;;;;;;
46:74:F4:6E:22:16; 2026-04-18 13:24:12; 2026-04-18 13:24:12;-82;2; (not associated) ;;;;;;;;;;
CE:BA:F3:51:A5:8C; 2026-04-18 13:24:12; 2026-04-18 13:24:12;-87;2; (not associated) ;;;;;;;;;;
B6:D6:02:88:BF:0C; 2026-04-18 13:24:12; 2026-04-18 13:24:12;-77;2; (not associated) ;;;;;;;;;;
DA:2F:C1:59:7B:D4; 2026-04-18 13:24:12; 2026-04-18 13:24:12;-86;2; (not associated) ;;;;;;;;;;
C2:02:7C:23:E9:0C; 2026-04-18 13:24:13; 2026-04-18 13:24:13;-91;1; (not associated) ;;;;;;;;;;
52:9E:72:53:47:5F; 2026-04-18 13:24:13; 2026-04-18 13:24:13;-86;1; (not associated) ;;;;;;;;;;
7A:E2:D4:10:E5:A6; 2026-04-18 13:24:13; 2026-04-18 13:24:13;-74;8; (not associated) ;valid for 1Hors;;;;;;;;;
52:16:43:0C:AE:F4; 2026-04-18 13:24:13; 2026-04-18 13:24:13;-78;3; (not associated) ;;;;;;;;;;
42:35:9C:DE:9E:DB; 2026-04-18 13:24:13; 2026-04-18 13:24:13;-91;1; (not associated) ;;;;;;;;;;
3A:40:25:A0:F9:98; 2026-04-18 13:24:13; 2026-04-18 13:24:13;-81;22; (not associated) ;slimper13 ;slimper13 _5G;STATUT;Zephyr;;;;;;
02:DB:8A:46:96:A2; 2026-04-18 13:24:13; 2026-04-18 13:24:13;-89;1; (not associated) ;;;;;;;;;;
46:91:DB:52:A2:13; 2026-04-18 13:24:13; 2026-04-18 13:24:13;-88;2; (not associated) ;;;;;;;;;;
1E:8D:49:22:16:2F; 2026-04-18 13:24:13; 2026-04-18 13:24:13;-67;6; (not associated) ;123456789;Juice7780;;;;;;;;
3E:5C:A7:24:F3:A3; 2026-04-18 13:24:13; 2026-04-18 13:24:13;-85;2; (not associated) ;;;;;;;;;;
F2:C5:11:57:44:3D; 2026-04-18 13:24:14; 2026-04-18 13:24:14;-73;2; (not associated) ;;;;;;;;;;
9A:91:AB:68:8E:8E; 2026-04-18 13:24:14; 2026-04-18 13:24:14;-93;1; (not associated) ;;;;;;;;;;
FA:0B:CF:D7:0A:E7; 2026-04-18 13:24:14; 2026-04-18 13:24:14;-87;2; (not associated) ;;;;;;;;;;
2A:F9:6F:53:52:52; 2026-04-18 13:24:14; 2026-04-18 13:24:14;-79;13; (not associated) ;HUAWEI P30;RT-WiFi_40D0;Rzaev;TP-LINK_27EE;;;;;;
FA:0E:35:A4:C0:E5; 2026-04-18 13:24:14; 2026-04-18 13:24:14;-83;6; (not associated) ;Redmi 12C;;;;;;;;;
AE:09:5D:98:A4:4D; 2026-04-18 13:24:14; 2026-04-18 13:24:14;-92;7; (not associated) ;103;59102571;12332123;12332132;;;;;;
12:F3:49:7E:51:BF; 2026-04-18 13:24:15; 2026-04-18 13:24:15;-83;2; (not associated) ;;;;;;;;;;
32:B4:B2:3E:C8:09; 2026-04-18 13:24:15; 2026-04-18 13:24:15;-68;2; (not associated) ;;;;;;;;;;
CE:96:BA:CC:0D:66; 2026-04-18 13:24:16; 2026-04-18 13:24:16;-80;3; (not associated) ;;;;;;;;;;
72:2B:C9:A3:23:B1; 2026-04-18 13:24:17; 2026-04-18 13:24:17;-66;2; (not associated) ;;;;;;;;;;
00:F1:CA:81:20:9B; 2026-04-18 13:24:20; 2026-04-18 13:24:35;-71;7; 41:36:5A:FC:F8:D5;;;;;;;;;;
46:00:CC:69:7C:3A; 2026-04-18 13:24:20; 2026-04-18 13:24:20;-92;2; (not associated) ;;;;;;;;;;
1E:12:20:66:0C:9F; 2026-04-18 13:24:21; 2026-04-18 13:24:21;-91;2; (not associated) ;;;;;;;;;;
26:F4:3A:D8:BF:06; 2026-04-18 13:24:22; 2026-04-18 13:24:22;-93;1; (not associated) ;;;;;;;;;;
42:10:A1:DB:E8:6D; 2026-04-18 13:24:22; 2026-04-18 13:24:22;-67;3; (not associated) ;TP-Link_8F7D_5G;;;;;;;;;
EE:7A:C5:AF:D9:C0; 2026-04-18 13:24:22; 2026-04-18 13:24:22;-88;1; (not associated) ;;;;;;;;;;
5E:39:F1:68:9A:DA; 2026-04-18 13:24:22; 2026-04-18 13:24:22;-84;3; (not associated) ;;;;;;;;;;
72:69:0E:C8:FB:85; 2026-04-18 13:24:22; 2026-04-18 13:24:22;-75;2; (not associated) ;;;;;;;;;;
2A:BA:BE:D1:71:48; 2026-04-18 13:24:22; 2026-04-18 13:24:22;-88;2; (not associated) ;;;;;;;;;;
E6:D0:16:87:7E:4F; 2026-04-18 13:24:22; 2026-04-18 13:24:22;-90;3; (not associated) ;;;;;;;;;;
DA:7F:10:F3:3D:F8; 2026-04-18 13:24:23; 2026-04-18 13:24:23;-91;1; (not associated) ;;;;;;;;;;
8E:D4:29:CD:31:CA; 2026-04-18 13:24:23; 2026-04-18 13:24:23;-88;2; (not associated) ;;;;;;;;;;
EA:B1:BB:CA:07:AE; 2026-04-18 13:24:23; 2026-04-18 13:24:23;-92;1; (not associated) ;;;;;;;;;;
76:89:B4:F0:A8:67; 2026-04-18 13:24:23; 2026-04-18 13:24:23;-76;3; (not associated) ;;;;;;;;;;
C2:73:2F:EE:9E:20; 2026-04-18 13:24:23; 2026-04-18 13:24:23;-78;2; (not associated) ;;;;;;;;;;
0A:B5:A6:DA:1C:91; 2026-04-18 13:24:23; 2026-04-18 13:24:23;-69;2; (not associated) ;;;;;;;;;;
3E:AC:B3:12:05:52; 2026-04-18 13:24:24; 2026-04-18 13:24:24;-87;2; (not associated) ;;;;;;;;;;
BA:0D:AC:1E:B7:F4; 2026-04-18 13:24:24; 2026-04-18 13:24:24;-92;1; (not associated) ;Ordzhonikidze;;;;;;;;;
7A:F2:B9:A1:62:D6; 2026-04-18 13:24:24; 2026-04-18 13:24:24;-55;6; (not associated) ;Beeline_5G_FF4294;DIR-615_EXT2;;;;;;;;
6A:DF:4F:FA:71:F5; 2026-04-18 13:24:24; 2026-04-18 13:24:25;-84;3; (not associated) ;;;;;;;;;;
86:A5:DE:7E:68:91; 2026-04-18 13:24:24; 2026-04-18 13:24:31;-53;1432; 6C:99:89:0D:C5:9E;;;;;;;;;;
2A:DE:F8:71:29:9F; 2026-04-18 13:24:25; 2026-04-18 13:24:25;-61;2; (not associated) ;;;;;;;;;;
CE:7F:6F:B9:F4:32; 2026-04-18 13:24:25; 2026-04-18 13:24:25;-76;3; (not associated) ;SSID;;;;;;;;;
E2:3A:35:37:2E:2D; 2026-04-18 13:24:25; 2026-04-18 13:24:25;-67;1; (not associated) ;MT_FREE;;;;;;;;;
7E:3C:C5:76:01:68; 2026-04-18 13:24:25; 2026-04-18 13:24:25;-83;2; (not associated) ;CPE_5D3B;;;;;;;;;
5A:B7:22:FB:5C:30; 2026-04-18 13:24:27; 2026-04-18 13:24:27;-58;610; 58:0A:20:09:A5:91;;;;;;;;;;
2A:42:A1:67:68:E6; 2026-04-18 13:24:27; 2026-04-18 13:24:27;-75;2; (not associated) ;;;;;;;;;;
FE:6D:05:EC:A5:1B; 2026-04-18 13:24:27; 2026-04-18 13:24:27;-84;2; (not associated) ;;;;;;;;;;
D6:C0:76:79:FB:88; 2026-04-18 13:24:27; 2026-04-18 13:24:27;-89;2; (not associated) ;;;;;;;;;;
12:B8:A4:2D:12:CD; 2026-04-18 13:24:28; 2026-04-18 13:25:29;-87;4; (not associated) ;;;;;;;;;;
1A:BF:C6:A7:30:A6; 2026-04-18 13:24:28; 2026-04-18 13:24:28;-63;2; (not associated) ;;;;;;;;;;
20:37:A5:B3:D9:3C; 2026-04-18 13:24:28; 2026-04-18 13:24:28;-92;1; (not associated) ;MT_FREE;;;;;;;;;
16:4A:C1:D2:C0:5F; 2026-04-18 13:24:28; 2026-04-18 13:24:28;-83;2; (not associated) ;;;;;;;;;;
02:5D:8E:04:AB:09; 2026-04-18 13:24:28; 2026-04-18 13:24:28;-81;2; (not associated) ;;;;;;;;;;
22:78:71:34:BB:9F; 2026-04-18 13:24:28; 2026-04-18 13:24:28;-78;2; (not associated) ;;;;;;;;;;
D6:32:C4:07:61:82; 2026-04-18 13:24:29; 2026-04-18 13:24:29;-89;2; (not associated) ;;;;;;;;;;
86:48:E2:20:1E:35; 2026-04-18 13:24:29; 2026-04-18 13:24:29;-90;2; (not associated) ;;;;;;;;;;
52:9A:41:F9:C1:DF; 2026-04-18 13:24:29; 2026-04-18 13:24:29;-77;3; (not associated) ;;;;;;;;;;
8E:2A:AF:63:B2:22; 2026-04-18 13:24:29; 2026-04-18 13:24:29;-73;4; (not associated) ;;;;;;;;;;
AA:70:BE:23:C7:AF; 2026-04-18 13:24:29; 2026-04-18 13:24:29;-76;2; (not associated) ;;;;;;;;;;
66:C5:83:36:B0:7D; 2026-04-18 13:24:29; 2026-04-18 13:24:29;-87;2; (not associated) ;;;;;;;;;;
6E:9D:ED:CF:C2:0C; 2026-04-18 13:24:30; 2026-04-18 13:24:30;-73;2; (not associated) ;;;;;;;;;;
3A:BB:48:4F:9D:9A; 2026-04-18 13:24:30; 2026-04-18 13:24:30;-78;10; (not associated) ;HUAWEI P30;RT-WiFi_40D0;Rzaev;TP-LINK_27EE;;;;;;
02:84:71:37:DC:89; 2026-04-18 13:24:30; 2026-04-18 13:24:30;-77;3; (not associated) ;;;;;;;;;;
7A:A6:BB:7F:78:E0; 2026-04-18 13:24:31; 2026-04-18 13:24:31;-91;2; (not associated) ;;;;;;;;;;
1A:AB:79:E6:63:53; 2026-04-18 13:24:31; 2026-04-18 13:24:31;-89;2; (not associated) ;;;;;;;;;;
FA:BC:3A:66:CB:A5; 2026-04-18 13:24:31; 2026-04-18 13:24:31;-88;1; (not associated) ;;;;;;;;;;
DE:D8:A1:6A:05:B8; 2026-04-18 13:24:33; 2026-04-18 13:24:33;-78;3; (not associated) ;;;;;;;;;;
06:12:35:47:04:DE; 2026-04-18 13:24:35; 2026-04-18 13:24:35;-90;3; (not associated) ;;;;;;;;;;
D6:8A:F3:49:97:E1; 2026-04-18 13:24:37; 2026-04-18 13:24:37;-93;1; (not associated) ;;;;;;;;;;
82:D9:3A:CF:96:60; 2026-04-18 13:24:37; 2026-04-18 13:24:37;-92;1; (not associated) ;;;;;;;;;;
4A:05:21:90:0B:79; 2026-04-18 13:24:37; 2026-04-18 13:24:37;-91;2; (not associated) ;;;;;;;;;;
92:0B:30:F7:67:77; 2026-04-18 13:24:37; 2026-04-18 13:24:37;-76;2; (not associated) ;;;;;;;;;;
3A:F6:DB:7A:C3:15; 2026-04-18 13:24:37; 2026-04-18 13:24:37;-89;2; (not associated) ;;;;;;;;;;
42:B1:BC:AE:CB:0B; 2026-04-18 13:24:37; 2026-04-18 13:24:58;-60;5; (not associated) ;;;;;;;;;;
BA:06:D5:58:75:64; 2026-04-18 13:24:38; 2026-04-18 13:24:38;-89;1; (not associated) ;;;;;;;;;;
2A:D2:61:37:E8:76; 2026-04-18 13:24:38; 2026-04-18 13:24:38;-78;2; (not associated) ;;;;;;;;;;
7A:2B:DE:26:FE:64; 2026-04-18 13:24:38; 2026-04-18 13:24:38;-79;2; (not associated) ;;;;;;;;;;
EE:7A:01:46:BE:18; 2026-04-18 13:24:39; 2026-04-18 13:24:39;-79;2; (not associated) ;;;;;;;;;;
FA:76:E1:93:1D:18; 2026-04-18 13:24:39; 2026-04-18 13:24:39;-93;1; (not associated) ;;;;;;;;;;
6A:52:AE:A4:13:E1; 2026-04-18 13:24:40; 2026-04-18 13:25:16;-82;9; (not associated) ;;;;;;;;;;
5A:36:26:C5:7D:6C; 2026-04-18 13:24:40; 2026-04-18 13:24:40;-77;1; (not associated) ;;;;;;;;;;
F2:E6:C3:EF:1E:EE; 2026-04-18 13:24:41; 2026-04-18 13:24:41;-76;1; (not associated) ;;;;;;;;;;
7E:B6:92:8F:9E:9D; 2026-04-18 13:24:41; 2026-04-18 13:24:41;-83;1; (not associated) ;LuLuExchange-WiFi;;;;;;;;;
E2:EE:FE:00:BD:3B; 2026-04-18 13:24:41; 2026-04-18 13:24:41;-84;2; (not associated) ;;;;;;;;;;
D6:24:95:06:38:E6; 2026-04-18 13:24:41; 2026-04-18 13:24:41;-79;2; (not associated) ;LuLuExchange-WiFi;;;;;;;;;
3A:2E:3A:79:7C:04; 2026-04-18 13:24:41; 2026-04-18 13:24:41;-78;2; (not associated) ;;;;;;;;;;
02:6C:75:30:68:90; 2026-04-18 13:24:41; 2026-04-18 13:24:42;-63;3; (not associated) ;;;;;;;;;;
CE:5A:2B:B4:C6:FB; 2026-04-18 13:24:42; 2026-04-18 13:24:42;-84;1; (not associated) ;LuLuExchange-WiFi;;;;;;;;;
6E:EC:D6:1E:FE:51; 2026-04-18 13:24:42; 2026-04-18 13:24:42;-86;1; (not associated) ;;;;;;;;;;
CA:9F:86:1D:37:1C; 2026-04-18 13:24:42; 2026-04-18 13:24:44;-63;9; (not associated) ;Redmi 12C;;;;;;;;;
B2:59:36:D5:7D:E9; 2026-04-18 13:24:42; 2026-04-18 13:24:42;-70;2; (not associated) ;;;;;;;;;;
52:E1:A2:07:64:91; 2026-04-18 13:24:43; 2026-04-18 13:24:43;-89;1; (not associated) ;;;;;;;;;;
B6:D4:1C:A3:0C:F0; 2026-04-18 13:24:43; 2026-04-18 13:24:43;-80;2; (not associated) ;;;;;;;;;;
36:5E:83:FA:CD:50; 2026-04-18 13:24:43; 2026-04-18 13:24:43;-74;2; (not associated) ;;;;;;;;;;
B2:99:CB:D9:18:7E; 2026-04-18 13:24:43; 2026-04-18 13:24:43;-91;1; (not associated) ;LuLuExchange-WiFi;;;;;;;;;
2A:3E:2D:C0:76:D8; 2026-04-18 13:24:43; 2026-04-18 13:24:43;-89;1; (not associated) ;;;;;;;;;;
72:94:59:19:89:75; 2026-04-18 13:24:44; 2026-04-18 13:24:44;-77;2; (not associated) ;;;;;;;;;;
4E:E0:DB:F9:F9:D9; 2026-04-18 13:24:44; 2026-04-18 13:24:44;-88;2; (not associated) ;;;;;;;;;;
E2:BA:5B:90:24:C3; 2026-04-18 13:24:44; 2026-04-18 13:24:44;-65;2; (not associated) ;;;;;;;;;;
7A:D8:40:95:97:97; 2026-04-18 13:24:44; 2026-04-18 13:24:44;-62;3; (not associated) ; 🏀🏀🏀🏀🏀🏀🏀;realme Note 60x;;;;;;;;
26:EF:45:E8:A9:DC; 2026-04-18 13:24:44; 2026-04-18 13:24:44;-92;1; (not associated) ;;;;;;;;;;
76:E0:FC:D5:0D:44; 2026-04-18 13:24:44; 2026-04-18 13:24:44;-76;10; (not associated) ;HUAWEI P30;RT-WiFi_40D0;Rzaev;TP-LINK_27EE;;;;;;
4A:76:71:07:DD:23; 2026-04-18 13:24:44; 2026-04-18 13:24:44;-66;2; (not associated) ;MT_FREE;;;;;;;;;
C6:3E:04:B1:AB:B3; 2026-04-18 13:24:44; 2026-04-18 13:24:44;-91;1; (not associated) ;;;;;;;;;;
32:F0:0A:B0:52:CE; 2026-04-18 13:24:44; 2026-04-18 13:24:44;-86;1; (not associated) ;;;;;;;;;;
FE:0D:51:5F:AE:E7; 2026-04-18 13:24:45; 2026-04-18 13:24:45;-74;2; (not associated) ;;;;;;;;;;
BA:84:ED:B5:1C:64; 2026-04-18 13:24:45; 2026-04-18 13:24:45;-80;2; (not associated) ;;;;;;;;;;
CA:EB:F6:67:5E:A3; 2026-04-18 13:24:45; 2026-04-18 13:24:45;-82;2; (not associated) ;;;;;;;;;;
A6:00:76:6D:0B:E5; 2026-04-18 13:24:46; 2026-04-18 13:24:46;-72;3; (not associated) ;;;;;;;;;;
32:FB:DC:A7:57:07; 2026-04-18 13:24:47; 2026-04-18 13:24:47;-58;2; (not associated) ;;;;;;;;;;
0A:AA:BF:53:30:55; 2026-04-18 13:24:47; 2026-04-18 13:24:47;-91;25; (not associated) ;5G_MegaFon_FR1000-C92C;MTS_GPON5_2F05;TP-Link_2832;HUAWEI_B535_65DF;TP-Link_51BE;Keenetic-1269;MGTS_GPON_6D10;Transkomplekt-5GHz;Keenetic-6645;
DA:A1:19:B3:A6:32; 2026-04-18 13:24:48; 2026-04-18 13:24:48;-88;1; (not associated) ;;;;;;;;;;
92:3B:71:C9:C2:81; 2026-04-18 13:24:50; 2026-04-18 13:24:50;-73;2; (not associated) ;;;;;;;;;;
42:D6:BA:CE:CB:97; 2026-04-18 13:24:51; 2026-04-18 13:24:51;-92;4; (not associated) ;DDMP5G;;;;;;;;;
BE:A7:1C:AE:5D:13; 2026-04-18 13:24:51; 2026-04-18 13:24:51;-78;10; (not associated) ;HUAWEI P30;RT-WiFi_40D0;Rzaev;TP-LINK_27EE;;;;;;
00:F1:CA:81:21:7F; 2026-04-18 13:24:51; 2026-04-18 13:25:37;-86;30; 41:36:5A:FC:F8:D5;;;;;;;;;;
F2:9C:1A:36:F2:1F; 2026-04-18 13:24:52; 2026-04-18 13:24:52;-91;2; (not associated) ;;;;;;;;;;
76:B0:51:20:DA:AF; 2026-04-18 13:24:52; 2026-04-18 13:24:52;-86;3; (not associated) ;;;;;;;;;;
A2:9F:3A:B6:AC:33; 2026-04-18 13:24:52; 2026-04-18 13:24:52;-83;2; (not associated) ;;;;;;;;;;
1E:23:EE:B8:8E:5F; 2026-04-18 13:24:52; 2026-04-18 13:24:52;-75;11; (not associated) ;T-NET Guest;TITANIC WIFI;Tbilisi Airport Free;Tbilisi Loves You;iPhone (Irena);iPhone (Mazen);nVent-Guest;MT_FREE;HiSmart-01-ca2c4fa21b40;PRINTER_E0E696
3A:30:B2:B9:07:C3; 2026-04-18 13:24:53; 2026-04-18 13:24:53;-68;4; (not associated) ;;;;;;;;;;
32:24:10:A1:38:8F; 2026-04-18 13:24:53; 2026-04-18 13:24:53;-82;4; (not associated) ;;;;;;;;;;
7A:B3:24:7D:9E:A7; 2026-04-18 13:24:53; 2026-04-18 13:24:53;-81;2; (not associated) ;;;;;;;;;;
FE:6B:06:FE:B3:25; 2026-04-18 13:24:54; 2026-04-18 13:24:54;-82;4; (not associated) ;;;;;;;;;;
D6:17:61:8F:CE:1D; 2026-04-18 13:24:54; 2026-04-18 13:24:54;-77;2; (not associated) ;;;;;;;;;;
4E:84:5B:9B:7B:70; 2026-04-18 13:24:54; 2026-04-18 13:24:54;-89;2; (not associated) ;RT-5WiFi-8026;;;;;;;;;
6E:87:91:17:A4:A1; 2026-04-18 13:24:54; 2026-04-18 13:24:54;-89;2; (not associated) ;;;;;;;;;;
8A:D1:E6:D3:CD:CA; 2026-04-18 13:24:54; 2026-04-18 13:24:54;-86;2; (not associated) ;;;;;;;;;;
8E:C7:99:C5:C4:83; 2026-04-18 13:24:55; 2026-04-18 13:24:55;-82;2; (not associated) ;Home 29_5G;;;;;;;;;
D2:52:13:F9:FB:1B; 2026-04-18 13:24:56; 2026-04-18 13:24:57;-62;9; (not associated) ;Марина 😝;;;;;;;;;
BA:27:A6:79:C8:63; 2026-04-18 13:24:57; 2026-04-18 13:24:57;-76;2; (not associated) ;;;;;;;;;;
00:0C:E7:0E:1D:1F; 2026-04-18 13:24:57; 2026-04-18 13:24:57;-58;2; (not associated) ;;;;;;;;;;
0A:58:15:4E:F0:2D; 2026-04-18 13:24:57; 2026-04-18 13:24:57;-86;1; (not associated) ;MGTS_GPON_6D8F;;;;;;;;;
52:CC:C5:5D:34:EC; 2026-04-18 13:24:57; 2026-04-18 13:24:57;-76;4; (not associated) ;;;;;;;;;;
12:7D:40:9B:59:77; 2026-04-18 13:24:57; 2026-04-18 13:24:57;-85;1; (not associated) ;;;;;;;;;;
5E:17:38:C6:D6:6D; 2026-04-18 13:24:58; 2026-04-18 13:24:58;-78;1; (not associated) ;;;;;;;;;;
76:3F:BE:EA:4B:14; 2026-04-18 13:24:58; 2026-04-18 13:24:58;-91;1; (not associated) ;;;;;;;;;;
2E:27:7A:DC:34:F6; 2026-04-18 13:24:58; 2026-04-18 13:24:58;-88;2; (not associated) ;;;;;;;;;;
8E:D5:FC:1E:57:2C; 2026-04-18 13:24:59; 2026-04-18 13:24:59;-71;2; (not associated) ;;;;;;;;;;
3A:99:35:64:6D:B0; 2026-04-18 13:24:59; 2026-04-18 13:24:59;-89;2; (not associated) ;;;;;;;;;;
76:71:72:F9:6C:1B; 2026-04-18 13:24:59; 2026-04-18 13:25:00;-89;9; 00:25:00:FF:94:73;;;;;;;;;;
16:99:31:58:B7:DF; 2026-04-18 13:24:59; 2026-04-18 13:24:59;-88;2; (not associated) ;;;;;;;;;;
F6:0E:10:AE:9C:5F; 2026-04-18 13:24:59; 2026-04-18 13:27:27;-92;10; (not associated) ;;;;;;;;;;
4E:0F:99:30:3C:14; 2026-04-18 13:25:00; 2026-04-18 13:25:00;-89;2; (not associated) ;;;;;;;;;;
22:40:6C:D1:88:C1; 2026-04-18 13:25:03; 2026-04-18 13:25:03;-69;2; (not associated) ;;;;;;;;;;
8E:5F:C1:D4:E1:52; 2026-04-18 13:25:03; 2026-04-18 13:25:03;-52;6; (not associated) ;Beeline_5G_FF4294;DIR-615_EXT2;;;;;;;;
6E:83:0C:9D:BD:DF; 2026-04-18 13:25:03; 2026-04-18 13:25:03;-79;2; (not associated) ;;;;;;;;;;
36:4F:20:20:90:2C; 2026-04-18 13:25:04; 2026-04-18 13:26:25;-91;10; (not associated) ;;;;;;;;;;
32:1E:23:82:62:1B; 2026-04-18 13:25:04; 2026-04-18 13:25:04;-83;2; (not associated) ;;;;;;;;;;
32:6D:3E:94:E8:49; 2026-04-18 13:25:04; 2026-04-18 13:25:04;-83;2; (not associated) ;;;;;;;;;;
D6:B6:DA:20:CB:D1; 2026-04-18 13:25:07; 2026-04-18 13:25:07;-89;2; (not associated) ;;;;;;;;;;
F2:D0:AA:C3:3F:96; 2026-04-18 13:25:07; 2026-04-18 13:25:07;-77;1; (not associated) ;;;;;;;;;;
DA:A1:D2:4A:4F:C9; 2026-04-18 13:25:08; 2026-04-18 13:25:08;-93;2; (not associated) ;;;;;;;;;;
22:F7:D8:53:9C:24; 2026-04-18 13:25:08; 2026-04-18 13:25:08;-92;2; (not associated) ;;;;;;;;;;
92:9B:C1:E2:1C:8A; 2026-04-18 13:25:08; 2026-04-18 13:25:08;-89;2; (not associated) ;;;;;;;;;;
FA:1C:B4:7D:44:12; 2026-04-18 13:25:08; 2026-04-18 13:25:08;-94;1; (not associated) ;;;;;;;;;;
76:3A:D4:9D:01:36; 2026-04-18 13:25:08; 2026-04-18 13:25:08;-74;1; (not associated) ;;;;;;;;;;
2A:49:B0:DE:47:64; 2026-04-18 13:25:09; 2026-04-18 13:25:09;-88;2; (not associated) ;;;;;;;;;;
DA:45:02:1C:7D:26; 2026-04-18 13:25:09; 2026-04-18 13:25:09;-90;4; (not associated) ;;;;;;;;;;
BE:E5:28:38:4F:28; 2026-04-18 13:25:09; 2026-04-18 13:28:58;-89;14; (not associated) ;;;;;;;;;;
62:E2:C8:5F:70:6E; 2026-04-18 13:25:09; 2026-04-18 13:25:09;-81;4; (not associated) ;;;;;;;;;;
EA:76:9B:2C:6A:1D; 2026-04-18 13:25:09; 2026-04-18 13:25:09;-91;2; (not associated) ;;;;;;;;;;
82:A4:37:01:72:68; 2026-04-18 13:25:10; 2026-04-18 13:25:10;-55;2; (not associated) ;;;;;;;;;;
CA:52:57:6C:E6:97; 2026-04-18 13:25:10; 2026-04-18 13:25:10;-89;1; (not associated) ;;;;;;;;;;
D6:25:2F:3F:46:73; 2026-04-18 13:25:10; 2026-04-18 13:25:10;-92;5; (not associated) ;AndroidShare_3601;SOVA 5 ГГц;SOVA 5 \xA7\xA4\xA7\xA4\xA7\xE8;;;;;;;
62:85:7E:CB:E9:83; 2026-04-18 13:25:10; 2026-04-18 13:25:10;-68;2; (not associated) ;;;;;;;;;;
0A:8B:BD:51:AE:C3; 2026-04-18 13:25:10; 2026-04-18 13:25:10;-86;1; (not associated) ;;;;;;;;;;
EA:BB:A1:32:93:BE; 2026-04-18 13:25:10; 2026-04-18 13:25:10;-81;1; (not associated) ;;;;;;;;;;
00:0C:E7:43:CA:68; 2026-04-18 13:25:11; 2026-04-18 13:25:11;-73;2; (not associated) ;;;;;;;;;;
DA:A1:19:34:35:96; 2026-04-18 13:25:11; 2026-04-18 13:25:11;-85;4; (not associated) ;;;;;;;;;;
82:94:83:DB:11:67; 2026-04-18 13:25:12; 2026-04-18 13:25:12;-83;1; (not associated) ;;;;;;;;;;
8E:68:0A:7E:62:B6; 2026-04-18 13:25:13; 2026-04-18 13:25:13;-64;1; (not associated) ;;;;;;;;;;
FA:75:C0:04:E4:86; 2026-04-18 13:25:13; 2026-04-18 13:25:13;-86;1; (not associated) ;;;;;;;;;;
DE:49:EC:76:28:AB; 2026-04-18 13:25:13; 2026-04-18 13:25:13;-86;1; (not associated) ;;;;;;;;;;
32:16:7D:56:DA:27; 2026-04-18 13:25:13; 2026-04-18 13:25:14;-82;3; (not associated) ;;;;;;;;;;
D2:AE:3E:9C:CE:04; 2026-04-18 13:25:13; 2026-04-18 13:25:13;-78;1; (not associated) ;;;;;;;;;;
A2:35:D5:3D:1E:14; 2026-04-18 13:25:13; 2026-04-18 13:25:14;-79;9; (not associated) ;Redmi 12C;;;;;;;;;
6A:B6:E2:23:49:5D; 2026-04-18 13:25:14; 2026-04-18 13:25:14;-77;2; (not associated) ;;;;;;;;;;
B6:34:07:88:49:FB; 2026-04-18 13:25:14; 2026-04-18 13:25:14;-85;2; (not associated) ;;;;;;;;;;
32:BB:34:CD:15:8E; 2026-04-18 13:25:14; 2026-04-18 13:25:14;-89;2; (not associated) ;;;;;;;;;;
0E:C7:DF:0D:CB:1A; 2026-04-18 13:25:14; 2026-04-18 13:25:14;-81;2; (not associated) ;;;;;;;;;;
82:25:66:4B:83:66; 2026-04-18 13:25:14; 2026-04-18 13:25:14;-90;2; (not associated) ;;;;;;;;;;
3E:FB:E2:4A:AB:4B; 2026-04-18 13:25:14; 2026-04-18 13:25:14;-79;11; (not associated) ;HUAWEI P30;RT-WiFi_40D0;Rzaev;TP-LINK_27EE;;;;;;
AE:41:A5:C6:CA:C3; 2026-04-18 13:25:14; 2026-04-18 13:25:14;-88;2; (not associated) ;;;;;;;;;;
6A:AA:21:2C:C8:81; 2026-04-18 13:25:14; 2026-04-18 13:25:14;-78;2; (not associated) ;;;;;;;;;;
5E:6F:FD:76:32:42; 2026-04-18 13:25:14; 2026-04-18 13:25:14;-91;2; (not associated) ;;;;;;;;;;
D6:8E:80:B3:07:B9; 2026-04-18 13:25:14; 2026-04-18 13:25:14;-89;1; (not associated) ;;;;;;;;;;
7E:AC:87:EF:9B:DE; 2026-04-18 13:25:14; 2026-04-18 13:25:14;-87;2; (not associated) ;;;;;;;;;;
6A:D2:0E:CD:F0:22; 2026-04-18 13:25:14; 2026-04-18 13:25:14;-87;2; (not associated) ;;;;;;;;;;
22:F1:FA:38:E1:47; 2026-04-18 13:25:14; 2026-04-18 13:25:15;-89;2; (not associated) ;;;;;;;;;;
3A:BD:DC:2E:CA:49; 2026-04-18 13:25:15; 2026-04-18 13:25:15;-84;1; (not associated) ;;;;;;;;;;
F6:B6:06:B8:EE:CD; 2026-04-18 13:25:15; 2026-04-18 13:25:15;-89;3; 00:25:00:FF:94:73;;;;;;;;;;
8A:A3:6E:5D:AD:30; 2026-04-18 13:25:15; 2026-04-18 13:25:15;-84;1; (not associated) ;;;;;;;;;;
06:17:F2:DE:DF:EF; 2026-04-18 13:25:15; 2026-04-18 13:25:15;-80;1; (not associated) ;;;;;;;;;;
56:3C:32:68:9C:D1; 2026-04-18 13:25:15; 2026-04-18 13:25:15;-79;1; (not associated) ;;;;;;;;;;
56:C3:EC:E5:00:32; 2026-04-18 13:25:15; 2026-04-18 13:25:15;-90;2; (not associated) ;RT-5WiFi-8026;;;;;;;;;
BA:CB:67:78:B1:56; 2026-04-18 13:25:15; 2026-04-18 13:25:15;-88;2; (not associated) ;;;;;;;;;;
8E:76:DC:F1:F8:54; 2026-04-18 13:25:15; 2026-04-18 13:25:15;-87;2; (not associated) ;;;;;;;;;;
A6:A1:48:C5:8D:53; 2026-04-18 13:25:15; 2026-04-18 13:25:30;-89;4; 00:25:00:FF:94:73;;;;;;;;;;
76:0B:89:0C:2C:56; 2026-04-18 13:25:15; 2026-04-18 13:25:15;-88;1; (not associated) ;;;;;;;;;;
42:88:BB:0B:6C:15; 2026-04-18 13:25:15; 2026-04-18 13:25:15;-91;2; (not associated) ;;;;;;;;;;
DE:97:6F:CD:BA:1C; 2026-04-18 13:25:15; 2026-04-18 13:25:15;-79;2; (not associated) ;;;;;;;;;;
6A:66:B0:BC:E2:D1; 2026-04-18 13:25:15; 2026-04-18 13:25:15;-86;2; (not associated) ;;;;;;;;;;
2E:15:38:49:B4:B5; 2026-04-18 13:25:15; 2026-04-18 13:25:15;-75;2; (not associated) ;228058;;;;;;;;;
56:32:31:AF:7A:6A; 2026-04-18 13:25:15; 2026-04-18 13:25:15;-64;2; (not associated) ;;;;;;;;;;
FC:02:96:74:63:CF; 2026-04-18 13:25:16; 2026-04-18 13:25:16;-86;7; (not associated) ;.;CAAAAHUNY1wAHwFpRedmi 5A;Galaxy S23 7504;Keenetic-4457;Mi Phone;Redmi 9C NFC;;;;
2E:DC:09:EF:D7:49; 2026-04-18 13:25:16; 2026-04-18 13:25:16;-75;2; (not associated) ;;;;;;;;;;
86:6B:4A:DD:3F:EC; 2026-04-18 13:25:16; 2026-04-18 13:25:16;-92;1; (not associated) ;;;;;;;;;;
7E:48:F2:31:A1:F6; 2026-04-18 13:25:16; 2026-04-18 13:25:53;-79;490; C4:14:3C:40:9B:3E;MT_FREE;;;;;;;;;
BE:F2:00:F2:BD:83; 2026-04-18 13:25:18; 2026-04-18 13:25:18;-86;1; (not associated) ;;;;;;;;;;
52:52:52:2B:13:A6; 2026-04-18 13:25:21; 2026-04-18 13:25:21;-84;1; (not associated) ;;;;;;;;;;
00:F1:CA:80:FA:F9; 2026-04-18 13:25:23; 2026-04-18 13:25:54;-63;18; 41:36:5A:FC:F8:D5;;;;;;;;;;
4E:A9:E0:BB:8A:4C; 2026-04-18 13:25:23; 2026-04-18 13:25:23;-92;2; (not associated) ;;;;;;;;;;
D6:1E:AB:FE:18:75; 2026-04-18 13:25:23; 2026-04-18 13:25:23;-83;2; (not associated) ;;;;;;;;;;
86:AD:BC:20:73:9A; 2026-04-18 13:25:23; 2026-04-18 13:25:23;-85;2; (not associated) ;;;;;;;;;;
FE:9D:40:7C:71:FA; 2026-04-18 13:25:23; 2026-04-18 13:25:23;-92;2; (not associated) ;;;;;;;;;;
CE:C0:7D:59:DB:58; 2026-04-18 13:25:23; 2026-04-18 13:25:23;-58;2; (not associated) ;;;;;;;;;;
AE:10:2E:C5:24:D9; 2026-04-18 13:25:24; 2026-04-18 13:25:24;-78;1; (not associated) ;;;;;;;;;;
56:B0:87:ED:96:3E; 2026-04-18 13:25:24; 2026-04-18 13:25:24;-60;6; (not associated) ;Beeline_5G_FF4294;DIR-615_EXT2;;;;;;;;
76:7E:2F:A6:5D:53; 2026-04-18 13:25:24; 2026-04-18 13:25:24;-91;1; (not associated) ;;;;;;;;;;
22:8C:4D:7E:A6:AB; 2026-04-18 13:25:24; 2026-04-18 13:25:24;-86;3; (not associated) ;;;;;;;;;;
2A:1A:16:CE:3C:FC; 2026-04-18 13:25:24; 2026-04-18 13:25:24;-92;1; (not associated) ;;;;;;;;;;
32:60:0E:49:8F:E0; 2026-04-18 13:25:25; 2026-04-18 13:25:25;-81;2; (not associated) ;;;;;;;;;;
3A:43:88:1C:95:CE; 2026-04-18 13:25:25; 2026-04-18 13:25:25;-75;2; (not associated) ;;;;;;;;;;
C2:83:61:2A:F5:79; 2026-04-18 13:25:25; 2026-04-18 13:25:25;-92;5; (not associated) ;AndroidShare_1571;nooneboutique;;;;;;;;
0E:FA:23:BA:FF:6C; 2026-04-18 13:25:25; 2026-04-18 13:25:25;-67;2; (not associated) ;;;;;;;;;;
42:BC:CF:38:14:6C; 2026-04-18 13:25:25; 2026-04-18 13:25:25;-88;2; (not associated) ;;;;;;;;;;
9E:79:F8:D4:69:AF; 2026-04-18 13:25:25; 2026-04-18 13:25:42;-57;22; 8E:B8:4A:94:98:2B;;;;;;;;;;
72:CE:1C:7E:CB:9C; 2026-04-18 13:25:26; 2026-04-18 13:25:26;-83;1; (not associated) ;;;;;;;;;;
9E:78:42:E7:70:9C; 2026-04-18 13:25:26; 2026-04-18 13:25:26;-75;3; (not associated) ;;;;;;;;;;
92:4F:1C:C6:D1:47; 2026-04-18 13:25:26; 2026-04-18 13:25:26;-85;1; (not associated) ;;;;;;;;;;
42:03:C3:24:9E:5E; 2026-04-18 13:25:27; 2026-04-18 13:25:27;-79;1; (not associated) ;;;;;;;;;;
0E:EF:6A:17:53:AF; 2026-04-18 13:25:27; 2026-04-18 13:25:27;-76;1; (not associated) ;;;;;;;;;;
32:A5:36:07:AD:F7; 2026-04-18 13:25:27; 2026-04-18 13:25:27;-77;2; (not associated) ;;;;;;;;;;
C2:71:4C:5D:B9:C4; 2026-04-18 13:25:27; 2026-04-18 13:25:27;-75;1; (not associated) ;;;;;;;;;;
4A:B9:D1:91:1B:F4; 2026-04-18 13:25:29; 2026-04-18 13:25:29;-66;1; (not associated) ;;;;;;;;;;
06:9A:94:82:A5:5C; 2026-04-18 13:25:29; 2026-04-18 13:25:29;-77;2; (not associated) ;;;;;;;;;;
0A:C3:0F:70:56:D9; 2026-04-18 13:25:29; 2026-04-18 13:25:29;-78;1; (not associated) ;;;;;;;;;;
B6:E6:F0:52:02:94; 2026-04-18 13:25:29; 2026-04-18 13:25:29;-79;1; (not associated) ;;;;;;;;;;
62:3B:1B:57:11:32; 2026-04-18 13:25:29; 2026-04-18 13:25:29;-79;2; (not associated) ;;;;;;;;;;
82:F6:D3:3F:6E:7E; 2026-04-18 13:25:29; 2026-04-18 13:25:29;-90;1; (not associated) ;;;;;;;;;;
8E:BF:6F:09:08:59; 2026-04-18 13:25:29; 2026-04-18 13:25:29;-88;2; (not associated) ;;;;;;;;;;
FE:35:8D:7E:5A:6C; 2026-04-18 13:25:30; 2026-04-18 13:25:30;-76;2; (not associated) ;;;;;;;;;;
E2:8C:2D:3F:38:87; 2026-04-18 13:25:30; 2026-04-18 13:25:30;-84;3; (not associated) ;;;;;;;;;;
0E:49:BD:58:84:CD; 2026-04-18 13:25:30; 2026-04-18 13:25:30;-63;2; (not associated) ;;;;;;;;;;
22:A6:89:C3:BD:9B; 2026-04-18 13:25:30; 2026-04-18 13:25:30;-88;8; 00:25:00:FF:94:73;;;;;;;;;;
42:A0:EF:44:79:3D; 2026-04-18 13:25:30; 2026-04-18 13:25:30;-73;2; (not associated) ;;;;;;;;;;
CE:78:05:EC:B7:1C; 2026-04-18 13:25:30; 2026-04-18 13:25:30;-81;1; (not associated) ;;;;;;;;;;
BE:FA:F7:09:42:0B; 2026-04-18 13:25:31; 2026-04-18 13:25:31;-87;2; (not associated) ;;;;;;;;;;
9E:84:D9:C4:57:CF; 2026-04-18 13:25:31; 2026-04-18 13:25:31;-86;2; (not associated) ;;;;;;;;;;
E2:5C:15:ED:C4:BC; 2026-04-18 13:25:31; 2026-04-18 13:25:31;-91;1; (not associated) ;;;;;;;;;;
F2:19:02:0F:51:E9; 2026-04-18 13:25:31; 2026-04-18 13:25:31;-83;2; (not associated) ;;;;;;;;;;
1E:74:76:43:ED:D3; 2026-04-18 13:25:31; 2026-04-18 13:25:31;-82;3; (not associated) ;;;;;;;;;;
C6:53:E8:F0:7D:A2; 2026-04-18 13:25:31; 2026-04-18 13:25:31;-1;5; C4:14:3C:38:85:FE;;;;;;;;;;
92:3E:7A:8D:40:56; 2026-04-18 13:25:31; 2026-04-18 13:25:31;-89;2; (not associated) ;;;;;;;;;;
0E:33:1F:12:69:EA; 2026-04-18 13:25:32; 2026-04-18 13:25:32;-89;3; (not associated) ;MOSNET15225;MOSNET19378_2.4;;;;;;;;
72:59:2E:78:DB:D5; 2026-04-18 13:25:33; 2026-04-18 13:25:33;-82;2; (not associated) ;;;;;;;;;;
96:30:94:AA:D3:86; 2026-04-18 13:25:33; 2026-04-18 13:25:33;-86;1; (not associated) ;;;;;;;;;;
34:1C:F0:D3:4D:AE; 2026-04-18 13:25:33; 2026-04-18 13:25:33;-90;1; 58:0A:20:09:78:9E;;;;;;;;;;
8E:41:3C:62:26:E9; 2026-04-18 13:25:33; 2026-04-18 13:25:33;-92;2; (not associated) ;TP-Link_8F7D_5G;;;;;;;;;
66:44:BE:A5:60:6C; 2026-04-18 13:25:33; 2026-04-18 13:25:33;-88;3; (not associated) ;;;;;;;;;;
B6:08:76:AE:3C:38; 2026-04-18 13:25:34; 2026-04-18 13:25:34;-84;10; (not associated) ;HUAWEI P30;RT-WiFi_40D0;Rzaev;TP-LINK_27EE;;;;;;
9E:A2:6E:E9:58:0A; 2026-04-18 13:25:35; 2026-04-18 13:25:35;-65;2; (not associated) ;;;;;;;;;;
0A:9A:B5:53:AD:7A; 2026-04-18 13:25:38; 2026-04-18 13:25:38;-86;1; (not associated) ;;;;;;;;;;
0A:88:5F:3D:83:D4; 2026-04-18 13:25:38; 2026-04-18 13:25:38;-75;2; (not associated) ;;;;;;;;;;
3E:4E:90:71:3D:A1; 2026-04-18 13:25:38; 2026-04-18 13:25:38;-65;2; (not associated) ;;;;;;;;;;
B6:2F:54:B6:E5:3B; 2026-04-18 13:25:38; 2026-04-18 13:25:38;-92;2; (not associated) ;;;;;;;;;;
1E:C4:9A:D5:DE:65; 2026-04-18 13:25:39; 2026-04-18 13:25:39;-66;1; (not associated) ;;;;;;;;;;
8E:8C:60:2E:DA:59; 2026-04-18 13:25:39; 2026-04-18 13:25:39;-67;1; (not associated) ;;;;;;;;;;
1A:4A:D8:C9:97:73; 2026-04-18 13:25:39; 2026-04-18 13:25:39;-69;2; (not associated) ;;;;;;;;;;
2E:0D:D7:DD:DE:93; 2026-04-18 13:25:39; 2026-04-18 13:25:39;-92;2; (not associated) ;;;;;;;;;;
7E:37:92:27:4F:0A; 2026-04-18 13:25:39; 2026-04-18 13:25:39;-92;2; (not associated) ;;;;;;;;;;
72:18:41:B1:93:35; 2026-04-18 13:25:39; 2026-04-18 13:25:39;-89;5; (not associated) ;;;;;;;;;;
1A:72:55:38:FE:C3; 2026-04-18 13:25:39; 2026-04-18 13:25:39;-89;2; (not associated) ;;;;;;;;;;
E8:5A:8B:08:82:5E; 2026-04-18 13:25:39; 2026-04-18 13:25:48;-82;676; 58:0A:20:68:0E:4E;MT_FREE;;;;;;;;;
76:33:3D:9D:73:66; 2026-04-18 13:25:40; 2026-04-18 13:25:40;-92;2; (not associated) ;;;;;;;;;;
AA:78:75:D9:9F:A0; 2026-04-18 13:25:40; 2026-04-18 13:25:40;-88;4; (not associated) ;;;;;;;;;;
D2:52:13:8E:5C:70; 2026-04-18 13:25:40; 2026-04-18 13:25:40;-92;2; (not associated) ;Марина 😝;;;;;;;;;
82:DD:25:5D:ED:A1; 2026-04-18 13:25:40; 2026-04-18 13:25:40;-86;2; (not associated) ;;;;;;;;;;
AA:A8:11:B0:1C:FB; 2026-04-18 13:25:40; 2026-04-18 13:25:54;-89;4; (not associated) ;MT_FREE;;;;;;;;;
C2:A3:E1:E2:2F:0A; 2026-04-18 13:25:40; 2026-04-18 13:25:40;-92;1; (not associated) ;;;;;;;;;;
3E:9A:5D:4C:24:D4; 2026-04-18 13:25:40; 2026-04-18 13:25:40;-87;2; (not associated) ;;;;;;;;;;
1A:40:7F:06:34:E4; 2026-04-18 13:25:41; 2026-04-18 13:25:41;-91;1; (not associated) ;;;;;;;;;;
F2:8E:33:50:DC:5D; 2026-04-18 13:25:41; 2026-04-18 13:25:41;-92;1; (not associated) ;;;;;;;;;;
6E:49:8F:2E:F1:5A; 2026-04-18 13:25:41; 2026-04-18 13:25:41;-69;2; (not associated) ;;;;;;;;;;
76:D2:62:ED:5A:EF; 2026-04-18 13:25:41; 2026-04-18 13:25:41;-75;5; (not associated) ;MT_FREE;;;;;;;;;
DE:6F:CC:34:0C:58; 2026-04-18 13:25:41; 2026-04-18 13:25:41;-68;1; (not associated) ;;;;;;;;;;
72:6A:13:1B:19:7F; 2026-04-18 13:25:41; 2026-04-18 13:25:41;-67;1; (not associated) ;;;;;;;;;;
9E:98:B2:E8:C0:4B; 2026-04-18 13:25:41; 2026-04-18 13:25:41;-68;1; (not associated) ;;;;;;;;;;
36:35:E6:D0:F5:F7; 2026-04-18 13:25:41; 2026-04-18 13:25:41;-69;1; (not associated) ;;;;;;;;;;
EE:49:DE:08:CE:C0; 2026-04-18 13:25:41; 2026-04-18 13:25:41;-70;1; (not associated) ;;;;;;;;;;
EA:18:04:FB:0B:AA; 2026-04-18 13:25:41; 2026-04-18 13:25:41;-79;1; (not associated) ;;;;;;;;;;
86:A2:20:F9:08:42; 2026-04-18 13:25:41; 2026-04-18 13:25:41;-87;2; (not associated) ;;;;;;;;;;
E6:B7:7D:A3:81:E4; 2026-04-18 13:25:41; 2026-04-18 13:25:41;-72;1; (not associated) ;;;;;;;;;;
D6:95:4F:21:FE:68; 2026-04-18 13:25:41; 2026-04-18 13:25:41;-71;1; (not associated) ;;;;;;;;;;
E6:48:A0:EE:08:11; 2026-04-18 13:25:41; 2026-04-18 13:25:41;-68;1; (not associated) ;;;;;;;;;;
D6:DE:ED:4D:E6:9F; 2026-04-18 13:25:41; 2026-04-18 13:25:41;-69;1; (not associated) ;;;;;;;;;;
86:20:33:1D:BE:C4; 2026-04-18 13:25:42; 2026-04-18 13:25:42;-86;1; (not associated) ;;;;;;;;;;
5E:99:DD:98:90:68; 2026-04-18 13:25:42; 2026-04-18 13:25:42;-73;3; (not associated) ;407646 - zelenaya.net;;;;;;;;;
02:E5:E7:FE:79:0D; 2026-04-18 13:25:43; 2026-04-18 13:25:43;-86;2; (not associated) ;;;;;;;;;;
96:05:C2:34:97:D1; 2026-04-18 13:25:43; 2026-04-18 13:25:43;-72;3; (not associated) ;;;;;;;;;;
26:11:A3:B7:53:45; 2026-04-18 13:25:43; 2026-04-18 13:25:54;-84;25; 58:0A:20:0C:FE:5E;MT_FREE;;;;;;;;;
EA:11:A0:90:2D:51; 2026-04-18 13:25:43; 2026-04-18 13:25:43;-87;1; (not associated) ;;;;;;;;;;
DA:5E:94:AC:EF:E3; 2026-04-18 13:25:43; 2026-04-18 13:25:44;-62;18; (not associated) ;DIR-615_EXT2;Beeline_5G_FF4294;;;;;;;;
5A:38:D7:86:AB:7E; 2026-04-18 13:25:43; 2026-04-18 13:25:43;-86;1; (not associated) ;;;;;;;;;;
42:A3:D6:0F:FF:CB; 2026-04-18 13:25:43; 2026-04-18 13:25:43;-67;1; (not associated) ;;;;;;;;;;
EE:84:81:18:B2:1F; 2026-04-18 13:25:43; 2026-04-18 13:25:43;-68;1; (not associated) ;;;;;;;;;;
72:A1:27:72:1A:70; 2026-04-18 13:25:43; 2026-04-18 13:25:43;-71;1; (not associated) ;;;;;;;;;;
6E:AF:66:B2:5C:11; 2026-04-18 13:25:43; 2026-04-18 13:25:44;-76;5; (not associated) ;MT_FREE;;;;;;;;;
EE:34:72:A4:05:68; 2026-04-18 13:25:44; 2026-04-18 13:25:44;-82;1; (not associated) ;;;;;;;;;;
9A:1C:ED:26:C9:F2; 2026-04-18 13:25:44; 2026-04-18 13:25:44;-82;2; (not associated) ;;;;;;;;;;
26:E5:76:CB:F4:DC; 2026-04-18 13:25:45; 2026-04-18 13:25:45;-91;2; (not associated) ;SSID;;;;;;;;;
16:61:F2:53:A7:DB; 2026-04-18 13:25:45; 2026-04-18 13:25:45;-91;1; (not associated) ;;;;;;;;;;
42:AE:19:E3:E8:9A; 2026-04-18 13:25:45; 2026-04-18 13:25:45;-83;2; (not associated) ;;;;;;;;;;
4A:96:F7:9B:82:48; 2026-04-18 13:25:45; 2026-04-18 13:25:45;-86;4; (not associated) ;;;;;;;;;;
CA:23:78:8D:C9:34; 2026-04-18 13:25:45; 2026-04-18 13:25:45;-91;1; (not associated) ;;;;;;;;;;
F6:15:22:C9:ED:21; 2026-04-18 13:25:45; 2026-04-18 13:25:45;-76;1; (not associated) ;;;;;;;;;;
06:28:66:2C:BA:B2; 2026-04-18 13:25:46; 2026-04-18 13:25:46;-80;2; (not associated) ;;;;;;;;;;
8A:1A:C4:D9:F3:C4; 2026-04-18 13:25:46; 2026-04-18 13:25:46;-89;2; (not associated) ;;;;;;;;;;
B6:00:D5:08:E3:6D; 2026-04-18 13:25:46; 2026-04-18 13:25:46;-81;2; (not associated) ;;;;;;;;;;
86:5C:2A:C5:16:F6; 2026-04-18 13:25:46; 2026-04-18 13:25:46;-87;2; (not associated) ;;;;;;;;;;
BA:51:2C:3E:C7:40; 2026-04-18 13:25:46; 2026-04-18 13:25:46;-74;1; (not associated) ;;;;;;;;;;
06:C9:44:CA:0E:54; 2026-04-18 13:25:46; 2026-04-18 13:25:46;-66;2; (not associated) ;;;;;;;;;;
12:1B:BF:FF:73:16; 2026-04-18 13:25:46; 2026-04-18 13:25:46;-65;2; (not associated) ;;;;;;;;;;
FA:0D:10:B6:DE:7F; 2026-04-18 13:25:47; 2026-04-18 13:25:47;-67;2; (not associated) ;;;;;;;;;;
F2:DB:E0:9F:85:5A; 2026-04-18 13:25:47; 2026-04-18 13:25:47;-72;2; (not associated) ;;;;;;;;;;
50:DA:D6:FA:9A:7E; 2026-04-18 13:25:48; 2026-04-18 13:25:48;-69;30; 58:0A:20:09:78:9E;;;;;;;;;;
AA:FB:DA:47:A1:C5; 2026-04-18 13:25:52; 2026-04-18 13:25:52;-82;1; (not associated) ;;;;;;;;;;
16:3E:0B:E9:0A:23; 2026-04-18 13:25:53; 2026-04-18 13:25:53;-73;2; (not associated) ;;;;;;;;;;
D6:50:9C:2B:C1:87; 2026-04-18 13:25:54; 2026-04-18 13:25:54;-76;1; (not associated) ;;;;;;;;;;
32:01:B5:93:20:BF; 2026-04-18 13:25:54; 2026-04-18 13:25:54;-84;2; (not associated) ;;;;;;;;;;
16:2A:2B:84:34:B0; 2026-04-18 13:25:54; 2026-04-18 13:25:54;-83;2; (not associated) ;;;;;;;;;;
1A:B2:B7:DB:40:8A; 2026-04-18 13:25:54; 2026-04-18 13:25:54;-69;4; (not associated) ;;;;;;;;;;
AE:BC:B9:BC:53:49; 2026-04-18 13:25:54; 2026-04-18 13:25:54;-72;1; (not associated) ;;;;;;;;;;
86:47:CA:7E:DB:87; 2026-04-18 13:25:55; 2026-04-18 13:25:55;-82;1; (not associated) ;;;;;;;;;;
EE:06:5D:A8:8A:6A; 2026-04-18 13:25:55; 2026-04-18 13:25:55;-79;2; (not associated) ;;;;;;;;;;
CE:65:1D:14:AC:1E; 2026-04-18 13:25:55; 2026-04-18 13:25:55;-75;2; (not associated) ;;;;;;;;;;
9A:B9:AB:51:B2:A3; 2026-04-18 13:25:55; 2026-04-18 13:25:55;-89;2; (not associated) ;;;;;;;;;;
1E:F8:E6:FF:21:00; 2026-04-18 13:25:55; 2026-04-18 13:25:55;-63;2; (not associated) ;;;;;;;;;;
16:1D:51:54:58:2D; 2026-04-18 13:25:56; 2026-04-18 13:25:56;-93;1; (not associated) ;MT_FREE;;;;;;;;;
8A:4C:C0:81:C1:A8; 2026-04-18 13:25:56; 2026-04-18 13:25:56;-82;2; (not associated) ;;;;;;;;;;
2A:0A:30:B7:AD:A8; 2026-04-18 13:25:56; 2026-04-18 13:25:56;-68;2; (not associated) ;;;;;;;;;;
2E:CF:57:8A:77:E6; 2026-04-18 13:25:56; 2026-04-18 13:25:56;-81;1; (not associated) ;;;;;;;;;;
9E:B8:F1:49:28:C8; 2026-04-18 13:25:57; 2026-04-18 13:25:57;-82;1; (not associated) ;;;;;;;;;;
FE:E1:7A:80:EB:DC; 2026-04-18 13:25:57; 2026-04-18 13:25:57;-70;2; (not associated) ;;;;;;;;;;
36:61:64:79:F2:37; 2026-04-18 13:26:00; 2026-04-18 13:26:00;-92;1; (not associated) ;;;;;;;;;;
CA:BA:5C:5A:D9:FF; 2026-04-18 13:26:00; 2026-04-18 13:27:02;-69;5; (not associated) ;;;;;;;;;;
5A:FA:57:84:27:B7; 2026-04-18 13:26:00; 2026-04-18 13:26:00;-85;1; (not associated) ;;;;;;;;;;
D6:49:E4:5A:A5:18; 2026-04-18 13:26:00; 2026-04-18 13:26:00;-86;1; (not associated) ;;;;;;;;;;
56:B3:B4:DB:4E:94; 2026-04-18 13:26:00; 2026-04-18 13:26:00;-82;2; (not associated) ;;;;;;;;;;
32:19:AC:BA:45:3E; 2026-04-18 13:26:00; 2026-04-18 13:26:00;-66;2; (not associated) ;;;;;;;;;;
42:36:AB:A7:F8:43; 2026-04-18 13:26:00; 2026-04-18 13:26:00;-64;2; (not associated) ;;;;;;;;;;
32:97:12:B6:29:48; 2026-04-18 13:26:01; 2026-04-18 13:26:01;-80;2; (not associated) ;;;;;;;;;;
4A:B0:6A:B4:F2:22; 2026-04-18 13:26:01; 2026-04-18 13:26:01;-82;2; (not associated) ;;;;;;;;;;
3E:34:5B:F9:26:38; 2026-04-18 13:26:01; 2026-04-18 13:26:01;-89;2; (not associated) ;;;;;;;;;;
2E:44:E2:91:B7:4C; 2026-04-18 13:26:01; 2026-04-18 13:26:01;-76;2; (not associated) ;;;;;;;;;;
B0:70:2D:40:A8:C1; 2026-04-18 13:26:01; 2026-04-18 13:27:17;-85;44; C4:14:3C:12:CA:4E;MT_FREE;;;;;;;;;
B6:44:C8:46:A4:11; 2026-04-18 13:26:01; 2026-04-18 13:26:01;-76;1; (not associated) ;;;;;;;;;;
22:1F:97:19:32:69; 2026-04-18 13:26:01; 2026-04-18 13:26:01;-88;2; (not associated) ;;;;;;;;;;
22:31:66:0E:00:68; 2026-04-18 13:26:01; 2026-04-18 13:26:01;-79;2; (not associated) ;;;;;;;;;;
52:3D:6C:63:21:C7; 2026-04-18 13:26:02; 2026-04-18 13:26:02;-88;2; (not associated) ;;;;;;;;;;
06:07:7C:E1:91:44; 2026-04-18 13:26:02; 2026-04-18 13:26:02;-89;1; (not associated) ;;;;;;;;;;
7A:28:D5:F6:DA:7E; 2026-04-18 13:26:02; 2026-04-18 13:26:02;-89;1; (not associated) ;;;;;;;;;;
3A:1B:86:A4:CD:0B; 2026-04-18 13:26:02; 2026-04-18 13:26:02;-80;2; (not associated) ;;;;;;;;;;
16:1C:AF:51:79:DE; 2026-04-18 13:26:03; 2026-04-18 13:26:03;-53;6; (not associated) ;Beeline_5G_FF4294;DIR-615_EXT2;;;;;;;;
42:2C:B5:FE:C5:ED; 2026-04-18 13:26:05; 2026-04-18 13:26:05;-90;5; (not associated) ;ASUS239;PREMIER;;;;;;;;
82:C5:74:11:8B:CC; 2026-04-18 13:26:05; 2026-04-18 13:26:05;-89;2; (not associated) ;;;;;;;;;;
52:9B:F1:85:38:7F; 2026-04-18 13:26:09; 2026-04-18 13:26:09;-77;2; (not associated) ;;;;;;;;;;
AE:F8:50:3C:17:AC; 2026-04-18 13:26:10; 2026-04-18 13:26:10;-66;2; (not associated) ;;;;;;;;;;
DE:01:DC:D9:DA:84; 2026-04-18 13:26:10; 2026-04-18 13:26:10;-91;1; (not associated) ;;;;;;;;;;
BA:96:33:BC:80:BA; 2026-04-18 13:26:10; 2026-04-18 13:26:10;-84;2; (not associated) ;;;;;;;;;;
F2:BF:28:5E:2E:37; 2026-04-18 13:26:10; 2026-04-18 13:26:10;-92;2; (not associated) ;;;;;;;;;;
FE:95:B8:A4:91:91; 2026-04-18 13:26:10; 2026-04-18 13:26:10;-67;2; (not associated) ;;;;;;;;;;
7A:E5:A2:73:9C:8C; 2026-04-18 13:26:10; 2026-04-18 13:26:10;-72;3; (not associated) ;407646 - zelenaya.net;Redmi 12;;;;;;;;
4A:16:F7:9F:5F:C9; 2026-04-18 13:26:11; 2026-04-18 13:26:11;-90;2; (not associated) ;;;;;;;;;;
4E:A1:C7:2E:C7:74; 2026-04-18 13:26:11; 2026-04-18 13:26:11;-71;2; (not associated) ;;;;;;;;;;
42:90:8D:91:B4:48; 2026-04-18 13:26:11; 2026-04-18 13:26:11;-79;2; (not associated) ;;;;;;;;;;
D2:1C:40:C4:7B:A3; 2026-04-18 13:26:12; 2026-04-18 13:26:12;-88;1; (not associated) ;;;;;;;;;;
1A:F2:CF:85:B6:AD; 2026-04-18 13:26:12; 2026-04-18 13:26:12;-82;2; (not associated) ;;;;;;;;;;
E2:78:A6:A3:DA:02; 2026-04-18 13:26:12; 2026-04-18 13:26:12;-76;1; (not associated) ;;;;;;;;;;
82:06:DD:CD:02:91; 2026-04-18 13:26:13; 2026-04-18 13:26:13;-73;3; (not associated) ;;;;;;;;;;
8E:5F:2C:80:29:24; 2026-04-18 13:26:14; 2026-04-18 13:26:14;-86;2; (not associated) ;;;;;;;;;;
EE:DE:28:8D:67:F1; 2026-04-18 13:26:14; 2026-04-18 13:26:14;-88;2; (not associated) ;;;;;;;;;;
A6:60:F6:6A:A0:AE; 2026-04-18 13:26:15; 2026-04-18 13:26:15;-83;2; (not associated) ;;;;;;;;;;
52:31:38:D0:E5:81; 2026-04-18 13:26:15; 2026-04-18 13:26:15;-91;2; (not associated) ;;;;;;;;;;
2E:6F:3C:C6:ED:DB; 2026-04-18 13:26:15; 2026-04-18 13:26:15;-78;2; (not associated) ;;;;;;;;;;
86:60:8D:35:29:59; 2026-04-18 13:26:15; 2026-04-18 13:26:15;-78;2; (not associated) ;;;;;;;;;;
CA:1D:CE:09:FD:A0; 2026-04-18 13:26:15; 2026-04-18 13:26:15;-89;2; (not associated) ;;;;;;;;;;
0E:53:A7:4C:2E:2E; 2026-04-18 13:26:15; 2026-04-18 13:26:15;-90;1; (not associated) ;;;;;;;;;;
5A:E4:D3:A2:D7:2C; 2026-04-18 13:26:16; 2026-04-18 13:26:16;-68;3; (not associated) ;;;;;;;;;;
8E:FB:34:B6:28:81; 2026-04-18 13:26:16; 2026-04-18 13:26:16;-70;2; (not associated) ;;;;;;;;;;
D6:A2:14:64:5E:4D; 2026-04-18 13:26:16; 2026-04-18 13:26:16;-71;1; (not associated) ;;;;;;;;;;
EE:33:43:6D:96:14; 2026-04-18 13:26:16; 2026-04-18 13:26:16;-77;2; (not associated) ;;;;;;;;;;
BE:6A:D1:54:FC:E7; 2026-04-18 13:26:16; 2026-04-18 13:26:16;-90;2; (not associated) ;;;;;;;;;;
1A:D1:29:88:A8:15; 2026-04-18 13:26:17; 2026-04-18 13:26:17;-91;4; (not associated) ;;;;;;;;;;
12:79:AE:B6:5B:DC; 2026-04-18 13:26:17; 2026-04-18 13:26:17;-65;3; (not associated) ;;;;;;;;;;
16:CB:6E:FE:0B:48; 2026-04-18 13:26:17; 2026-04-18 13:26:17;-82;2; (not associated) ;;;;;;;;;;
3A:15:BA:19:71:F2; 2026-04-18 13:26:17; 2026-04-18 13:26:17;-84;2; (not associated) ;;;;;;;;;;
10:EC:81:02:6B:02; 2026-04-18 13:26:17; 2026-04-18 13:26:59;-81;3; (not associated) ;;;;;;;;;;
4E:4B:3A:75:E3:AE; 2026-04-18 13:26:17; 2026-04-18 13:26:17;-75;2; (not associated) ;;;;;;;;;;
B6:A1:7B:C1:54:ED; 2026-04-18 13:26:17; 2026-04-18 13:26:17;-82;2; (not associated) ;;;;;;;;;;
06:DE:70:A2:3C:B8; 2026-04-18 13:26:17; 2026-04-18 13:26:17;-83;2; (not associated) ;;;;;;;;;;
F6:F5:E4:F1:F5:4F; 2026-04-18 13:26:18; 2026-04-18 13:26:18;-83;2; (not associated) ;;;;;;;;;;
4A:82:B6:EF:A9:EC; 2026-04-18 13:26:18; 2026-04-18 13:26:18;-74;2; (not associated) ;;;;;;;;;;
06:00:50:3D:E7:5C; 2026-04-18 13:26:18; 2026-04-18 13:26:18;-82;1; (not associated) ;;;;;;;;;;
A2:60:DF:57:9C:67; 2026-04-18 13:26:19; 2026-04-18 13:26:19;-92;1; (not associated) ;;;;;;;;;;
D2:DB:90:70:EC:C0; 2026-04-18 13:26:20; 2026-04-18 13:26:20;-90;1; (not associated) ;;;;;;;;;;
36:59:0A:DA:55:AB; 2026-04-18 13:26:21; 2026-04-18 13:26:21;-92;1; (not associated) ;;;;;;;;;;
BE:B4:AB:30:FF:D9; 2026-04-18 13:26:23; 2026-04-18 13:26:23;-51;3; (not associated) ;Beeline_5G_FF4294;DIR-615_EXT2;;;;;;;;
1E:80:2B:B0:E2:59; 2026-04-18 13:26:24; 2026-04-18 13:26:24;-95;1; (not associated) ;;;;;;;;;;
02:7B:81:E8:2D:E9; 2026-04-18 13:26:24; 2026-04-18 13:26:24;-83;2; (not associated) ;;;;;;;;;;
A6:0D:82:81:B2:53; 2026-04-18 13:26:25; 2026-04-18 13:26:25;-92;1; (not associated) ;;;;;;;;;;
02:2B:2F:F0:68:44; 2026-04-18 13:26:25; 2026-04-18 13:26:25;-88;4; (not associated) ;;;;;;;;;;
A2:D8:B3:A5:C1:73; 2026-04-18 13:26:25; 2026-04-18 13:26:25;-86;2; (not associated) ;;;;;;;;;;
4E:AB:FB:5B:44:91; 2026-04-18 13:26:25; 2026-04-18 13:26:25;-90;4; (not associated) ;PREMIER;;;;;;;;;
D6:3F:BC:DE:EE:AB; 2026-04-18 13:26:25; 2026-04-18 13:26:25;-91;1; (not associated) ;;;;;;;;;;
1A:34:F7:EF:46:02; 2026-04-18 13:26:25; 2026-04-18 13:26:25;-61;2; (not associated) ;Murad;;;;;;;;;
82:A9:DA:92:BC:0A; 2026-04-18 13:26:26; 2026-04-18 13:26:26;-64;2; (not associated) ;;;;;;;;;;
AA:88:35:49:4C:80; 2026-04-18 13:26:26; 2026-04-18 13:26:26;-92;1; (not associated) ;;;;;;;;;;
EA:28:61:CE:4A:0A; 2026-04-18 13:26:26; 2026-04-18 13:26:26;-82;2; (not associated) ;;;;;;;;;;
9E:8F:A8:6F:CB:D0; 2026-04-18 13:26:26; 2026-04-18 13:26:26;-88;3; (not associated) ;;;;;;;;;;
36:75:AF:FA:33:FF; 2026-04-18 13:26:26; 2026-04-18 13:26:26;-63;4; (not associated) ;;;;;;;;;;
EE:04:BE:CB:00:A1; 2026-04-18 13:26:26; 2026-04-18 13:26:26;-88;1; (not associated) ;;;;;;;;;;
5E:0A:C1:93:3E:99; 2026-04-18 13:26:26; 2026-04-18 13:26:26;-86;3; (not associated) ;;;;;;;;;;
CE:95:64:69:65:0B; 2026-04-18 13:26:27; 2026-04-18 13:26:27;-90;2; (not associated) ;;;;;;;;;;
A6:48:63:68:A8:6A; 2026-04-18 13:26:28; 2026-04-18 13:26:28;-78;1; (not associated) ;;;;;;;;;;
1A:99:AA:40:4D:A6; 2026-04-18 13:26:28; 2026-04-18 13:26:28;-76;1; (not associated) ;;;;;;;;;;
2E:5B:F1:73:24:69; 2026-04-18 13:26:28; 2026-04-18 13:26:28;-74;2; (not associated) ;;;;;;;;;;
32:02:AD:17:59:4D; 2026-04-18 13:26:28; 2026-04-18 13:26:28;-88;1; (not associated) ;;;;;;;;;;
46:19:53:58:23:56; 2026-04-18 13:26:28; 2026-04-18 13:26:28;-85;2; (not associated) ;;;;;;;;;;
4E:CE:CF:83:36:29; 2026-04-18 13:26:29; 2026-04-18 13:26:29;-71;1; (not associated) ;;;;;;;;;;
2E:62:5A:EE:E4:71; 2026-04-18 13:26:30; 2026-04-18 13:26:31;-84;3; (not associated) ;;;;;;;;;;
9A:6B:38:C1:A5:FE; 2026-04-18 13:26:30; 2026-04-18 13:26:30;-86;1; (not associated) ;;;;;;;;;;
8E:B3:C2:C2:36:66; 2026-04-18 13:26:31; 2026-04-18 13:26:31;-79;2; (not associated) ;;;;;;;;;;
62:92:D4:9A:7C:77; 2026-04-18 13:26:31; 2026-04-18 13:26:31;-69;2; (not associated) ;;;;;;;;;;
9A:8C:90:01:51:DB; 2026-04-18 13:26:31; 2026-04-18 13:26:31;-89;3; (not associated) ;;;;;;;;;;
5A:B2:87:94:07:D3; 2026-04-18 13:26:31; 2026-04-18 13:26:31;-79;2; (not associated) ;;;;;;;;;;
9A:DE:97:0A:BB:0D; 2026-04-18 13:26:31; 2026-04-18 13:26:31;-85;2; (not associated) ;;;;;;;;;;
FE:A9:CB:AD:21:E2; 2026-04-18 13:26:31; 2026-04-18 13:26:31;-87;2; (not associated) ;;;;;;;;;;
16:58:28:7B:AD:64; 2026-04-18 13:26:31; 2026-04-18 13:26:31;-86;2; (not associated) ;;;;;;;;;;
1E:85:0D:2F:A3:E6; 2026-04-18 13:26:31; 2026-04-18 13:26:31;-91;1; (not associated) ;;;;;;;;;;
CA:33:C6:95:72:7D; 2026-04-18 13:26:32; 2026-04-18 13:26:32;-67;2; (not associated) ;;;;;;;;;;
8E:91:4F:36:77:53; 2026-04-18 13:26:32; 2026-04-18 13:26:32;-81;2; (not associated) ;;;;;;;;;;
7E:A5:AD:D4:1C:D1; 2026-04-18 13:26:32; 2026-04-18 13:26:32;-80;2; (not associated) ;;;;;;;;;;
BE:FF:6E:B2:68:64; 2026-04-18 13:26:32; 2026-04-18 13:26:32;-81;2; (not associated) ;;;;;;;;;;
FA:4F:7F:1B:C4:C4; 2026-04-18 13:26:32; 2026-04-18 13:26:32;-67;2; (not associated) ;;;;;;;;;;
CE:60:78:03:0E:42; 2026-04-18 13:26:32; 2026-04-18 13:26:32;-80;2; (not associated) ;;;;;;;;;;
BE:F7:C2:CA:3D:22; 2026-04-18 13:26:32; 2026-04-18 13:26:32;-80;1; (not associated) ;;;;;;;;;;
BA:40:A5:59:BD:2F; 2026-04-18 13:26:32; 2026-04-18 13:26:32;-79;1; (not associated) ;;;;;;;;;;
D2:73:6D:7E:94:9B; 2026-04-18 13:26:32; 2026-04-18 13:26:32;-87;2; (not associated) ;;;;;;;;;;
CA:BA:E5:7C:8E:EE; 2026-04-18 13:26:32; 2026-04-18 13:26:32;-77;2; (not associated) ;;;;;;;;;;
96:94:B6:9C:47:EF; 2026-04-18 13:26:32; 2026-04-18 13:26:32;-78;1; (not associated) ;;;;;;;;;;
C6:C6:C2:8F:D6:BB; 2026-04-18 13:26:33; 2026-04-18 13:26:33;-80;1; (not associated) ;;;;;;;;;;
8A:FF:E1:AA:9D:55; 2026-04-18 13:26:33; 2026-04-18 13:26:33;-81;1; (not associated) ;;;;;;;;;;
5E:21:44:F0:BE:49; 2026-04-18 13:26:33; 2026-04-18 13:26:33;-89;1; (not associated) ;;;;;;;;;;
DA:1B:BD:95:AD:F3; 2026-04-18 13:26:33; 2026-04-18 13:26:33;-89;2; (not associated) ;;;;;;;;;;
82:29:60:3B:50:7C; 2026-04-18 13:26:34; 2026-04-18 13:26:34;-72;2; (not associated) ;;;;;;;;;;
46:F1:54:A6:C8:D8; 2026-04-18 13:26:34; 2026-04-18 13:26:34;-90;1; (not associated) ;;;;;;;;;;
5A:44:8B:1A:B8:A6; 2026-04-18 13:26:38; 2026-04-18 13:26:38;-92;2; (not associated) ;;;;;;;;;;
AE:38:FE:DF:84:A4; 2026-04-18 13:26:39; 2026-04-18 13:26:39;-92;1; (not associated) ;;;;;;;;;;
72:23:E4:76:98:6C; 2026-04-18 13:26:40; 2026-04-18 13:26:40;-87;2; (not associated) ;;;;;;;;;;
F6:DD:5A:80:B7:FF; 2026-04-18 13:26:40; 2026-04-18 13:26:40;-89;2; (not associated) ;;;;;;;;;;
D2:14:D4:C7:1F:C0; 2026-04-18 13:26:40; 2026-04-18 13:26:40;-89;1; (not associated) ;;;;;;;;;;
1E:00:15:0C:B5:22; 2026-04-18 13:26:40; 2026-04-18 13:26:40;-89;1; (not associated) ;;;;;;;;;;
E6:2F:8B:B7:E6:39; 2026-04-18 13:26:40; 2026-04-18 13:26:40;-86;1; (not associated) ;;;;;;;;;;
F6:E5:15:04:34:71; 2026-04-18 13:26:41; 2026-04-18 13:26:41;-90;3; (not associated) ;;;;;;;;;;
32:36:C9:68:CB:F5; 2026-04-18 13:26:41; 2026-04-18 13:26:41;-89;2; (not associated) ;;;;;;;;;;
06:E4:0B:25:B9:4F; 2026-04-18 13:26:41; 2026-04-18 13:26:41;-69;2; (not associated) ;;;;;;;;;;
6A:96:2D:FE:88:1F; 2026-04-18 13:26:48; 2026-04-18 13:26:48;-91;1; (not associated) ;;;;;;;;;;
5A:33:76:4B:46:D1; 2026-04-18 13:26:48; 2026-04-18 13:26:48;-89;1; (not associated) ;;;;;;;;;;
62:81:E3:54:4B:E9; 2026-04-18 13:26:48; 2026-04-18 13:26:48;-67;2; (not associated) ;;;;;;;;;;
B2:D0:4A:5C:4C:43; 2026-04-18 13:26:48; 2026-04-18 13:26:48;-66;8; (not associated) ;407646 - zelenaya.net;Redmi 12;;;;;;;;
D6:6F:F7:64:97:6E; 2026-04-18 13:26:48; 2026-04-18 13:26:48;-1;17; A6:34:A3:B9:0D:AA;;;;;;;;;;
AA:D9:81:47:89:4D; 2026-04-18 13:26:48; 2026-04-18 13:26:48;-59;4; (not associated) ;;;;;;;;;;
6A:61:CF:68:67:EE; 2026-04-18 13:26:48; 2026-04-18 13:26:48;-88;1; (not associated) ;;;;;;;;;;
C2:61:E3:26:12:FC; 2026-04-18 13:26:48; 2026-04-18 13:26:48;-58;13; (not associated) ;Beeline_5G_FF4294;DIR-615_EXT2;;;;;;;;
EA:8F:03:37:FF:12; 2026-04-18 13:26:48; 2026-04-18 13:26:48;-88;1; (not associated) ;;;;;;;;;;
02:AB:65:51:C7:86; 2026-04-18 13:26:48; 2026-04-18 13:26:48;-88;1; (not associated) ;PREMIER;;;;;;;;;
AE:23:C5:D8:44:65; 2026-04-18 13:26:48; 2026-04-18 13:26:48;-80;1; (not associated) ;;;;;;;;;;
32:84:B0:1B:DA:F7; 2026-04-18 13:26:48; 2026-04-18 13:26:48;-84;5; (not associated) ;;;;;;;;;;
B2:59:A0:B4:85:5B; 2026-04-18 13:26:48; 2026-04-18 13:26:48;-86;1; (not associated) ;;;;;;;;;;
C2:5F:27:C7:C2:00; 2026-04-18 13:26:48; 2026-04-18 13:26:48;-73;2; (not associated) ;;;;;;;;;;
D2:C1:51:06:3B:A6; 2026-04-18 13:26:48; 2026-04-18 13:26:48;-70;2; (not associated) ;;;;;;;;;;
72:53:01:1D:54:B4; 2026-04-18 13:26:48; 2026-04-18 13:26:48;-85;6; (not associated) ;Galaxy A51444D;;;;;;;;;
0A:9B:90:34:81:6A; 2026-04-18 13:26:48; 2026-04-18 13:26:48;-67;3; (not associated) ;;;;;;;;;;
16:2B:53:88:5C:BF; 2026-04-18 13:26:48; 2026-04-18 13:26:48;-90;1; (not associated) ;;;;;;;;;;
5E:03:9A:34:9A:9B; 2026-04-18 13:26:48; 2026-04-18 13:26:48;-69;2; (not associated) ;;;;;;;;;;
26:3F:F5:86:20:F1; 2026-04-18 13:26:48; 2026-04-18 13:26:48;-64;2; (not associated) ;;;;;;;;;;
36:0E:9E:8B:A5:A5; 2026-04-18 13:26:48; 2026-04-18 13:27:30;-72;15; (not associated) ;;;;;;;;;;
24:18:1D:31:87:AA; 2026-04-18 13:26:48; 2026-04-18 13:26:48;-91;2; (not associated) ;;;;;;;;;;
C2:7F:40:20:03:9A; 2026-04-18 13:26:48; 2026-04-18 13:26:48;-80;2; (not associated) ;;;;;;;;;;
72:72:D8:98:87:B7; 2026-04-18 13:26:48; 2026-04-18 13:26:48;-91;2; (not associated) ;;;;;;;;;;
E6:8B:69:96:28:63; 2026-04-18 13:26:48; 2026-04-18 13:26:48;-88;2; (not associated) ;;;;;;;;;;
0A:12:0C:9D:2D:DD; 2026-04-18 13:26:48; 2026-04-18 13:26:48;-62;2; (not associated) ;;;;;;;;;;
32:12:0F:31:23:26; 2026-04-18 13:26:48; 2026-04-18 13:26:48;-82;1; (not associated) ;;;;;;;;;;
2A:C9:41:3F:E2:D0; 2026-04-18 13:26:52; 2026-04-18 13:26:52;-64;2; (not associated) ;;;;;;;;;;
FE:E7:02:6C:0D:07; 2026-04-18 13:26:55; 2026-04-18 13:26:55;-81;2; (not associated) ;;;;;;;;;;
00:F1:CA:80:FE:A9; 2026-04-18 13:26:55; 2026-04-18 13:27:41;-92;23; 41:36:5A:FC:F8:D5;;;;;;;;;;
0A:67:32:21:4E:AE; 2026-04-18 13:26:55; 2026-04-18 13:26:55;-92;2; (not associated) ;;;;;;;;;;
CE:DE:11:3A:59:16; 2026-04-18 13:26:56; 2026-04-18 13:26:56;-90;2; (not associated) ;;;;;;;;;;
BE:3B:0B:F5:92:A5; 2026-04-18 13:26:56; 2026-04-18 13:26:56;-89;3; (not associated) ;;;;;;;;;;
EA:02:47:AE:0C:65; 2026-04-18 13:26:56; 2026-04-18 13:26:56;-81;1; (not associated) ;;;;;;;;;;
EA:73:27:7B:25:49; 2026-04-18 13:26:56; 2026-04-18 13:26:56;-79;1; (not associated) ;;;;;;;;;;
BE:C4:6E:70:CD:DC; 2026-04-18 13:26:56; 2026-04-18 13:26:56;-92;1; (not associated) ;;;;;;;;;;
32:57:06:28:2B:B3; 2026-04-18 13:26:56; 2026-04-18 13:26:56;-93;1; (not associated) ;;;;;;;;;;
46:DD:C4:A9:A7:8F; 2026-04-18 13:26:56; 2026-04-18 13:26:56;-77;2; (not associated) ;;;;;;;;;;
2E:FF:0B:22:5D:56; 2026-04-18 13:26:56; 2026-04-18 13:26:56;-66;2; (not associated) ;;;;;;;;;;
8A:80:EA:2A:6E:BB; 2026-04-18 13:26:57; 2026-04-18 13:26:57;-89;2; (not associated) ;;;;;;;;;;
CA:F5:D4:0C:04:E8; 2026-04-18 13:26:57; 2026-04-18 13:26:57;-67;2; (not associated) ;;;;;;;;;;
D2:2B:9A:CF:53:E9; 2026-04-18 13:26:57; 2026-04-18 13:26:57;-68;2; (not associated) ;;;;;;;;;;
02:70:8F:5F:39:E6; 2026-04-18 13:26:57; 2026-04-18 13:26:57;-90;2; (not associated) ;;;;;;;;;;
BA:93:79:30:E8:A1; 2026-04-18 13:26:57; 2026-04-18 13:26:57;-89;2; (not associated) ;;;;;;;;;;
EA:60:45:6D:88:9A; 2026-04-18 13:26:58; 2026-04-18 13:26:58;-79;1; (not associated) ;;;;;;;;;;
16:70:44:E1:AD:B7; 2026-04-18 13:26:59; 2026-04-18 13:26:59;-77;5; (not associated) ;;;;;;;;;;
E6:F6:F2:E0:A3:50; 2026-04-18 13:26:59; 2026-04-18 13:26:59;-69;4; (not associated) ;;;;;;;;;;
06:0E:10:E3:EB:93; 2026-04-18 13:26:59; 2026-04-18 13:26:59;-89;2; (not associated) ;;;;;;;;;;
4A:B5:0F:09:59:F6; 2026-04-18 13:27:00; 2026-04-18 13:27:00;-75;3; (not associated) ;;;;;;;;;;
B2:FD:DD:D2:2A:33; 2026-04-18 13:27:01; 2026-04-18 13:27:01;-87;2; (not associated) ;;;;;;;;;;
36:C1:27:C0:3E:39; 2026-04-18 13:27:01; 2026-04-18 13:27:01;-73;4; (not associated) ;;;;;;;;;;
24:24:B7:5A:C1:40; 2026-04-18 13:27:01; 2026-04-18 13:27:42;-91;46; 6C:99:89:A6:09:2E;MT_FREE;;;;;;;;;
8E:E7:D6:B2:76:4D; 2026-04-18 13:27:01; 2026-04-18 13:27:01;-86;2; (not associated) ;;;;;;;;;;
92:FB:B9:3F:80:92; 2026-04-18 13:27:01; 2026-04-18 13:27:01;-91;1; (not associated) ;;;;;;;;;;
DA:A0:8C:FF:93:CE; 2026-04-18 13:27:02; 2026-04-18 13:27:02;-89;1; (not associated) ;;;;;;;;;;
F2:13:0D:C9:61:D8; 2026-04-18 13:27:02; 2026-04-18 13:27:02;-67;2; (not associated) ;;;;;;;;;;
32:2A:14:D6:93:1C; 2026-04-18 13:27:02; 2026-04-18 13:27:02;-91;2; (not associated) ;;;;;;;;;;
E6:0E:2D:E1:D3:EE; 2026-04-18 13:27:02; 2026-04-18 13:27:02;-85;2; (not associated) ;;;;;;;;;;
0A:EC:9F:4B:3C:21; 2026-04-18 13:27:02; 2026-04-18 13:27:02;-80;2; (not associated) ;;;;;;;;;;
EE:97:C2:16:E1:B5; 2026-04-18 13:27:02; 2026-04-18 13:27:02;-71;3; (not associated) ;;;;;;;;;;
62:D5:BE:A6:4E:1A; 2026-04-18 13:27:02; 2026-04-18 13:27:02;-89;1; (not associated) ;;;;;;;;;;
CE:F4:53:1A:83:83; 2026-04-18 13:27:02; 2026-04-18 13:27:02;-83;2; (not associated) ;;;;;;;;;;
DE:01:99:BE:C7:42; 2026-04-18 13:27:02; 2026-04-18 13:27:02;-81;2; (not associated) ;;;;;;;;;;
F6:AE:13:B1:B9:79; 2026-04-18 13:27:02; 2026-04-18 13:28:04;-86;6; (not associated) ;;;;;;;;;;
E6:D3:C1:B8:3B:9F; 2026-04-18 13:27:02; 2026-04-18 13:27:02;-75;2; (not associated) ;;;;;;;;;;
F6:D0:0F:40:BC:F1; 2026-04-18 13:27:03; 2026-04-18 13:27:03;-89;2; (not associated) ;;;;;;;;;;
72:1B:43:4C:D5:BA; 2026-04-18 13:27:03; 2026-04-18 13:27:03;-85;2; (not associated) ;;;;;;;;;;
6A:2A:CC:2A:45:25; 2026-04-18 13:27:03; 2026-04-18 13:27:03;-89;2; (not associated) ;;;;;;;;;;
E6:D1:D7:BB:C9:C5; 2026-04-18 13:27:03; 2026-04-18 13:27:03;-81;2; (not associated) ;;;;;;;;;;
EE:21:DB:19:DA:1C; 2026-04-18 13:27:03; 2026-04-18 13:27:03;-55;6; (not associated) ;Beeline_5G_FF4294;DIR-615_EXT2;;;;;;;;
D6:E2:BB:53:16:0E; 2026-04-18 13:27:03; 2026-04-18 13:27:03;-82;2; (not associated) ;;;;;;;;;;
CA:A1:28:FB:F8:FD; 2026-04-18 13:27:04; 2026-04-18 13:27:04;-59;1; (not associated) ;;;;;;;;;;
F6:04:FB:6E:5E:DD; 2026-04-18 13:27:04; 2026-04-18 13:27:04;-88;1; C4:14:3C:E5:99:1E;;;;;;;;;;
A2:20:23:92:75:45; 2026-04-18 13:27:04; 2026-04-18 13:27:04;-62;2; (not associated) ;;;;;;;;;;
CE:29:B4:71:4A:F9; 2026-04-18 13:27:04; 2026-04-18 13:27:04;-82;2; C4:14:3C:E5:99:1E;;;;;;;;;;
8A:66:0D:B2:35:B5; 2026-04-18 13:27:04; 2026-04-18 13:27:04;-88;2; (not associated) ;;;;;;;;;;
A4:4B:D5:28:8F:4C; 2026-04-18 13:27:04; 2026-04-18 13:27:05;-88;61; 58:0A:20:68:32:2E;;;;;;;;;;
A6:7F:02:5D:D9:C7; 2026-04-18 13:27:04; 2026-04-18 13:27:43;-81;38; 58:0A:20:68:32:2E;MT_FREE;;;;;;;;;
E2:51:20:39:B6:56; 2026-04-18 13:27:05; 2026-04-18 13:27:05;-79;2; 58:0A:20:68:32:2E;;;;;;;;;;
26:97:63:50:CE:9D; 2026-04-18 13:27:05; 2026-04-18 13:27:05;-91;1; (not associated) ;;;;;;;;;;
00:F1:CA:80:FE:75; 2026-04-18 13:27:09; 2026-04-18 13:28:11;-92;22; 41:36:5A:FC:F8:D5;;;;;;;;;;
2E:38:38:50:CE:99; 2026-04-18 13:27:09; 2026-04-18 13:27:09;-89;2; (not associated) ;;;;;;;;;;
62:F9:9A:92:7E:06; 2026-04-18 13:27:10; 2026-04-18 13:27:10;-74;6; (not associated) ;407646 - zelenaya.net;Redmi 12;;;;;;;;
86:F0:3B:CC:27:9C; 2026-04-18 13:27:11; 2026-04-18 13:27:11;-92;2; (not associated) ;;;;;;;;;;
62:26:09:51:39:A7; 2026-04-18 13:27:11; 2026-04-18 13:27:11;-84;2; (not associated) ;;;;;;;;;;
A2:50:6D:7C:50:1F; 2026-04-18 13:27:11; 2026-04-18 13:27:11;-91;1; (not associated) ;;;;;;;;;;
00:BE:3B:E3:4D:8F; 2026-04-18 13:27:11; 2026-04-18 13:27:11;-78;2; (not associated) ;;;;;;;;;;
8A:BA:A0:C4:FA:89; 2026-04-18 13:27:11; 2026-04-18 13:27:11;-94;1; (not associated) ;;;;;;;;;;
F6:9A:0A:F0:17:84; 2026-04-18 13:27:11; 2026-04-18 13:27:12;-83;3; (not associated) ;;;;;;;;;;
1E:57:93:29:0B:A2; 2026-04-18 13:27:12; 2026-04-18 13:27:12;-88;2; (not associated) ;;;;;;;;;;
22:D4:30:44:BB:EC; 2026-04-18 13:27:12; 2026-04-18 13:27:12;-82;2; (not associated) ;;;;;;;;;;
6E:88:2E:95:19:53; 2026-04-18 13:27:13; 2026-04-18 13:27:13;-91;2; (not associated) ;;;;;;;;;;
0A:2D:B9:60:13:92; 2026-04-18 13:27:13; 2026-04-18 13:27:13;-59;2; (not associated) ;;;;;;;;;;
2A:76:A0:7C:CD:6A; 2026-04-18 13:27:14; 2026-04-18 13:27:14;-85;1; (not associated) ;;;;;;;;;;
94:8B:93:F8:B1:26; 2026-04-18 13:27:14; 2026-04-18 13:30:07;-89;17; (not associated) ;;;;;;;;;;
12:71:57:43:CF:50; 2026-04-18 13:27:14; 2026-04-18 13:27:14;-89;1; (not associated) ;;;;;;;;;;
7A:FE:3F:9A:78:35; 2026-04-18 13:27:14; 2026-04-18 13:27:14;-87;1; (not associated) ;;;;;;;;;;
52:38:07:05:50:35; 2026-04-18 13:27:16; 2026-04-18 13:27:16;-78;1; (not associated) ;;;;;;;;;;
12:54:0A:EC:10:96; 2026-04-18 13:27:16; 2026-04-18 13:27:16;-77;1; (not associated) ;;;;;;;;;;
06:A1:C9:88:34:68; 2026-04-18 13:27:16; 2026-04-18 13:28:12;-61;62; 6C:99:89:0D:D4:61;;;;;;;;;;
5A:17:6C:6A:CF:BC; 2026-04-18 13:27:16; 2026-04-18 13:27:16;-82;2; (not associated) ;;;;;;;;;;
26:43:F3:FA:BF:7B; 2026-04-18 13:27:16; 2026-04-18 13:27:16;-70;1; (not associated) ;;;;;;;;;;
D6:A3:65:1D:C1:A1; 2026-04-18 13:27:17; 2026-04-18 13:27:17;-60;2; (not associated) ;;;;;;;;;;
46:70:8B:8A:64:3B; 2026-04-18 13:27:17; 2026-04-18 13:27:32;-79;4; 6C:99:89:0D:D4:6E;;;;;;;;;;
6A:C4:C4:00:C9:17; 2026-04-18 13:27:17; 2026-04-18 13:27:17;-84;2; (not associated) ;;;;;;;;;;
4A:6D:28:34:58:1E; 2026-04-18 13:27:17; 2026-04-18 13:27:17;-74;2; (not associated) ;;;;;;;;;;
26:E6:49:DD:AA:53; 2026-04-18 13:27:17; 2026-04-18 13:27:17;-90;2; (not associated) ;;;;;;;;;;
3A:E7:6B:7D:33:DA; 2026-04-18 13:27:17; 2026-04-18 13:27:17;-77;2; (not associated) ;;;;;;;;;;
1A:3F:6B:21:1B:C3; 2026-04-18 13:27:17; 2026-04-18 13:27:17;-83;2; 6C:99:89:0D:D4:6E;;;;;;;;;;
D6:17:61:4F:51:8F; 2026-04-18 13:27:17; 2026-04-18 13:27:17;-75;2; (not associated) ;;;;;;;;;;
78:A7:C7:99:5F:EE; 2026-04-18 13:27:17; 2026-04-18 13:27:17;-91;1; (not associated) ;MT_FREE;;;;;;;;;
CA:00:33:68:A5:B6; 2026-04-18 13:27:18; 2026-04-18 13:27:18;-83;2; (not associated) ;;;;;;;;;;
7A:8F:15:8A:1E:26; 2026-04-18 13:27:18; 2026-04-18 13:27:18;-82;1; (not associated) ;;;;;;;;;;
B6:9A:78:5B:0A:60; 2026-04-18 13:27:18; 2026-04-18 13:27:18;-82;1; (not associated) ;;;;;;;;;;
1A:AA:45:33:2A:E4; 2026-04-18 13:27:18; 2026-04-18 13:27:18;-85;2; (not associated) ;;;;;;;;;;
EA:E6:77:A3:78:BA; 2026-04-18 13:27:18; 2026-04-18 13:27:18;-71;2; (not associated) ;;;;;;;;;;
1E:8B:09:56:EE:3D; 2026-04-18 13:27:18; 2026-04-18 13:27:18;-82;2; (not associated) ;;;;;;;;;;
F2:D2:D7:13:1D:40; 2026-04-18 13:27:19; 2026-04-18 13:27:19;-77;1; (not associated) ;;;;;;;;;;
C2:29:38:D8:81:A0; 2026-04-18 13:27:19; 2026-04-18 13:27:19;-88;2; (not associated) ;;;;;;;;;;
CE:00:32:3A:EF:1E; 2026-04-18 13:27:19; 2026-04-18 13:27:19;-79;4; (not associated) ;;;;;;;;;;
B2:E7:80:6B:4A:3F; 2026-04-18 13:27:19; 2026-04-18 13:27:19;-92;1; (not associated) ;;;;;;;;;;
8A:0F:C2:B4:B1:E9; 2026-04-18 13:27:19; 2026-04-18 13:27:19;-81;1; (not associated) ;;;;;;;;;;
0E:D4:A0:4A:80:DF; 2026-04-18 13:27:19; 2026-04-18 13:27:19;-83;1; (not associated) ;;;;;;;;;;
EE:62:F2:C5:B9:BD; 2026-04-18 13:27:19; 2026-04-18 13:27:19;-89;1; (not associated) ;;;;;;;;;;
EE:E7:B5:E0:26:F3; 2026-04-18 13:27:19; 2026-04-18 13:27:19;-48;2; (not associated) ;;;;;;;;;;
6E:7F:A4:F0:5A:5B; 2026-04-18 13:27:20; 2026-04-18 13:27:20;-54;4; (not associated) ;;;;;;;;;;
E6:53:C2:F0:E7:3C; 2026-04-18 13:27:20; 2026-04-18 13:27:20;-87;2; (not associated) ;;;;;;;;;;
7E:2A:DB:20:1F:1F; 2026-04-18 13:27:20; 2026-04-18 13:27:20;-67;2; (not associated) ;;;;;;;;;;
FA:C1:95:86:1A:3D; 2026-04-18 13:27:20; 2026-04-18 13:27:20;-87;2; (not associated) ;;;;;;;;;;
AA:C2:34:CF:13:C3; 2026-04-18 13:27:22; 2026-04-18 13:27:22;-92;2; (not associated) ;;;;;;;;;;
7A:37:0F:B7:17:B2; 2026-04-18 13:27:23; 2026-04-18 13:27:23;-52;9; (not associated) ;Beeline_5G_FF4294;DIR-615_EXT2;;;;;;;;
7E:CC:E2:C3:36:28; 2026-04-18 13:27:24; 2026-04-18 13:27:24;-58;2; (not associated) ;;;;;;;;;;
AA:6B:D9:45:91:93; 2026-04-18 13:27:26; 2026-04-18 13:27:26;-92;1; (not associated) ;;;;;;;;;;
0A:CD:F7:17:27:3E; 2026-04-18 13:27:26; 2026-04-18 13:27:26;-90;1; (not associated) ;;;;;;;;;;
52:8B:AD:E6:4A:FA; 2026-04-18 13:27:26; 2026-04-18 13:27:26;-86;3; (not associated) ;;;;;;;;;;
BA:E8:30:E9:15:26; 2026-04-18 13:27:26; 2026-04-18 13:27:26;-86;2; (not associated) ;;;;;;;;;;
76:C2:E3:B2:A9:6D; 2026-04-18 13:27:26; 2026-04-18 13:27:26;-71;2; (not associated) ;;;;;;;;;;
CE:B7:AA:60:59:F0; 2026-04-18 13:27:27; 2026-04-18 13:27:27;-86;2; (not associated) ;;;;;;;;;;
C2:9F:2E:24:CE:49; 2026-04-18 13:27:27; 2026-04-18 13:27:32;-84;375; 6C:99:89:0D:D4:6E;MT_FREE;;;;;;;;;
0A:6D:4C:9F:11:B4; 2026-04-18 13:27:27; 2026-04-18 13:27:27;-88;2; (not associated) ;;;;;;;;;;
DA:98:DE:44:80:38; 2026-04-18 13:27:27; 2026-04-18 13:27:27;-79;2; (not associated) ;;;;;;;;;;
9A:08:BD:32:64:E8; 2026-04-18 13:27:27; 2026-04-18 13:27:27;-87;1; (not associated) ;;;;;;;;;;
26:D7:AF:E6:15:3A; 2026-04-18 13:27:27; 2026-04-18 13:27:27;-91;2; (not associated) ;;;;;;;;;;
3A:A1:FE:26:06:6E; 2026-04-18 13:27:27; 2026-04-18 13:27:27;-84;2; (not associated) ;;;;;;;;;;
7E:9B:5D:D7:0A:1B; 2026-04-18 13:27:28; 2026-04-18 13:27:28;-53;2; (not associated) ;;;;;;;;;;
86:1F:76:83:3A:4C; 2026-04-18 13:27:28; 2026-04-18 13:27:28;-68;4; (not associated) ;;;;;;;;;;
4E:BA:7E:84:FB:4D; 2026-04-18 13:27:28; 2026-04-18 13:27:28;-81;2; (not associated) ;;;;;;;;;;
1A:D2:4E:FC:BA:AF; 2026-04-18 13:27:28; 2026-04-18 13:27:28;-76;2; (not associated) ;;;;;;;;;;
4A:12:C6:2C:24:32; 2026-04-18 13:27:28; 2026-04-18 13:27:28;-86;2; (not associated) ;;;;;;;;;;
02:04:30:49:92:02; 2026-04-18 13:27:28; 2026-04-18 13:27:28;-83;1; (not associated) ;;;;;;;;;;
2A:EB:50:3A:75:A6; 2026-04-18 13:27:28; 2026-04-18 13:27:28;-66;1; (not associated) ;;;;;;;;;;
A6:D1:2E:D6:BA:D1; 2026-04-18 13:27:29; 2026-04-18 13:27:29;-80;1; (not associated) ;;;;;;;;;;
02:D8:A5:2C:62:3F; 2026-04-18 13:27:29; 2026-04-18 13:27:29;-88;2; (not associated) ;;;;;;;;;;
66:A5:CB:05:15:8E; 2026-04-18 13:27:29; 2026-04-18 13:27:29;-88;1; (not associated) ;;;;;;;;;;
62:6B:62:90:57:BD; 2026-04-18 13:27:29; 2026-04-18 13:27:29;-90;2; (not associated) ;;;;;;;;;;
4E:1D:04:D9:E0:46; 2026-04-18 13:27:29; 2026-04-18 13:27:29;-85;1; (not associated) ;;;;;;;;;;
FA:C8:FC:6D:C7:21; 2026-04-18 13:27:29; 2026-04-18 13:27:29;-79;1; (not associated) ;;;;;;;;;;
76:4B:D1:87:C2:4B; 2026-04-18 13:27:29; 2026-04-18 13:27:29;-77;1; (not associated) ;;;;;;;;;;
3E:85:40:68:F1:78; 2026-04-18 13:27:29; 2026-04-18 13:27:29;-84;1; (not associated) ;;;;;;;;;;
8A:6A:25:8F:D4:00; 2026-04-18 13:27:30; 2026-04-18 13:27:30;-84;1; (not associated) ;;;;;;;;;;
7E:74:A1:0D:B0:2D; 2026-04-18 13:27:30; 2026-04-18 13:27:30;-73;2; (not associated) ;;;;;;;;;;
DE:90:89:EB:76:AA; 2026-04-18 13:27:31; 2026-04-18 13:27:31;-77;1; (not associated) ;;;;;;;;;;
CA:51:65:70:33:10; 2026-04-18 13:27:31; 2026-04-18 13:27:31;-75;3; (not associated) ;;;;;;;;;;
B2:1F:A9:61:23:6F; 2026-04-18 13:27:31; 2026-04-18 13:27:31;-78;1; (not associated) ;;;;;;;;;;
E6:05:D3:12:AF:6D; 2026-04-18 13:27:31; 2026-04-18 13:27:31;-64;1; (not associated) ;;;;;;;;;;
36:FC:7D:BC:29:FF; 2026-04-18 13:27:31; 2026-04-18 13:27:32;-65;8; (not associated) ;;;;;;;;;;
96:78:B1:91:5D:4E; 2026-04-18 13:27:31; 2026-04-18 13:27:31;-65;1; (not associated) ;;;;;;;;;;
EA:75:65:A6:9A:51; 2026-04-18 13:27:31; 2026-04-18 13:27:31;-67;2; (not associated) ;;;;;;;;;;
C2:E9:AF:55:63:3B; 2026-04-18 13:27:31; 2026-04-18 13:28:06;-81;861; C4:14:3C:FB:C5:8E;MT_FREE;;;;;;;;;
18:19:D6:4C:4C:7B; 2026-04-18 13:27:31; 2026-04-18 13:27:42;-81;4; 58:0A:20:68:32:21;MT_FREE;;;;;;;;;
C6:5B:A4:61:DF:64; 2026-04-18 13:27:32; 2026-04-18 13:27:32;-61;1; (not associated) ;;;;;;;;;;
46:C6:88:C4:40:04; 2026-04-18 13:27:32; 2026-04-18 13:27:32;-63;1; (not associated) ;;;;;;;;;;
BA:BF:79:F5:1E:B5; 2026-04-18 13:27:32; 2026-04-18 13:27:32;-61;1; (not associated) ;;;;;;;;;;
7E:18:BD:81:46:03; 2026-04-18 13:27:32; 2026-04-18 13:27:32;-62;1; (not associated) ;;;;;;;;;;
B2:47:0E:83:5E:27; 2026-04-18 13:27:32; 2026-04-18 13:27:32;-88;2; (not associated) ;;;;;;;;;;
FE:2D:B0:94:75:22; 2026-04-18 13:27:32; 2026-04-18 13:27:32;-75;2; (not associated) ;14-68;;;;;;;;;
6A:9D:8F:37:FD:97; 2026-04-18 13:27:32; 2026-04-18 13:27:32;-89;2; (not associated) ;;;;;;;;;;
60:70:33:8C:5A:0D; 2026-04-18 13:27:32; 2026-04-18 13:27:32;-87;2; (not associated) ;;;;;;;;;;
A6:FE:26:37:9E:E3; 2026-04-18 13:27:32; 2026-04-18 13:27:32;-79;2; (not associated) ;;;;;;;;;;
B2:DD:13:39:5A:08; 2026-04-18 13:27:32; 2026-04-18 13:27:32;-89;6; (not associated) ;407646 - zelenaya.net;Redmi 12;;;;;;;;
62:B5:9F:07:AD:A9; 2026-04-18 13:27:32; 2026-04-18 13:27:32;-82;2; (not associated) ;;;;;;;;;;
8E:21:C4:C9:DB:3F; 2026-04-18 13:27:32; 2026-04-18 13:27:32;-87;2; (not associated) ;;;;;;;;;;
56:99:F1:1C:D9:8D; 2026-04-18 13:27:32; 2026-04-18 13:27:32;-83;4; (not associated) ;;;;;;;;;;
7A:A4:2B:E6:7A:2D; 2026-04-18 13:27:33; 2026-04-18 13:27:33;-83;2; (not associated) ;;;;;;;;;;
1E:4E:90:13:BC:07; 2026-04-18 13:27:33; 2026-04-18 13:27:33;-85;2; (not associated) ;;;;;;;;;;
96:48:FE:B3:A5:4B; 2026-04-18 13:27:33; 2026-04-18 13:27:33;-86;2; (not associated) ;;;;;;;;;;
92:CF:13:4C:D7:59; 2026-04-18 13:27:33; 2026-04-18 13:27:33;-87;2; (not associated) ;;;;;;;;;;
92:6D:DD:7A:01:A5; 2026-04-18 13:27:33; 2026-04-18 13:27:33;-83;2; (not associated) ;;;;;;;;;;
96:82:29:40:69:FF; 2026-04-18 13:27:34; 2026-04-18 13:27:34;-85;2; (not associated) ;;;;;;;;;;
CA:7B:F6:12:D7:4B; 2026-04-18 13:27:34; 2026-04-18 13:27:34;-90;2; (not associated) ;;;;;;;;;;
02:07:0A:97:BE:17; 2026-04-18 13:27:34; 2026-04-18 13:27:34;-82;1; (not associated) ;;;;;;;;;;
46:37:96:12:8E:03; 2026-04-18 13:27:34; 2026-04-18 13:27:34;-77;1; (not associated) ;;;;;;;;;;
7A:F7:55:C0:7F:04; 2026-04-18 13:27:34; 2026-04-18 13:27:34;-54;2; (not associated) ;;;;;;;;;;
F2:9A:F4:90:31:69; 2026-04-18 13:27:34; 2026-04-18 13:27:34;-71;1; (not associated) ;;;;;;;;;;
76:AA:ED:16:C1:F0; 2026-04-18 13:27:34; 2026-04-18 13:27:34;-73;1; (not associated) ;;;;;;;;;;
EA:36:1E:37:D0:4F; 2026-04-18 13:27:34; 2026-04-18 13:27:34;-86;2; (not associated) ;;;;;;;;;;
6A:85:0C:12:3D:66; 2026-04-18 13:27:34; 2026-04-18 13:27:34;-82;2; (not associated) ;;;;;;;;;;
1A:2C:CB:3E:F2:D7; 2026-04-18 13:27:34; 2026-04-18 13:27:34;-80;1; (not associated) ;;;;;;;;;;
2E:D2:0B:44:D2:CA; 2026-04-18 13:27:34; 2026-04-18 13:27:34;-79;1; (not associated) ;;;;;;;;;;
B4:A5:AC:A9:FC:B9; 2026-04-18 13:27:34; 2026-04-18 13:27:35;-78;9; C4:14:3C:E5:99:1E;;;;;;;;;;
06:58:ED:50:26:77; 2026-04-18 13:27:35; 2026-04-18 13:27:35;-83;2; (not associated) ;;;;;;;;;;
A6:24:DF:2F:E1:B8; 2026-04-18 13:27:36; 2026-04-18 13:27:36;-87;3; (not associated) ;RZD;akvagrad;;;;;;;;
12:AD:29:A5:67:D6; 2026-04-18 13:27:36; 2026-04-18 13:27:36;-69;2; (not associated) ;;;;;;;;;;
28:84:D0:FE:3B:30; 2026-04-18 13:27:36; 2026-04-18 13:27:36;-90;1; (not associated) ;;;;;;;;;;
52:35:26:A1:49:2B; 2026-04-18 13:27:40; 2026-04-18 13:27:48;-80;5; (not associated) ;MT_FREE;;;;;;;;;
96:41:8B:49:E2:9A; 2026-04-18 13:27:41; 2026-04-18 13:27:41;-89;2; (not associated) ;;;;;;;;;;
A2:E2:7B:69:C8:F3; 2026-04-18 13:27:41; 2026-04-18 13:27:41;-93;2; (not associated) ;;;;;;;;;;
4E:29:05:9C:72:E9; 2026-04-18 13:27:42; 2026-04-18 13:27:42;-89;2; (not associated) ;;;;;;;;;;
D6:05:EB:DE:F6:BA; 2026-04-18 13:27:42; 2026-04-18 13:27:42;-95;1; (not associated) ;;;;;;;;;;
FA:77:0B:20:AE:A3; 2026-04-18 13:27:42; 2026-04-18 13:27:42;-90;2; (not associated) ;;;;;;;;;;
72:6C:CB:08:E6:45; 2026-04-18 13:27:42; 2026-04-18 13:27:42;-72;2; (not associated) ;;;;;;;;;;
22:87:14:17:F1:63; 2026-04-18 13:27:42; 2026-04-18 13:27:42;-92;2; (not associated) ;;;;;;;;;;
7E:E4:F3:1D:D0:35; 2026-04-18 13:27:42; 2026-04-18 13:27:42;-81;2; (not associated) ;;;;;;;;;;
D2:98:AE:74:34:1B; 2026-04-18 13:27:42; 2026-04-18 13:27:42;-73;1; (not associated) ;;;;;;;;;;
D6:8B:01:58:23:30; 2026-04-18 13:27:42; 2026-04-18 13:27:42;-89;1; (not associated) ;;;;;;;;;;
62:88:65:9A:93:DF; 2026-04-18 13:27:42; 2026-04-18 13:27:42;-87;2; (not associated) ;;;;;;;;;;
12:F5:C9:28:94:63; 2026-04-18 13:27:43; 2026-04-18 13:27:43;-89;2; (not associated) ;;;;;;;;;;
B2:E7:E4:26:A7:D8; 2026-04-18 13:27:43; 2026-04-18 13:27:43;-92;2; (not associated) ;;;;;;;;;;
C6:F7:D2:70:F5:66; 2026-04-18 13:27:43; 2026-04-18 13:27:43;-92;2; (not associated) ;;;;;;;;;;
0E:F7:06:48:AC:A8; 2026-04-18 13:27:43; 2026-04-18 13:27:43;-81;2; (not associated) ;;;;;;;;;;
42:0F:5E:05:4C:BD; 2026-04-18 13:27:43; 2026-04-18 13:27:43;-78;3; (not associated) ;;;;;;;;;;
6A:FE:56:EA:17:72; 2026-04-18 13:27:43; 2026-04-18 13:27:43;-90;10; (not associated) ;Xiaomi_542F;Bulbashy;Keenetic-3950;WiMAX-0st2a-2.4G;XiaoMix_152_5G;Xiaomi_49E9;rd28_minet_542f_nfc;RK_28;rd28_minet_49e9_nfc;
F6:17:71:7B:D8:52; 2026-04-18 13:27:43; 2026-04-18 13:27:45;-86;7; (not associated) ;;;;;;;;;;
76:57:00:BA:E0:52; 2026-04-18 13:27:43; 2026-04-18 13:27:43;-88;2; (not associated) ;;;;;;;;;;
DA:12:2D:05:40:61; 2026-04-18 13:27:43; 2026-04-18 13:27:43;-65;2; (not associated) ;;;;;;;;;;
AE:EE:62:79:29:AD; 2026-04-18 13:27:43; 2026-04-18 13:27:43;-90;2; (not associated) ;;;;;;;;;;
DA:AD:91:40:41:7A; 2026-04-18 13:27:43; 2026-04-18 13:27:43;-92;1; (not associated) ;;;;;;;;;;
0A:AF:D5:FD:B5:88; 2026-04-18 13:27:44; 2026-04-18 13:27:44;-75;2; (not associated) ;;;;;;;;;;
CE:73:B7:AD:A5:51; 2026-04-18 13:27:44; 2026-04-18 13:27:44;-67;1; (not associated) ;;;;;;;;;;
FA:8A:FA:C6:B4:2B; 2026-04-18 13:27:44; 2026-04-18 13:27:44;-83;1; (not associated) ;;;;;;;;;;
56:BD:1A:97:E5:F5; 2026-04-18 13:27:44; 2026-04-18 13:27:44;-70;2; (not associated) ;;;;;;;;;;
3E:A1:45:CF:7A:4E; 2026-04-18 13:27:44; 2026-04-18 13:27:44;-87;1; (not associated) ;;;;;;;;;;
9A:01:E9:98:35:79; 2026-04-18 13:27:46; 2026-04-18 13:27:46;-64;1; (not associated) ;;;;;;;;;;
26:47:0F:46:72:F8; 2026-04-18 13:27:46; 2026-04-18 13:27:46;-78;1; (not associated) ;;;;;;;;;;
06:3C:10:BB:B7:0A; 2026-04-18 13:27:47; 2026-04-18 13:27:47;-85;1; (not associated) ;;;;;;;;;;
E2:5E:03:AA:D9:88; 2026-04-18 13:27:47; 2026-04-18 13:27:48;-64;6; (not associated) ;;;;;;;;;;
DA:48:F1:34:70:75; 2026-04-18 13:27:48; 2026-04-18 13:27:48;-88;2; (not associated) ;;;;;;;;;;
0E:61:21:0F:18:73; 2026-04-18 13:27:48; 2026-04-18 13:27:48;-87;2; (not associated) ;;;;;;;;;;
2E:93:B6:98:0B:A8; 2026-04-18 13:27:48; 2026-04-18 13:27:48;-57;1; (not associated) ;;;;;;;;;;
CE:C8:ED:87:52:05; 2026-04-18 13:27:48; 2026-04-18 13:27:48;-55;1; (not associated) ;;;;;;;;;;
B2:0A:F1:37:87:45; 2026-04-18 13:27:48; 2026-04-18 13:27:48;-76;2; (not associated) ;;;;;;;;;;
62:9A:6F:54:B2:FC; 2026-04-18 13:27:48; 2026-04-18 13:27:48;-75;2; (not associated) ;;;;;;;;;;
AE:70:75:F5:24:04; 2026-04-18 13:27:48; 2026-04-18 13:27:48;-89;1; (not associated) ;;;;;;;;;;
12:0C:66:91:E2:1A; 2026-04-18 13:27:48; 2026-04-18 13:27:48;-86;1; (not associated) ;;;;;;;;;;
A6:5D:8D:BF:AE:59; 2026-04-18 13:27:48; 2026-04-18 13:27:48;-67;2; (not associated) ;;;;;;;;;;
8A:7C:BB:E9:28:63; 2026-04-18 13:27:48; 2026-04-18 13:27:48;-76;2; (not associated) ;;;;;;;;;;
DE:62:21:51:D9:F9; 2026-04-18 13:27:48; 2026-04-18 13:27:48;-92;1; (not associated) ;;;;;;;;;;
FA:B3:DC:70:0C:1F; 2026-04-18 13:27:48; 2026-04-18 13:27:49;-91;2; (not associated) ;;;;;;;;;;
DE:0B:6E:BB:99:9C; 2026-04-18 13:27:49; 2026-04-18 13:29:04;-90;12; (not associated) ;;;;;;;;;;
5E:B5:27:A4:58:E7; 2026-04-18 13:27:49; 2026-04-18 13:27:49;-73;2; (not associated) ;;;;;;;;;;
16:78:69:92:60:D4; 2026-04-18 13:27:49; 2026-04-18 13:27:49;-71;1; (not associated) ;;;;;;;;;;
52:B6:05:2D:D0:5E; 2026-04-18 13:27:49; 2026-04-18 13:27:49;-79;2; (not associated) ;;;;;;;;;;
2E:70:14:B5:95:F4; 2026-04-18 13:27:49; 2026-04-18 13:27:49;-77;1; (not associated) ;;;;;;;;;;
C2:EC:E4:8F:8D:BC; 2026-04-18 13:27:49; 2026-04-18 13:27:49;-77;1; (not associated) ;;;;;;;;;;
A6:5E:39:F4:20:6F; 2026-04-18 13:27:49; 2026-04-18 13:27:49;-77;1; (not associated) ;;;;;;;;;;
FA:FF:CE:F3:B8:C5; 2026-04-18 13:27:49; 2026-04-18 13:27:49;-74;2; (not associated) ;;;;;;;;;;
B6:C7:24:9B:B3:04; 2026-04-18 13:27:49; 2026-04-18 13:27:49;-73;2; (not associated) ;;;;;;;;;;
EA:6B:EB:07:68:C2; 2026-04-18 13:27:49; 2026-04-18 13:27:49;-85;4; (not associated) ;;;;;;;;;;
9A:A6:DC:55:61:1A; 2026-04-18 13:27:50; 2026-04-18 13:27:50;-73;2; (not associated) ;;;;;;;;;;
CE:6B:67:36:87:CE; 2026-04-18 13:27:50; 2026-04-18 13:27:50;-68;2; (not associated) ;;;;;;;;;;
FE:F6:A8:74:8B:ED; 2026-04-18 13:27:50; 2026-04-18 13:27:50;-82;2; (not associated) ;;;;;;;;;;
32:7B:F1:55:21:63; 2026-04-18 13:27:57; 2026-04-18 13:27:57;-84;2; (not associated) ;;;;;;;;;;
2E:59:8A:60:CF:65; 2026-04-18 13:27:57; 2026-04-18 13:27:57;-82;2; (not associated) ;;;;;;;;;;
66:38:AD:69:68:63; 2026-04-18 13:27:57; 2026-04-18 13:27:57;-89;2; (not associated) ;;;;;;;;;;
4E:A5:10:EC:C5:CA; 2026-04-18 13:27:57; 2026-04-18 13:27:57;-65;2; (not associated) ;;;;;;;;;;
C2:5B:23:B8:42:00; 2026-04-18 13:27:57; 2026-04-18 13:27:57;-82;2; (not associated) ;;;;;;;;;;
92:B5:4B:0B:04:18; 2026-04-18 13:27:58; 2026-04-18 13:27:58;-73;3; (not associated) ;;;;;;;;;;
CA:BF:35:D5:99:2A; 2026-04-18 13:27:58; 2026-04-18 13:27:58;-72;2; (not associated) ;;;;;;;;;;
C2:89:EC:AE:8D:01; 2026-04-18 13:27:58; 2026-04-18 13:27:58;-74;2; (not associated) ;;;;;;;;;;
A6:73:4D:FB:50:FF; 2026-04-18 13:27:58; 2026-04-18 13:27:58;-90;2; (not associated) ;;;;;;;;;;
26:37:2B:2B:FA:7C; 2026-04-18 13:27:59; 2026-04-18 13:27:59;-82;2; (not associated) ;;;;;;;;;;
BA:7B:48:C5:A9:BC; 2026-04-18 13:27:59; 2026-04-18 13:27:59;-71;2; (not associated) ;;;;;;;;;;
8A:5A:4F:82:43:BA; 2026-04-18 13:27:59; 2026-04-18 13:27:59;-64;2; (not associated) ;;;;;;;;;;
D2:FF:B5:80:D6:B7; 2026-04-18 13:27:59; 2026-04-18 13:27:59;-86;2; (not associated) ;;;;;;;;;;
56:7F:C6:4F:5D:4C; 2026-04-18 13:27:59; 2026-04-18 13:27:59;-88;1; (not associated) ;;;;;;;;;;
F6:F3:40:68:CD:A5; 2026-04-18 13:28:00; 2026-04-18 13:28:00;-64;1; (not associated) ;;;;;;;;;;
E2:42:5D:E6:54:08; 2026-04-18 13:28:00; 2026-04-18 13:28:00;-87;1; (not associated) ;;;;;;;;;;
56:54:69:A7:71:38; 2026-04-18 13:28:00; 2026-04-18 13:28:01;-75;2; (not associated) ;;;;;;;;;;
0A:B5:C4:5A:AE:AB; 2026-04-18 13:28:01; 2026-04-18 13:28:01;-79;1; (not associated) ;;;;;;;;;;
B6:0E:95:FF:9A:3A; 2026-04-18 13:28:01; 2026-04-18 13:28:01;-58;3; (not associated) ;;;;;;;;;;
FE:73:FF:C7:9D:E2; 2026-04-18 13:28:01; 2026-04-18 13:28:01;-67;1; (not associated) ;;;;;;;;;;
BE:D1:33:80:D9:06; 2026-04-18 13:28:02; 2026-04-18 13:28:03;-88;4; (not associated) ;;;;;;;;;;
76:49:02:B0:1B:29; 2026-04-18 13:28:02; 2026-04-18 13:28:02;-69;1; (not associated) ;;;;;;;;;;
7A:5F:5D:04:A0:F6; 2026-04-18 13:28:02; 2026-04-18 13:28:02;-71;1; (not associated) ;;;;;;;;;;
86:8B:1E:E8:63:9C; 2026-04-18 13:28:02; 2026-04-18 13:28:02;-73;1; (not associated) ;;;;;;;;;;
06:0F:46:61:23:D1; 2026-04-18 13:28:03; 2026-04-18 13:28:03;-70;1; (not associated) ;;;;;;;;;;
1A:99:1F:A2:73:A8; 2026-04-18 13:28:03; 2026-04-18 13:28:03;-51;6; (not associated) ;Beeline_5G_FF4294;DIR-615_EXT2;;;;;;;;
4A:72:2B:16:88:18; 2026-04-18 13:28:03; 2026-04-18 13:28:03;-82;2; (not associated) ;;;;;;;;;;
FA:0E:E8:C5:7F:8A; 2026-04-18 13:28:03; 2026-04-18 13:28:03;-83;2; (not associated) ;;;;;;;;;;
06:22:C1:BA:72:43; 2026-04-18 13:28:03; 2026-04-18 13:28:03;-81;2; (not associated) ;;;;;;;;;;
4E:9D:97:C4:20:ED; 2026-04-18 13:28:03; 2026-04-18 13:28:03;-77;2; (not associated) ;;;;;;;;;;
CA:18:00:42:46:B2; 2026-04-18 13:28:04; 2026-04-18 13:28:04;-91;1; (not associated) ;;;;;;;;;;
DE:CF:3B:1F:E6:6B; 2026-04-18 13:28:04; 2026-04-18 13:28:04;-90;1; (not associated) ;;;;;;;;;;
62:6B:8F:1B:7E:9E; 2026-04-18 13:28:04; 2026-04-18 13:28:04;-64;2; (not associated) ;;;;;;;;;;
06:C1:BA:F4:76:44; 2026-04-18 13:28:04; 2026-04-18 13:28:04;-86;2; (not associated) ;;;;;;;;;;
42:ED:3E:33:31:49; 2026-04-18 13:28:04; 2026-04-18 13:28:04;-84;2; (not associated) ;;;;;;;;;;
BA:4B:9F:4A:58:17; 2026-04-18 13:28:04; 2026-04-18 13:28:04;-76;2; (not associated) ;;;;;;;;;;
52:0B:89:76:7A:19; 2026-04-18 13:28:04; 2026-04-18 13:28:04;-92;1; (not associated) ;;;;;;;;;;
EE:A7:C3:75:80:35; 2026-04-18 13:28:04; 2026-04-18 13:28:04;-92;1; (not associated) ;;;;;;;;;;
CE:F8:C2:A2:F1:CE; 2026-04-18 13:28:04; 2026-04-18 13:28:04;-89;1; (not associated) ;;;;;;;;;;
82:15:0F:28:8B:0E; 2026-04-18 13:28:04; 2026-04-18 13:28:04;-86;2; (not associated) ;;;;;;;;;;
CE:77:FF:86:1F:F1; 2026-04-18 13:28:05; 2026-04-18 13:28:05;-77;2; (not associated) ;;;;;;;;;;
26:A9:7E:93:88:C5; 2026-04-18 13:28:05; 2026-04-18 13:28:05;-83;2; (not associated) ;;;;;;;;;;
0E:38:2A:F8:D0:63; 2026-04-18 13:28:05; 2026-04-18 13:28:05;-80;2; (not associated) ;;;;;;;;;;
6E:10:34:60:0A:81; 2026-04-18 13:28:06; 2026-04-18 13:28:06;-88;1; (not associated) ;;;;;;;;;;
CA:CE:58:24:97:C5; 2026-04-18 13:28:09; 2026-04-18 13:28:09;-69;4; (not associated) ;MTS_GPON5_7D55;;;;;;;;;
A6:65:25:A4:24:A4; 2026-04-18 13:28:09; 2026-04-18 13:28:09;-78;2; (not associated) ;;;;;;;;;;
C2:CE:E7:AB:03:5A; 2026-04-18 13:28:12; 2026-04-18 13:28:12;-94;2; (not associated) ;;;;;;;;;;
D0:C1:BF:41:93:FC; 2026-04-18 13:28:13; 2026-04-18 13:28:13;-92;3; (not associated) ;MTS_GPON_6413;MTS_GPON5_6413;Guests-Old-Lavra-Hotel;;;;;;;
A6:E0:CD:79:39:CB; 2026-04-18 13:28:13; 2026-04-18 13:28:13;-93;1; (not associated) ;;;;;;;;;;
6E:F6:AB:7D:8B:6A; 2026-04-18 13:28:13; 2026-04-18 13:28:13;-92;1; (not associated) ;;;;;;;;;;
7E:C8:AA:E7:A8:31; 2026-04-18 13:28:13; 2026-04-18 13:28:51;-88;4; (not associated) ;;;;;;;;;;
F6:B6:13:1B:0C:70; 2026-04-18 13:28:13; 2026-04-18 13:28:13;-88;2; (not associated) ;;;;;;;;;;
76:A0:41:B8:9D:D9; 2026-04-18 13:28:14; 2026-04-18 13:28:14;-95;2; (not associated) ;;;;;;;;;;
0A:4B:12:A4:22:4C; 2026-04-18 13:28:14; 2026-04-18 13:28:14;-91;2; (not associated) ;;;;;;;;;;
C2:84:75:47:6F:F3; 2026-04-18 13:28:14; 2026-04-18 13:28:14;-91;1; (not associated) ;;;;;;;;;;
66:88:4C:CD:4D:7F; 2026-04-18 13:28:14; 2026-04-18 13:28:14;-91;4; (not associated) ;;;;;;;;;;
06:A1:C9:B9:B8:2D; 2026-04-18 13:28:14; 2026-04-18 13:28:14;-60;1; (not associated) ;;;;;;;;;;
16:A2:A0:EF:E7:FB; 2026-04-18 13:28:14; 2026-04-18 13:28:14;-86;2; (not associated) ;;;;;;;;;;
52:61:0F:86:51:A6; 2026-04-18 13:28:14; 2026-04-18 13:28:15;-66;3; (not associated) ;;;;;;;;;;
22:C1:10:3E:45:C2; 2026-04-18 13:28:15; 2026-04-18 13:28:46;-51;77; E6:AB:9E:F0:6C:CB;;;;;;;;;;
1E:51:71:05:F6:0E; 2026-04-18 13:28:15; 2026-04-18 13:28:15;-81;1; (not associated) ;;;;;;;;;;
F2:C1:86:8B:95:F8; 2026-04-18 13:28:15; 2026-04-18 13:28:15;-62;2; (not associated) ;;;;;;;;;;
DE:2E:C4:0B:BC:5A; 2026-04-18 13:28:15; 2026-04-18 13:28:15;-75;2; (not associated) ;;;;;;;;;;
42:F1:3B:27:E1:A9; 2026-04-18 13:28:15; 2026-04-18 13:28:15;-73;2; (not associated) ;;;;;;;;;;
62:98:BC:81:B7:55; 2026-04-18 13:28:16; 2026-04-18 13:28:16;-79;1; (not associated) ;;;;;;;;;;
8A:54:B8:27:8D:E1; 2026-04-18 13:28:17; 2026-04-18 13:28:17;-89;1; (not associated) ;;;;;;;;;;
0A:F0:4F:CC:15:68; 2026-04-18 13:28:17; 2026-04-18 13:28:17;-82;1; (not associated) ;;;;;;;;;;
B6:7C:01:95:98:C0; 2026-04-18 13:28:17; 2026-04-18 13:28:17;-87;1; (not associated) ;;;;;;;;;;
96:64:79:6F:06:40; 2026-04-18 13:28:17; 2026-04-18 13:28:17;-85;1; (not associated) ;;;;;;;;;;
1E:B5:DC:07:EB:5E; 2026-04-18 13:28:17; 2026-04-18 13:28:17;-66;1; (not associated) ;;;;;;;;;;
5A:47:3D:40:E2:25; 2026-04-18 13:28:17; 2026-04-18 13:28:17;-66;1; (not associated) ;;;;;;;;;;
EE:32:E3:57:66:9C; 2026-04-18 13:28:17; 2026-04-18 13:28:17;-65;1; (not associated) ;;;;;;;;;;
E2:1C:AE:E3:41:B5; 2026-04-18 13:28:17; 2026-04-18 13:28:17;-65;1; (not associated) ;;;;;;;;;;
22:D5:95:EF:F5:2A; 2026-04-18 13:28:17; 2026-04-18 13:28:17;-66;1; (not associated) ;;;;;;;;;;
9A:7E:1A:EF:EC:BE; 2026-04-18 13:28:17; 2026-04-18 13:28:17;-68;1; (not associated) ;;;;;;;;;;
EA:3D:AF:0D:2B:C4; 2026-04-18 13:28:18; 2026-04-18 13:28:18;-85;2; (not associated) ;;;;;;;;;;
02:00:C2:94:6E:CF; 2026-04-18 13:28:18; 2026-04-18 13:28:18;-72;1; (not associated) ;;;;;;;;;;
3A:18:03:E5:3A:A9; 2026-04-18 13:28:18; 2026-04-18 13:28:18;-73;1; (not associated) ;;;;;;;;;;
3A:E1:15:61:25:5D; 2026-04-18 13:28:18; 2026-04-18 13:28:18;-74;1; (not associated) ;;;;;;;;;;
92:40:2C:39:C4:8E; 2026-04-18 13:28:18; 2026-04-18 13:28:18;-72;1; (not associated) ;;;;;;;;;;
92:0B:78:05:35:90; 2026-04-18 13:28:18; 2026-04-18 13:28:18;-71;2; (not associated) ;;;;;;;;;;
E6:D3:C4:1E:FB:48; 2026-04-18 13:28:18; 2026-04-18 13:28:18;-94;1; (not associated) ;;;;;;;;;;
3E:5F:FB:A6:E0:C0; 2026-04-18 13:28:18; 2026-04-18 13:28:18;-82;2; (not associated) ;;;;;;;;;;
E2:8E:ED:21:63:DC; 2026-04-18 13:28:18; 2026-04-18 13:28:18;-56;2; (not associated) ;;;;;;;;;;
FA:D2:E0:0E:AC:F7; 2026-04-18 13:28:19; 2026-04-18 13:28:19;-84;2; (not associated) ;;;;;;;;;;
32:BD:27:B5:E5:CA; 2026-04-18 13:28:19; 2026-04-18 13:28:19;-91;4; (not associated) ;;;;;;;;;;
FA:E3:48:EC:84:30; 2026-04-18 13:28:19; 2026-04-18 13:28:19;-87;2; (not associated) ;;;;;;;;;;
C2:6D:06:D3:B8:32; 2026-04-18 13:28:19; 2026-04-18 13:28:19;-56;2; (not associated) ;;;;;;;;;;
1A:BD:2B:A7:5B:F2; 2026-04-18 13:28:19; 2026-04-18 13:28:19;-83;1; (not associated) ;;;;;;;;;;
0A:DF:D9:92:79:46; 2026-04-18 13:28:19; 2026-04-18 13:29:21;-86;10; 00:25:00:FF:94:73;;;;;;;;;;
CA:28:55:E9:EC:20; 2026-04-18 13:28:19; 2026-04-18 13:28:19;-88;3; (not associated) ;;;;;;;;;;
7E:A7:B7:0C:77:3E; 2026-04-18 13:28:19; 2026-04-18 13:28:19;-86;1; (not associated) ;;;;;;;;;;
F6:36:76:8F:D4:96; 2026-04-18 13:28:19; 2026-04-18 13:28:19;-83;2; (not associated) ;;;;;;;;;;
D2:82:41:AF:CC:C7; 2026-04-18 13:28:20; 2026-04-18 13:28:20;-81;1; (not associated) ;;;;;;;;;;
9E:9F:35:C9:0C:52; 2026-04-18 13:28:20; 2026-04-18 13:28:20;-92;1; (not associated) ;;;;;;;;;;
7E:93:B5:D8:EC:D6; 2026-04-18 13:28:20; 2026-04-18 13:28:20;-87;2; (not associated) ;;;;;;;;;;
2A:B5:23:05:62:52; 2026-04-18 13:28:20; 2026-04-18 13:28:20;-91;1; (not associated) ;;;;;;;;;;
DA:47:7B:C8:B5:87; 2026-04-18 13:28:20; 2026-04-18 13:28:20;-70;2; (not associated) ;;;;;;;;;;
26:92:7A:BA:E0:63; 2026-04-18 13:28:20; 2026-04-18 13:28:20;-82;2; (not associated) ;;;;;;;;;;
A6:32:B7:AE:DE:37; 2026-04-18 13:28:20; 2026-04-18 13:28:20;-88;2; (not associated) ;;;;;;;;;;
22:DF:E2:B5:8F:72; 2026-04-18 13:28:20; 2026-04-18 13:28:20;-92;2; (not associated) ;;;;;;;;;;
A6:35:98:17:58:FE; 2026-04-18 13:28:20; 2026-04-18 13:28:20;-83;4; (not associated) ;;;;;;;;;;
22:7E:91:9A:A4:01; 2026-04-18 13:28:20; 2026-04-18 13:28:20;-83;1; (not associated) ;;;;;;;;;;
76:DC:20:E9:A9:1E; 2026-04-18 13:28:21; 2026-04-18 13:28:21;-80;2; (not associated) ;;;;;;;;;;
E6:AF:9E:40:E6:37; 2026-04-18 13:28:21; 2026-04-18 13:28:21;-73;2; (not associated) ;;;;;;;;;;
B2:6C:49:BD:74:31; 2026-04-18 13:28:21; 2026-04-18 13:28:21;-88;2; (not associated) ;;;;;;;;;;
4A:B0:CC:BE:3E:67; 2026-04-18 13:28:22; 2026-04-18 13:28:22;-81;2; (not associated) ;;;;;;;;;;
B6:06:ED:C1:92:A6; 2026-04-18 13:28:23; 2026-04-18 13:28:23;-51;5; (not associated) ;Beeline_5G_FF4294;DIR-615_EXT2;;;;;;;;
00:F1:CA:81:21:22; 2026-04-18 13:28:26; 2026-04-18 13:29:12;-79;26; 41:36:5A:FC:F8:D5;;;;;;;;;;
4A:20:56:59:68:4F; 2026-04-18 13:28:27; 2026-04-18 13:28:27;-88;2; (not associated) ;;;;;;;;;;
26:09:23:B5:C5:30; 2026-04-18 13:28:28; 2026-04-18 13:28:28;-92;1; (not associated) ;;;;;;;;;;
66:2F:65:48:14:BD; 2026-04-18 13:28:28; 2026-04-18 13:28:28;-88;2; (not associated) ;;;;;;;;;;
5E:FB:10:A5:3E:8D; 2026-04-18 13:28:29; 2026-04-18 13:28:29;-88;1; (not associated) ;;;;;;;;;;
F6:85:D1:B9:40:B5; 2026-04-18 13:28:29; 2026-04-18 13:28:29;-78;2; (not associated) ;;;;;;;;;;
8E:97:8C:4F:A6:AA; 2026-04-18 13:28:29; 2026-04-18 13:28:29;-91;2; (not associated) ;;;;;;;;;;
F2:9B:92:EA:BE:0A; 2026-04-18 13:28:29; 2026-04-18 13:28:29;-71;2; (not associated) ;;;;;;;;;;
26:D9:DB:3D:B0:50; 2026-04-18 13:28:29; 2026-04-18 13:28:29;-67;2; (not associated) ;;;;;;;;;;
F2:A6:4A:52:49:08; 2026-04-18 13:28:29; 2026-04-18 13:28:29;-79;2; (not associated) ;;;;;;;;;;
C6:2E:FC:6D:41:9E; 2026-04-18 13:28:30; 2026-04-18 13:28:30;-79;2; (not associated) ;;;;;;;;;;
2A:6D:79:CD:1D:38; 2026-04-18 13:28:30; 2026-04-18 13:28:30;-83;1; (not associated) ;;;;;;;;;;
D6:37:11:41:41:45; 2026-04-18 13:28:30; 2026-04-18 13:28:30;-76;2; (not associated) ;;;;;;;;;;
A2:70:1E:42:A9:D3; 2026-04-18 13:28:30; 2026-04-18 13:28:30;-63;1; (not associated) ;;;;;;;;;;
8E:D9:73:48:1F:74; 2026-04-18 13:28:30; 2026-04-18 13:28:30;-63;2; (not associated) ;;;;;;;;;;
1A:43:19:DF:BB:55; 2026-04-18 13:28:30; 2026-04-18 13:28:31;-85;3; (not associated) ;;;;;;;;;;
4A:0F:46:73:75:76; 2026-04-18 13:28:31; 2026-04-18 13:28:31;-68;1; (not associated) ;;;;;;;;;;
9A:4D:51:64:A6:52; 2026-04-18 13:28:31; 2026-04-18 13:28:31;-69;1; (not associated) ;;;;;;;;;;
46:79:73:60:CC:3D; 2026-04-18 13:28:31; 2026-04-18 13:28:31;-68;1; (not associated) ;;;;;;;;;;
2A:54:2F:71:73:FB; 2026-04-18 13:28:31; 2026-04-18 13:28:31;-69;1; (not associated) ;;;;;;;;;;
36:21:A5:E2:A9:AA; 2026-04-18 13:28:31; 2026-04-18 13:28:31;-61;1; (not associated) ;;;;;;;;;;
02:24:8C:7B:78:21; 2026-04-18 13:28:31; 2026-04-18 13:28:31;-63;1; (not associated) ;;;;;;;;;;
FA:97:88:06:1D:9E; 2026-04-18 13:28:31; 2026-04-18 13:28:31;-64;1; (not associated) ;;;;;;;;;;
92:22:43:6F:15:ED; 2026-04-18 13:28:31; 2026-04-18 13:28:31;-63;1; (not associated) ;;;;;;;;;;
9E:E7:FC:AE:0A:CF; 2026-04-18 13:28:31; 2026-04-18 13:28:31;-89;1; (not associated) ;;;;;;;;;;
BA:96:45:B5:D7:38; 2026-04-18 13:28:31; 2026-04-18 13:28:32;-70;7; (not associated) ;;;;;;;;;;
CE:4B:A2:D9:98:D8; 2026-04-18 13:28:32; 2026-04-18 13:28:32;-78;1; (not associated) ;;;;;;;;;;
96:9F:AF:6A:8A:D3; 2026-04-18 13:28:32; 2026-04-18 13:28:32;-65;1; (not associated) ;;;;;;;;;;
62:99:0C:8A:EA:D8; 2026-04-18 13:28:33; 2026-04-18 13:28:33;-64;1; (not associated) ;;;;;;;;;;
72:0C:CB:83:F6:61; 2026-04-18 13:28:33; 2026-04-18 13:28:33;-64;1; (not associated) ;;;;;;;;;;
D6:2E:61:E1:C3:98; 2026-04-18 13:28:34; 2026-04-18 13:28:34;-90;1; (not associated) ;;;;;;;;;;
42:EA:36:FF:97:AE; 2026-04-18 13:28:34; 2026-04-18 13:28:34;-89;1; (not associated) ;;;;;;;;;;
B2:06:AE:D6:BE:61; 2026-04-18 13:28:34; 2026-04-18 13:28:34;-78;2; (not associated) ;;;;;;;;;;
3E:D6:94:D4:99:74; 2026-04-18 13:28:34; 2026-04-18 13:28:34;-89;1; (not associated) ;;;;;;;;;;
56:16:AA:C2:A7:F5; 2026-04-18 13:28:34; 2026-04-18 13:28:34;-86;1; (not associated) ;;;;;;;;;;
3E:B2:5E:41:26:9F; 2026-04-18 13:28:34; 2026-04-18 13:28:34;-83;2; (not associated) ;;;;;;;;;;
2A:D6:D1:32:CE:06; 2026-04-18 13:28:34; 2026-04-18 13:28:34;-89;2; (not associated) ;;;;;;;;;;
C6:27:C8:01:C9:B4; 2026-04-18 13:28:34; 2026-04-18 13:28:34;-78;2; (not associated) ;;;;;;;;;;
02:71:27:CB:51:1B; 2026-04-18 13:28:34; 2026-04-18 13:28:34;-87;2; (not associated) ;;;;;;;;;;
FA:83:16:ED:EB:C4; 2026-04-18 13:28:34; 2026-04-18 13:28:34;-74;2; (not associated) ;;;;;;;;;;
8A:FE:F3:E2:2F:E3; 2026-04-18 13:28:34; 2026-04-18 13:28:34;-88;2; (not associated) ;;;;;;;;;;
CE:2A:25:53:56:FC; 2026-04-18 13:28:34; 2026-04-18 13:28:34;-76;1; (not associated) ;;;;;;;;;;
12:F7:F8:39:CC:96; 2026-04-18 13:28:35; 2026-04-18 13:28:35;-89;1; (not associated) ;;;;;;;;;;
A6:D1:AE:7D:20:D9; 2026-04-18 13:28:35; 2026-04-18 13:28:35;-86;1; (not associated) ;;;;;;;;;;
A6:8F:68:70:3D:0C; 2026-04-18 13:28:35; 2026-04-18 13:28:35;-85;1; (not associated) ;;;;;;;;;;
E2:A6:7E:74:1C:06; 2026-04-18 13:28:35; 2026-04-18 13:28:35;-89;4; (not associated) ;;;;;;;;;;
92:0B:02:69:90:E3; 2026-04-18 13:28:35; 2026-04-18 13:28:35;-89;2; (not associated) ;;;;;;;;;;
CC:E9:FA:7D:A2:7E; 2026-04-18 13:28:35; 2026-04-18 13:29:52;-91;5; (not associated) ;;;;;;;;;;
A2:E4:7B:77:0E:52; 2026-04-18 13:28:35; 2026-04-18 13:28:35;-89;2; (not associated) ;;;;;;;;;;
9A:34:73:91:8D:D6; 2026-04-18 13:28:35; 2026-04-18 13:28:35;-87;2; (not associated) ;;;;;;;;;;
F6:7B:8C:C7:F9:99; 2026-04-18 13:28:35; 2026-04-18 13:28:35;-79;2; (not associated) ;;;;;;;;;;
A6:D1:D2:1E:DE:7B; 2026-04-18 13:28:35; 2026-04-18 13:28:35;-80;2; (not associated) ;;;;;;;;;;
52:CD:01:40:A4:B5; 2026-04-18 13:28:35; 2026-04-18 13:28:35;-89;2; (not associated) ;;;;;;;;;;
9A:61:FB:2A:24:37; 2026-04-18 13:28:35; 2026-04-18 13:28:35;-75;2; (not associated) ;;;;;;;;;;
CE:F6:B2:E2:F1:C7; 2026-04-18 13:28:36; 2026-04-18 13:28:36;-85;10; C4:14:3C:E5:C5:8E;PartyHard-PRO_Guest;хочу пиццу;;;;;;;;
C6:E1:85:74:4C:D7; 2026-04-18 13:28:36; 2026-04-18 13:28:36;-83;2; (not associated) ;;;;;;;;;;
08:C5:E1:62:55:36; 2026-04-18 13:28:37; 2026-04-18 13:29:05;-89;4; 5C:A4:8A:1E:7C:2E;MT_FREE;;;;;;;;;
36:0B:82:0D:A2:D9; 2026-04-18 13:28:37; 2026-04-18 13:28:37;-89;1; (not associated) ;MT_FREE;;;;;;;;;
0A:65:74:F9:1D:E5; 2026-04-18 13:28:44; 2026-04-18 13:29:19;-75;4; (not associated) ;mgts46;MT_FREE;;;;;;;;
00:F1:CA:80:FC:A9; 2026-04-18 13:28:44; 2026-04-18 13:29:29;-78;17; 41:36:5A:FC:F8:D5;;;;;;;;;;
BA:3C:60:C5:4A:34; 2026-04-18 13:28:44; 2026-04-18 13:28:44;-79;2; (not associated) ;;;;;;;;;;
8E:43:87:39:5C:11; 2026-04-18 13:28:44; 2026-04-18 13:30:31;-67;21; (not associated) ;;;;;;;;;;
0A:CB:3F:1E:D3:95; 2026-04-18 13:28:44; 2026-04-18 13:28:44;-90;3; (not associated) ;;;;;;;;;;
8A:EA:35:29:71:7A; 2026-04-18 13:28:44; 2026-04-18 13:28:44;-91;1; (not associated) ;;;;;;;;;;
3E:A8:5A:67:1D:EF; 2026-04-18 13:28:44; 2026-04-18 13:28:44;-75;1; (not associated) ;;;;;;;;;;
72:A6:77:81:E1:94; 2026-04-18 13:28:44; 2026-04-18 13:28:44;-89;2; (not associated) ;MKS;;;;;;;;;
14:99:3E:DC:69:B4; 2026-04-18 13:28:44; 2026-04-18 13:28:44;-68;2; (not associated) ;;;;;;;;;;
3E:A5:BA:17:9A:CD; 2026-04-18 13:28:44; 2026-04-18 13:28:44;-89;1; (not associated) ;;;;;;;;;;
D2:23:5C:7A:D9:A4; 2026-04-18 13:28:44; 2026-04-18 13:28:44;-56;4; (not associated) ;Beeline_5G_FF4294;DIR-615_EXT2;;;;;;;;
4E:4D:0C:4C:19:5D; 2026-04-18 13:28:44; 2026-04-18 13:28:44;-74;4; (not associated) ;;;;;;;;;;
0A:1C:E8:89:EE:2F; 2026-04-18 13:28:44; 2026-04-18 13:28:44;-89;2; (not associated) ;;;;;;;;;;
52:59:FA:07:F6:C7; 2026-04-18 13:28:44; 2026-04-18 13:28:44;-88;2; (not associated) ;;;;;;;;;;
32:1A:A2:72:09:DF; 2026-04-18 13:28:44; 2026-04-18 13:28:44;-86;2; (not associated) ;;;;;;;;;;
D6:10:EA:CE:F0:6D; 2026-04-18 13:28:44; 2026-04-18 13:28:44;-92;1; (not associated) ;;;;;;;;;;
12:F2:41:92:C7:63; 2026-04-18 13:28:44; 2026-04-18 13:28:44;-91;2; (not associated) ;;;;;;;;;;
06:1D:43:87:AB:40; 2026-04-18 13:28:44; 2026-04-18 13:28:44;-92;1; (not associated) ;;;;;;;;;;
32:57:DD:2C:9B:4E; 2026-04-18 13:28:45; 2026-04-18 13:28:45;-79;1; (not associated) ;;;;;;;;;;
4A:66:A2:0E:CA:C9; 2026-04-18 13:28:45; 2026-04-18 13:28:45;-62;2; (not associated) ;;;;;;;;;;
EA:4F:F0:5B:9F:FA; 2026-04-18 13:28:45; 2026-04-18 13:28:45;-91;1; (not associated) ;;;;;;;;;;
7E:1F:5B:62:83:33; 2026-04-18 13:28:45; 2026-04-18 13:28:45;-75;1; (not associated) ;;;;;;;;;;
9A:DE:EA:9E:54:95; 2026-04-18 13:28:45; 2026-04-18 13:28:45;-76;1; (not associated) ;;;;;;;;;;
2A:7E:45:08:D8:41; 2026-04-18 13:28:46; 2026-04-18 13:28:46;-80;1; (not associated) ;;;;;;;;;;
EA:E6:13:64:90:68; 2026-04-18 13:28:46; 2026-04-18 13:28:46;-74;2; (not associated) ;;;;;;;;;;
A2:60:C3:01:1B:70; 2026-04-18 13:28:47; 2026-04-18 13:28:47;-67;2; (not associated) ;;;;;;;;;;
2C:0B:97:B9:A5:06; 2026-04-18 13:28:47; 2026-04-18 13:28:47;-85;2; (not associated) ;;;;;;;;;;
AE:19:97:D9:54:F1; 2026-04-18 13:28:48; 2026-04-18 13:28:48;-82;1; (not associated) ;;;;;;;;;;
5A:91:56:1C:17:2A; 2026-04-18 13:28:49; 2026-04-18 13:28:49;-82;1; (not associated) ;;;;;;;;;;
0A:41:98:63:EC:D8; 2026-04-18 13:28:49; 2026-04-18 13:28:49;-82;1; (not associated) ;;;;;;;;;;
B6:E1:0E:9F:13:9F; 2026-04-18 13:28:49; 2026-04-18 13:28:49;-88;1; (not associated) ;;;;;;;;;;
0A:A4:34:4B:4B:89; 2026-04-18 13:28:49; 2026-04-18 13:28:49;-78;2; (not associated) ;;;;;;;;;;
EA:BC:BC:18:A6:4E; 2026-04-18 13:28:49; 2026-04-18 13:28:49;-80;3; (not associated) ;;;;;;;;;;
B2:5B:37:7C:70:CB; 2026-04-18 13:28:49; 2026-04-18 13:28:49;-81;2; (not associated) ;;;;;;;;;;
DA:CB:08:E2:81:07; 2026-04-18 13:28:49; 2026-04-18 13:28:49;-71;4; (not associated) ;;;;;;;;;;
8A:37:1E:C5:A0:53; 2026-04-18 13:28:50; 2026-04-18 13:28:50;-92;2; (not associated) ;;;;;;;;;;
C6:ED:B8:0B:A0:93; 2026-04-18 13:28:50; 2026-04-18 13:28:50;-88;2; (not associated) ;;;;;;;;;;
12:03:B0:B5:29:45; 2026-04-18 13:28:50; 2026-04-18 13:28:50;-91;1; (not associated) ;;;;;;;;;;
6E:74:95:F7:8D:E0; 2026-04-18 13:28:50; 2026-04-18 13:28:50;-81;1; (not associated) ;;;;;;;;;;
3A:13:9B:D6:86:0D; 2026-04-18 13:28:50; 2026-04-18 13:28:50;-82;2; (not associated) ;;;;;;;;;;
9E:C5:12:A3:A0:10; 2026-04-18 13:28:50; 2026-04-18 13:28:50;-84;2; (not associated) ;;;;;;;;;;
5A:4B:7B:D7:C2:B3; 2026-04-18 13:28:50; 2026-04-18 13:29:05;-77;2; 00:25:00:FF:94:73;;;;;;;;;;
D2:B2:2E:13:D6:21; 2026-04-18 13:28:50; 2026-04-18 13:28:50;-91;2; (not associated) ;;;;;;;;;;
B2:19:D5:31:22:1C; 2026-04-18 13:28:50; 2026-04-18 13:28:50;-88;2; (not associated) ;;;;;;;;;;
2E:BB:B7:C8:90:A2; 2026-04-18 13:28:50; 2026-04-18 13:28:50;-84;2; (not associated) ;;;;;;;;;;
22:7D:DC:93:52:D1; 2026-04-18 13:28:51; 2026-04-18 13:28:51;-86;2; (not associated) ;;;;;;;;;;
8A:4A:32:DB:86:E7; 2026-04-18 13:28:51; 2026-04-18 13:28:51;-93;4; (not associated) ;TP-Link_D10B;;;;;;;;;
F6:92:17:ED:DB:73; 2026-04-18 13:28:51; 2026-04-18 13:28:51;-77;2; (not associated) ;;;;;;;;;;
DA:99:6B:09:C8:ED; 2026-04-18 13:28:51; 2026-04-18 13:28:51;-89;1; (not associated) ;;;;;;;;;;
9A:6B:92:64:91:C6; 2026-04-18 13:28:52; 2026-04-18 13:28:52;-86;2; (not associated) ;;;;;;;;;;
1E:C9:3B:3E:CD:94; 2026-04-18 13:28:55; 2026-04-18 13:28:55;-81;3; (not associated) ;;;;;;;;;;
FE:12:36:F9:AC:0A; 2026-04-18 13:28:58; 2026-04-18 13:28:58;-86;2; (not associated) ;;;;;;;;;;
82:74:8B:6F:72:80; 2026-04-18 13:28:58; 2026-04-18 13:28:58;-88;2; (not associated) ;;;;;;;;;;
FA:24:94:F5:58:EF; 2026-04-18 13:28:59; 2026-04-18 13:28:59;-93;1; (not associated) ;;;;;;;;;;
42:5F:FB:CF:E4:88; 2026-04-18 13:28:59; 2026-04-18 13:28:59;-81;3; (not associated) ;;;;;;;;;;
F2:1E:3B:FF:49:32; 2026-04-18 13:28:59; 2026-04-18 13:28:59;-91;1; (not associated) ;;;;;;;;;;
8A:22:2F:F9:C8:83; 2026-04-18 13:28:59; 2026-04-18 13:28:59;-94;1; (not associated) ;;;;;;;;;;
96:19:5D:70:71:69; 2026-04-18 13:29:00; 2026-04-18 13:29:00;-67;1; (not associated) ;MT_FREE;;;;;;;;;
66:03:0E:EF:61:E9; 2026-04-18 13:29:00; 2026-04-18 13:29:00;-69;1; (not associated) ;MT_FREE;;;;;;;;;
DA:EA:86:32:22:46; 2026-04-18 13:29:00; 2026-04-18 13:29:00;-70;1; (not associated) ;MT_FREE;;;;;;;;;
7E:95:29:2E:03:5A; 2026-04-18 13:29:00; 2026-04-18 13:29:00;-69;1; (not associated) ;MT_FREE;;;;;;;;;
0E:9C:0F:F4:EA:4A; 2026-04-18 13:29:00; 2026-04-18 13:29:00;-75;1; (not associated) ;MT_FREE;;;;;;;;;
BE:8C:0B:2E:CF:23; 2026-04-18 13:29:00; 2026-04-18 13:29:00;-74;1; (not associated) ;MT_FREE;;;;;;;;;
96:BB:25:A8:0C:4E; 2026-04-18 13:29:00; 2026-04-18 13:29:00;-92;2; (not associated) ;;;;;;;;;;
C6:96:B4:09:4A:82; 2026-04-18 13:29:00; 2026-04-18 13:29:00;-79;4; (not associated) ;;;;;;;;;;
C6:39:CB:3B:25:34; 2026-04-18 13:29:00; 2026-04-18 13:29:00;-82;1; (not associated) ;;;;;;;;;;
52:0C:9B:AE:7A:77; 2026-04-18 13:29:00; 2026-04-18 13:29:00;-89;2; (not associated) ;;;;;;;;;;
1E:37:67:75:BD:0E; 2026-04-18 13:29:00; 2026-04-18 13:29:00;-75;1; (not associated) ;MT_FREE;;;;;;;;;
56:AD:CB:7E:AF:D8; 2026-04-18 13:29:00; 2026-04-18 13:29:00;-77;1; (not associated) ;MT_FREE;;;;;;;;;
BA:C9:94:E7:5E:9F; 2026-04-18 13:29:00; 2026-04-18 13:29:00;-90;2; (not associated) ;;;;;;;;;;
9A:37:A1:74:1B:EB; 2026-04-18 13:29:00; 2026-04-18 13:29:00;-80;2; (not associated) ;;;;;;;;;;
D2:E6:B9:26:9A:CD; 2026-04-18 13:29:00; 2026-04-18 13:29:00;-78;2; (not associated) ;;;;;;;;;;
9A:B4:68:B1:10:CE; 2026-04-18 13:29:01; 2026-04-18 13:29:01;-76;4; (not associated) ;;;;;;;;;;
0E:B0:39:4B:3D:ED; 2026-04-18 13:29:01; 2026-04-18 13:29:01;-82;2; (not associated) ;;;;;;;;;;
BA:AC:1B:20:4D:7B; 2026-04-18 13:29:01; 2026-04-18 13:29:01;-78;1; (not associated) ;;;;;;;;;;
3E:CB:D3:F6:5F:F0; 2026-04-18 13:29:01; 2026-04-18 13:29:01;-75;1; (not associated) ;;;;;;;;;;
4A:FD:DE:89:EC:98; 2026-04-18 13:29:01; 2026-04-18 13:29:01;-83;2; (not associated) ;;;;;;;;;;
DA:45:DB:41:E5:41; 2026-04-18 13:29:01; 2026-04-18 13:29:01;-78;2; (not associated) ;RT-5WiFi-5814;;;;;;;;;
0E:11:90:81:86:A8; 2026-04-18 13:29:02; 2026-04-18 13:29:02;-69;1; (not associated) ;;;;;;;;;;
A2:F3:1B:BE:20:06; 2026-04-18 13:29:02; 2026-04-18 13:29:02;-71;2; (not associated) ;;;;;;;;;;
96:64:A9:57:9D:24; 2026-04-18 13:29:03; 2026-04-18 13:29:03;-77;1; (not associated) ;;;;;;;;;;
EA:C9:B0:A6:CA:DE; 2026-04-18 13:29:03; 2026-04-18 13:29:28;-92;57; C0:7B:BC:CF:2C:AE;MT_FREE;;;;;;;;;
EA:56:7C:AF:19:4A; 2026-04-18 13:29:03; 2026-04-18 13:29:03;-71;1; (not associated) ;;;;;;;;;;
0A:33:B7:62:48:D6; 2026-04-18 13:29:03; 2026-04-18 13:29:04;-63;19; (not associated) ;Beeline_5G_FF4294;DIR-615_EXT2;;;;;;;;
AA:00:D2:F5:FC:13; 2026-04-18 13:29:04; 2026-04-18 13:29:04;-75;1; (not associated) ;;;;;;;;;;
72:18:51:BC:41:B2; 2026-04-18 13:29:04; 2026-04-18 13:29:04;-88;1; (not associated) ;;;;;;;;;;
22:B4:D2:A4:58:1C; 2026-04-18 13:29:04; 2026-04-18 13:29:04;-57;1; (not associated) ;;;;;;;;;;
B2:64:17:9D:B5:A6; 2026-04-18 13:29:04; 2026-04-18 13:29:04;-92;2; (not associated) ;;;;;;;;;;
62:CB:A6:8C:75:79; 2026-04-18 13:29:04; 2026-04-18 13:29:04;-67;2; (not associated) ;;;;;;;;;;
3A:22:09:FC:92:A4; 2026-04-18 13:29:04; 2026-04-18 13:29:04;-77;2; (not associated) ;;;;;;;;;;
9E:B1:98:17:68:C2; 2026-04-18 13:29:04; 2026-04-18 13:29:04;-91;1; (not associated) ;;;;;;;;;;
C6:2F:F3:65:15:32; 2026-04-18 13:29:04; 2026-04-18 13:29:04;-79;2; (not associated) ;;;;;;;;;;
16:CC:22:1D:66:6D; 2026-04-18 13:29:04; 2026-04-18 13:29:04;-78;2; (not associated) ;;;;;;;;;;
06:EF:D3:E0:28:9F; 2026-04-18 13:29:04; 2026-04-18 13:29:04;-84;2; (not associated) ;MT_FREE;;;;;;;;;
56:60:24:E2:F5:AD; 2026-04-18 13:29:04; 2026-04-18 13:29:04;-92;1; (not associated) ;;;;;;;;;;
0A:A6:46:69:3D:52; 2026-04-18 13:29:05; 2026-04-18 13:29:05;-88;3; (not associated) ;;;;;;;;;;
46:5D:07:84:96:08; 2026-04-18 13:29:05; 2026-04-18 13:29:05;-72;2; (not associated) ;;;;;;;;;;
42:52:EA:78:EE:D4; 2026-04-18 13:29:05; 2026-04-18 13:29:16;-89;7; (not associated) ;;;;;;;;;;
22:3F:60:5A:93:8C; 2026-04-18 13:29:05; 2026-04-18 13:29:05;-87;1; (not associated) ;;;;;;;;;;
B6:D5:7D:DD:34:7F; 2026-04-18 13:29:05; 2026-04-18 13:29:36;-87;13; 00:25:00:FF:94:73;;;;;;;;;;
6A:F4:2A:1C:4E:3C; 2026-04-18 13:29:05; 2026-04-18 13:29:05;-84;2; (not associated) ;;;;;;;;;;
E6:A0:08:9B:92:B2; 2026-04-18 13:29:05; 2026-04-18 13:29:05;-89;1; (not associated) ;;;;;;;;;;
1E:5C:4A:29:BC:9B; 2026-04-18 13:29:05; 2026-04-18 13:29:05;-88;2; (not associated) ;;;;;;;;;;
EE:30:51:5E:8F:AD; 2026-04-18 13:29:06; 2026-04-18 13:29:06;-83;2; (not associated) ;;;;;;;;;;
6E:71:7B:94:2F:DC; 2026-04-18 13:29:06; 2026-04-18 13:29:06;-91;7; (not associated) ;;;;;;;;;;
EE:B0:4C:A1:EE:06; 2026-04-18 13:29:06; 2026-04-18 13:29:06;-81;1; (not associated) ;;;;;;;;;;
2E:6B:C9:08:2A:01; 2026-04-18 13:29:06; 2026-04-18 13:29:06;-43;2; (not associated) ;;;;;;;;;;
8E:88:AB:F3:96:C2; 2026-04-18 13:29:06; 2026-04-18 13:29:06;-88;1; (not associated) ;;;;;;;;;;
F6:DC:1E:FD:E8:4E; 2026-04-18 13:29:06; 2026-04-18 13:29:06;-87;1; (not associated) ;;;;;;;;;;
76:1C:37:EF:AD:A1; 2026-04-18 13:29:06; 2026-04-18 13:29:06;-90;2; (not associated) ;;;;;;;;;;
C6:C1:14:D2:46:BF; 2026-04-18 13:29:06; 2026-04-18 13:29:06;-88;1; (not associated) ;;;;;;;;;;
5A:EE:BC:E9:5B:A2; 2026-04-18 13:29:06; 2026-04-18 13:29:06;-89;2; (not associated) ;;;;;;;;;;
E2:48:A1:A2:FC:A7; 2026-04-18 13:29:06; 2026-04-18 13:29:06;-83;2; (not associated) ;;;;;;;;;;
32:C4:5F:B3:EC:D2; 2026-04-18 13:29:06; 2026-04-18 13:29:06;-87;4; (not associated) ;MT_FREE;;;;;;;;;
82:78:7D:2C:82:37; 2026-04-18 13:29:06; 2026-04-18 13:29:06;-70;3; (not associated) ;;;;;;;;;;
FE:06:CE:28:BF:20; 2026-04-18 13:29:06; 2026-04-18 13:29:06;-89;2; (not associated) ;;;;;;;;;;
A2:FF:7B:36:01:0D; 2026-04-18 13:29:06; 2026-04-18 13:29:06;-69;1; (not associated) ;;;;;;;;;;
96:AD:9F:0C:D5:AC; 2026-04-18 13:29:06; 2026-04-18 13:29:06;-71;1; (not associated) ;;;;;;;;;;
FE:9A:3A:CA:37:AD; 2026-04-18 13:29:06; 2026-04-18 13:29:47;-75;38; 50:1C:BF:F9:A6:41;;;;;;;;;;
12:4E:1E:44:A5:13; 2026-04-18 13:29:06; 2026-04-18 13:29:06;-89;2; (not associated) ;;;;;;;;;;
66:89:4D:4F:D7:D1; 2026-04-18 13:29:07; 2026-04-18 13:29:30;-81;3; (not associated) ;;;;;;;;;;
0E:D9:1D:68:24:3D; 2026-04-18 13:29:07; 2026-04-18 13:29:07;-77;2; (not associated) ;;;;;;;;;;
5E:E1:CF:97:97:E5; 2026-04-18 13:29:07; 2026-04-18 13:29:07;-62;2; (not associated) ;;;;;;;;;;
5E:88:C7:79:02:D3; 2026-04-18 13:29:07; 2026-04-18 13:29:07;-92;2; (not associated) ;;;;;;;;;;
1E:09:17:E4:A2:39; 2026-04-18 13:29:07; 2026-04-18 13:29:07;-69;1; (not associated) ;MT_FREE;;;;;;;;;
52:7C:AE:29:50:4B; 2026-04-18 13:29:07; 2026-04-18 13:29:07;-68;1; (not associated) ;MT_FREE;;;;;;;;;
26:3E:DF:73:18:B9; 2026-04-18 13:29:09; 2026-04-18 13:29:09;-83;2; (not associated) ;;;;;;;;;;
DA:97:99:0F:5C:60; 2026-04-18 13:29:09; 2026-04-18 13:29:09;-68;1; (not associated) ;MT_FREE;;;;;;;;;
32:BC:1D:EF:95:32; 2026-04-18 13:29:09; 2026-04-18 13:29:09;-66;1; (not associated) ;MT_FREE;;;;;;;;;
8A:28:7D:31:99:93; 2026-04-18 13:29:09; 2026-04-18 13:29:09;-88;2; (not associated) ;;;;;;;;;;
AE:ED:1C:74:55:28; 2026-04-18 13:29:09; 2026-04-18 13:29:09;-76;2; (not associated) ;;;;;;;;;;
0E:60:1B:30:CC:97; 2026-04-18 13:29:09; 2026-04-18 13:29:09;-81;2; (not associated) ;;;;;;;;;;
AA:04:DC:49:7F:7D; 2026-04-18 13:29:11; 2026-04-18 13:29:11;-84;4; (not associated) ;TP-Link_D10B;;;;;;;;;
0A:44:28:16:1D:44; 2026-04-18 13:29:12; 2026-04-18 13:29:12;-92;1; (not associated) ;;;;;;;;;;
A2:68:09:D7:7B:F1; 2026-04-18 13:29:13; 2026-04-18 13:29:13;-83;4; (not associated) ;;;;;;;;;;
E6:B1:47:2C:6A:66; 2026-04-18 13:29:14; 2026-04-18 13:29:14;-79;1; (not associated) ;;;;;;;;;;
2A:4A:CC:B2:AB:68; 2026-04-18 13:29:14; 2026-04-18 13:29:14;-81;1; (not associated) ;;;;;;;;;;
4E:56:45:9E:47:B6; 2026-04-18 13:29:14; 2026-04-18 13:29:14;-88;1; (not associated) ;;;;;;;;;;
92:2E:8F:02:CC:74; 2026-04-18 13:29:14; 2026-04-18 13:29:14;-83;1; (not associated) ;;;;;;;;;;
E2:7E:94:04:03:D8; 2026-04-18 13:29:14; 2026-04-18 13:29:14;-93;2; (not associated) ;;;;;;;;;;
E2:88:80:0B:26:5C; 2026-04-18 13:29:14; 2026-04-18 13:29:14;-83;1; (not associated) ;;;;;;;;;;
6E:52:CF:F0:47:4B; 2026-04-18 13:29:14; 2026-04-18 13:29:14;-90;2; (not associated) ;;;;;;;;;;
7E:73:5A:82:95:E2; 2026-04-18 13:29:14; 2026-04-18 13:29:14;-86;1; (not associated) ;MT_FREE;;;;;;;;;
66:50:3C:A7:11:F1; 2026-04-18 13:29:14; 2026-04-18 13:29:14;-87;1; (not associated) ;MT_FREE;;;;;;;;;
DA:5E:6B:64:69:EB; 2026-04-18 13:29:14; 2026-04-18 13:29:14;-89;1; (not associated) ;MT_FREE;;;;;;;;;
86:3B:2C:1C:FA:24; 2026-04-18 13:29:14; 2026-04-18 13:29:14;-88;1; (not associated) ;MT_FREE;;;;;;;;;
9E:3B:56:08:05:7D; 2026-04-18 13:29:14; 2026-04-18 13:29:14;-91;1; (not associated) ;;;;;;;;;;
C2:F0:52:30:4E:86; 2026-04-18 13:29:15; 2026-04-18 13:29:15;-68;2; (not associated) ;;;;;;;;;;
7E:65:C1:34:6E:7E; 2026-04-18 13:29:15; 2026-04-18 13:29:15;-82;2; (not associated) ;;;;;;;;;;
7E:6A:60:0B:B5:A7; 2026-04-18 13:29:15; 2026-04-18 13:29:15;-76;4; (not associated) ;;;;;;;;;;
F6:17:9A:4E:92:BF; 2026-04-18 13:29:15; 2026-04-18 13:29:15;-92;2; (not associated) ;;;;;;;;;;
3E:D3:EF:29:78:2B; 2026-04-18 13:29:16; 2026-04-18 13:29:16;-75;4; (not associated) ;;;;;;;;;;
FE:29:73:FD:82:4B; 2026-04-18 13:29:16; 2026-04-18 13:29:16;-92;1; (not associated) ;;;;;;;;;;
DA:6B:6D:30:FB:ED; 2026-04-18 13:29:16; 2026-04-18 13:29:16;-89;2; (not associated) ;;;;;;;;;;
56:3D:7E:0E:90:1B; 2026-04-18 13:29:16; 2026-04-18 13:29:16;-76;1; (not associated) ;MT_FREE;;;;;;;;;
2A:66:B6:39:D8:86; 2026-04-18 13:29:16; 2026-04-18 13:29:16;-70;1; (not associated) ;MT_FREE;;;;;;;;;
0E:A8:A8:CC:1A:3A; 2026-04-18 13:29:16; 2026-04-18 13:29:16;-72;1; (not associated) ;MT_FREE;;;;;;;;;
DA:70:C2:98:10:FA; 2026-04-18 13:29:16; 2026-04-18 13:29:16;-76;1; (not associated) ;MT_FREE;;;;;;;;;
8A:81:F4:23:0D:3A; 2026-04-18 13:29:17; 2026-04-18 13:29:17;-78;1; (not associated) ;;;;;;;;;;
AE:9D:18:B4:75:51; 2026-04-18 13:29:17; 2026-04-18 13:29:17;-79;2; (not associated) ;;;;;;;;;;
0A:FD:71:A6:53:06; 2026-04-18 13:29:17; 2026-04-18 13:29:17;-72;1; (not associated) ;;;;;;;;;;
B6:40:ED:38:11:BD; 2026-04-18 13:29:17; 2026-04-18 13:29:18;-66;2; (not associated) ;;;;;;;;;;
CA:4D:56:FF:DD:19; 2026-04-18 13:29:17; 2026-04-18 13:29:18;-65;2; (not associated) ;;;;;;;;;;
6A:3E:F7:65:B9:DE; 2026-04-18 13:29:17; 2026-04-18 13:29:18;-67;2; (not associated) ;;;;;;;;;;
42:8E:3C:66:A5:DB; 2026-04-18 13:29:18; 2026-04-18 13:29:18;-65;1; (not associated) ;;;;;;;;;;
22:8B:42:7D:02:40; 2026-04-18 13:29:18; 2026-04-18 13:29:18;-72;6; (not associated) ;;;;;;;;;;
FA:EE:E7:CF:C5:1D; 2026-04-18 13:29:19; 2026-04-18 13:29:19;-78;1; (not associated) ;;;;;;;;;;
32:90:B7:30:2B:34; 2026-04-18 13:29:19; 2026-04-18 13:29:19;-76;2; (not associated) ;;;;;;;;;;
96:FA:C0:50:91:2F; 2026-04-18 13:29:19; 2026-04-18 13:29:19;-70;1; (not associated) ;MT_FREE;;;;;;;;;
DE:70:ED:5E:A4:A7; 2026-04-18 13:29:19; 2026-04-18 13:29:19;-83;1; (not associated) ;;;;;;;;;;
4A:C5:E9:7B:5E:35; 2026-04-18 13:29:20; 2026-04-18 13:29:20;-89;2; (not associated) ;;;;;;;;;;
CE:79:E1:B2:4A:FE; 2026-04-18 13:29:20; 2026-04-18 13:29:20;-80;2; D0:C7:89:0F:4C:CE;;;;;;;;;;
52:0C:4E:6F:27:34; 2026-04-18 13:29:20; 2026-04-18 13:29:20;-81;3; (not associated) ;;;;;;;;;;
AA:C3:A1:A7:1D:1C; 2026-04-18 13:29:20; 2026-04-18 13:29:20;-56;2; (not associated) ;;;;;;;;;;
FA:3D:2F:6C:C6:34; 2026-04-18 13:29:20; 2026-04-18 13:29:20;-86;2; (not associated) ;;;;;;;;;;
52:1E:60:00:1F:33; 2026-04-18 13:29:20; 2026-04-18 13:29:20;-56;1; (not associated) ;Phobia_tvr;;;;;;;;;
A2:52:C3:04:B5:F8; 2026-04-18 13:29:20; 2026-04-18 13:29:20;-76;2; (not associated) ;AndroidAP_1959;;;;;;;;;
06:FD:53:9A:24:9F; 2026-04-18 13:29:20; 2026-04-18 13:29:20;-75;2; (not associated) ;;;;;;;;;;
1E:AB:12:A3:0D:19; 2026-04-18 13:29:20; 2026-04-18 13:29:20;-89;1; (not associated) ;;;;;;;;;;
BA:25:49:30:35:DA; 2026-04-18 13:29:20; 2026-04-18 13:29:20;-89;5; (not associated) ;эааа;\xAC\xEF\xAC\xD1\xAC\xD1\xAC\xD1;;;;;;;;
F6:92:7F:E0:52:45; 2026-04-18 13:29:20; 2026-04-18 13:29:20;-74;1; (not associated) ;MT_FREE;;;;;;;;;
2A:13:DC:BC:A2:74; 2026-04-18 13:29:20; 2026-04-18 13:29:20;-74;1; (not associated) ;MT_FREE;;;;;;;;;
4E:D0:44:F3:9C:64; 2026-04-18 13:29:20; 2026-04-18 13:29:20;-70;2; (not associated) ;;;;;;;;;;
F6:43:33:D7:23:82; 2026-04-18 13:29:20; 2026-04-18 13:29:20;-84;2; (not associated) ;;;;;;;;;;
5E:8E:45:ED:11:77; 2026-04-18 13:29:20; 2026-04-18 13:29:20;-83;2; (not associated) ;;;;;;;;;;
EE:D0:FF:FD:73:1D; 2026-04-18 13:29:20; 2026-04-18 13:29:20;-92;3; (not associated) ;REU-STUDENT;REU-STAFF;;;;;;;;
6A:1C:FB:2B:71:32; 2026-04-18 13:29:20; 2026-04-18 13:29:21;-57;3; (not associated) ;MT_FREE;;;;;;;;;
76:C9:1A:92:F0:B2; 2026-04-18 13:29:21; 2026-04-18 13:29:21;-54;3; (not associated) ;;;;;;;;;;
D2:D9:81:70:4F:91; 2026-04-18 13:29:21; 2026-04-18 13:29:21;-75;2; (not associated) ;AndroidAP_1959;;;;;;;;;
0A:E3:7A:E0:79:CE; 2026-04-18 13:29:21; 2026-04-18 13:29:21;-74;2; (not associated) ;;;;;;;;;;
7A:38:02:FD:D7:0C; 2026-04-18 13:29:21; 2026-04-18 13:29:21;-56;2; (not associated) ;Phobia_tvr;;;;;;;;;
96:9B:37:D9:14:56; 2026-04-18 13:29:21; 2026-04-18 13:29:21;-56;2; (not associated) ;;;;;;;;;;
DA:A1:19:9A:0C:38; 2026-04-18 13:29:21; 2026-04-18 13:30:23;-87;8; (not associated) ;GoldPrint;;;;;;;;;
4E:DA:99:BA:A1:DA; 2026-04-18 13:29:21; 2026-04-18 13:29:21;-72;3; (not associated) ;;;;;;;;;;
BE:53:6B:2F:A3:8F; 2026-04-18 13:29:21; 2026-04-18 13:29:21;-89;1; (not associated) ;;;;;;;;;;
E6:FE:C0:48:54:2F; 2026-04-18 13:29:21; 2026-04-18 13:29:21;-89;1; (not associated) ;;;;;;;;;;
E6:71:1B:E8:85:8D; 2026-04-18 13:29:21; 2026-04-18 13:29:21;-77;2; (not associated) ;;;;;;;;;;
F6:EF:2E:9B:F0:5A; 2026-04-18 13:29:21; 2026-04-18 13:29:21;-80;1; (not associated) ;MT_FREE;;;;;;;;;
66:9D:DB:07:4F:35; 2026-04-18 13:29:21; 2026-04-18 13:29:21;-79;1; (not associated) ;MT_FREE;;;;;;;;;
62:05:29:09:DE:B9; 2026-04-18 13:29:21; 2026-04-18 13:29:21;-76;1; (not associated) ;MT_FREE;;;;;;;;;
0A:DF:24:B6:17:8A; 2026-04-18 13:29:21; 2026-04-18 13:29:21;-80;1; (not associated) ;MT_FREE;;;;;;;;;
EA:EC:CF:BB:59:C5; 2026-04-18 13:29:21; 2026-04-18 13:29:21;-89;2; (not associated) ;;;;;;;;;;
AE:98:E3:33:9A:F3; 2026-04-18 13:29:21; 2026-04-18 13:29:23;-88;3; (not associated) ;MT_FREE;;;;;;;;;
82:17:AF:75:76:6B; 2026-04-18 13:29:22; 2026-04-18 13:29:22;-80;2; (not associated) ;;;;;;;;;;
A2:35:F4:58:88:99; 2026-04-18 13:29:23; 2026-04-18 13:29:23;-50;10; (not associated) ;DHABA-KARACHI_2G;EXPO2020;HUAWEI Y9 Prime 2019;ORIONSYS+;;;;;;
E2:D5:C3:AF:05:9F; 2026-04-18 13:29:23; 2026-04-18 13:29:23;-77;2; (not associated) ;;;;;;;;;;
06:20:28:CA:98:38; 2026-04-18 13:29:23; 2026-04-18 13:29:23;-42;6; (not associated) ;Beeline_5G_FF4294;DIR-615_EXT2;;;;;;;;
2E:41:42:B3:7A:12; 2026-04-18 13:29:23; 2026-04-18 13:29:23;-90;2; (not associated) ;;;;;;;;;;
3E:CF:5E:10:DD:36; 2026-04-18 13:29:24; 2026-04-18 13:29:25;-92;2; (not associated) ;;;;;;;;;;
BE:24:D0:3C:A3:34; 2026-04-18 13:29:25; 2026-04-18 13:29:25;-54;2; (not associated) ;;;;;;;;;;
A2:93:7C:96:3E:B7; 2026-04-18 13:29:27; 2026-04-18 13:29:27;-61;3; (not associated) ;;;;;;;;;;
96:6C:4A:AB:1C:5C; 2026-04-18 13:29:27; 2026-04-18 13:29:27;-90;2; (not associated) ;;;;;;;;;;
1E:D6:F3:6D:FB:7F; 2026-04-18 13:29:28; 2026-04-18 13:29:28;-83;4; (not associated) ;;;;;;;;;;
CE:E1:AB:47:20:28; 2026-04-18 13:29:29; 2026-04-18 13:29:29;-63;2; (not associated) ;;;;;;;;;;
00:F1:CA:81:20:E8; 2026-04-18 13:29:29; 2026-04-18 13:30:15;-86;23; 41:36:5A:FC:F8:D5;;;;;;;;;;
B2:37:94:5E:35:2B; 2026-04-18 13:29:29; 2026-04-18 13:29:29;-79;2; (not associated) ;;;;;;;;;;
52:3A:A4:46:00:05; 2026-04-18 13:29:29; 2026-04-18 13:29:29;-90;1; (not associated) ;;;;;;;;;;
9A:E1:8B:5A:4A:D2; 2026-04-18 13:29:29; 2026-04-18 13:29:29;-89;1; (not associated) ;;;;;;;;;;
EA:55:31:51:F7:C3; 2026-04-18 13:29:29; 2026-04-18 13:29:29;-73;2; (not associated) ;;;;;;;;;;
5E:BC:B1:29:19:3B; 2026-04-18 13:29:30; 2026-04-18 13:29:30;-92;2; (not associated) ;;;;;;;;;;
36:E3:06:AF:26:E4; 2026-04-18 13:29:30; 2026-04-18 13:29:30;-83;1; (not associated) ;;;;;;;;;;
6A:67:33:6A:C2:13; 2026-04-18 13:29:30; 2026-04-18 13:29:30;-90;1; (not associated) ;;;;;;;;;;
16:68:D9:8C:8B:24; 2026-04-18 13:29:30; 2026-04-18 13:29:30;-91;1; (not associated) ;;;;;;;;;;
DA:94:02:55:B3:D2; 2026-04-18 13:29:30; 2026-04-18 13:29:30;-78;2; (not associated) ;;;;;;;;;;
52:8A:F5:F1:67:18; 2026-04-18 13:29:30; 2026-04-18 13:29:30;-59;2; (not associated) ;;;;;;;;;;
F6:21:CF:15:26:89; 2026-04-18 13:29:30; 2026-04-18 13:29:30;-73;2; (not associated) ;;;;;;;;;;
9A:3E:FB:E7:84:80; 2026-04-18 13:29:30; 2026-04-18 13:29:30;-89;2; (not associated) ;;;;;;;;;;
EE:AA:D2:B3:D0:30; 2026-04-18 13:29:30; 2026-04-18 13:29:30;-91;1; (not associated) ;;;;;;;;;;
DA:E8:12:15:F4:28; 2026-04-18 13:29:30; 2026-04-18 13:29:30;-91;1; (not associated) ;;;;;;;;;;
CE:96:B4:BD:3B:09; 2026-04-18 13:29:31; 2026-04-18 13:29:31;-91;1; (not associated) ;TP-Link_52FA_5G;;;;;;;;;
B6:44:1E:16:5C:8E; 2026-04-18 13:29:31; 2026-04-18 13:29:31;-88;1; (not associated) ;;;;;;;;;;
92:D3:61:1C:4E:E0; 2026-04-18 13:29:31; 2026-04-18 13:29:31;-81;2; (not associated) ;;;;;;;;;;
DA:A1:19:0F:87:E1; 2026-04-18 13:29:31; 2026-04-18 13:29:52;-90;4; (not associated) ;;;;;;;;;;
A2:86:12:02:2D:88; 2026-04-18 13:29:31; 2026-04-18 13:29:31;-92;2; (not associated) ;;;;;;;;;;
92:E4:6F:0A:1C:87; 2026-04-18 13:29:31; 2026-04-18 13:29:31;-84;2; (not associated) ;;;;;;;;;;
4A:37:5F:7C:95:05; 2026-04-18 13:29:31; 2026-04-18 13:29:31;-80;2; (not associated) ;;;;;;;;;;
2E:90:DA:47:FF:66; 2026-04-18 13:29:31; 2026-04-18 13:29:31;-83;2; (not associated) ;;;;;;;;;;
26:C2:1F:EF:DE:3F; 2026-04-18 13:29:31; 2026-04-18 13:29:31;-75;2; (not associated) ;;;;;;;;;;
02:9B:D2:2A:F3:38; 2026-04-18 13:29:32; 2026-04-18 13:29:32;-81;1; (not associated) ;;;;;;;;;;
EE:33:9C:54:2B:31; 2026-04-18 13:29:32; 2026-04-18 13:29:32;-86;4; (not associated) ;GAZ-24;Beeline_2G_F56837;;;;;;;;
4E:69:37:2F:96:8E; 2026-04-18 13:29:32; 2026-04-18 13:29:33;-78;5; (not associated) ;;;;;;;;;;
62:11:D0:B3:F1:F1; 2026-04-18 13:29:33; 2026-04-18 13:29:33;-77;1; (not associated) ;;;;;;;;;;
CA:55:0B:69:70:F3; 2026-04-18 13:29:33; 2026-04-18 13:29:33;-72;2; (not associated) ;;;;;;;;;;
F6:B2:D0:9E:F1:55; 2026-04-18 13:29:34; 2026-04-18 13:29:34;-85;1; (not associated) ;;;;;;;;;;
0A:09:63:03:98:51; 2026-04-18 13:29:34; 2026-04-18 13:29:34;-79;1; (not associated) ;;;;;;;;;;
82:10:CD:9E:74:BB; 2026-04-18 13:29:34; 2026-04-18 13:29:35;-84;3; (not associated) ;PT-Guest;Free Wi-Fi;;;;;;;;
72:E1:58:33:55:67; 2026-04-18 13:29:34; 2026-04-18 13:29:34;-79;1; (not associated) ;;;;;;;;;;
02:2D:03:16:7F:ED; 2026-04-18 13:29:34; 2026-04-18 13:29:35;-68;2; (not associated) ;;;;;;;;;;
DA:EF:72:AC:42:C8; 2026-04-18 13:29:35; 2026-04-18 13:29:35;-85;1; (not associated) ;;;;;;;;;;
6A:AF:14:B6:79:DF; 2026-04-18 13:29:35; 2026-04-18 13:29:35;-68;1; 00:25:00:FF:94:73;;;;;;;;;;
0E:4F:E3:44:D6:3E; 2026-04-18 13:29:35; 2026-04-18 13:29:35;-80;1; (not associated) ;;;;;;;;;;
8E:15:B7:6B:77:CD; 2026-04-18 13:29:35; 2026-04-18 13:29:35;-66;2; (not associated) ;;;;;;;;;;
6A:B0:09:BC:3D:E1; 2026-04-18 13:29:36; 2026-04-18 13:29:36;-77;2; (not associated) ;;;;;;;;;;
9A:E5:52:CA:F3:A8; 2026-04-18 13:29:36; 2026-04-18 13:29:36;-84;2; (not associated) ;;;;;;;;;;
FA:87:D8:75:65:62; 2026-04-18 13:29:36; 2026-04-18 13:29:36;-84;4; (not associated) ;;;;;;;;;;
AE:58:22:19:15:A9; 2026-04-18 13:29:36; 2026-04-18 13:29:36;-92;1; (not associated) ;;;;;;;;;;
4A:2D:A0:09:B8:6B; 2026-04-18 13:29:36; 2026-04-18 13:29:36;-80;2; (not associated) ;;;;;;;;;;
6E:5A:80:90:89:56; 2026-04-18 13:29:36; 2026-04-18 13:29:36;-88;2; (not associated) ;;;;;;;;;;
72:73:EA:85:05:52; 2026-04-18 13:29:36; 2026-04-18 13:29:36;-83;2; (not associated) ;;;;;;;;;;
66:68:5E:51:15:3F; 2026-04-18 13:29:37; 2026-04-18 13:29:37;-83;2; (not associated) ;;;;;;;;;;
FE:C8:29:05:34:98; 2026-04-18 13:29:37; 2026-04-18 13:29:37;-72;2; (not associated) ;;;;;;;;;;
42:01:15:B2:C9:62; 2026-04-18 13:29:37; 2026-04-18 13:29:37;-87;1; (not associated) ;;;;;;;;;;
A8:91:3D:66:67:55; 2026-04-18 13:29:37; 2026-04-18 13:29:37;-90;1; 58:0A:20:09:6E:BE;;;;;;;;;;
7A:BE:C9:C7:B6:BB; 2026-04-18 13:29:37; 2026-04-18 13:29:37;-85;1; (not associated) ;;;;;;;;;;
AA:FB:F9:26:1C:D6; 2026-04-18 13:29:37; 2026-04-18 13:29:37;-67;2; (not associated) ;;;;;;;;;;
74:EB:80:B1:03:C8; 2026-04-18 13:29:37; 2026-04-18 13:29:37;-87;1; 58:0A:20:09:6E:BE;;;;;;;;;;
AA:06:B7:46:FD:E5; 2026-04-18 13:29:38; 2026-04-18 13:29:38;-82;2; (not associated) ;;;;;;;;;;
0E:56:9C:1E:03:6E; 2026-04-18 13:29:38; 2026-04-18 13:29:38;-80;2; (not associated) ;;;;;;;;;;
EA:BA:21:EF:D8:81; 2026-04-18 13:29:38; 2026-04-18 13:29:38;-79;2; (not associated) ;;;;;;;;;;
DE:86:8D:E8:D4:1D; 2026-04-18 13:29:38; 2026-04-18 13:29:38;-83;2; (not associated) ;;;;;;;;;;
2E:44:96:96:12:2A; 2026-04-18 13:29:39; 2026-04-18 13:29:39;-80;2; (not associated) ;;;;;;;;;;
1E:27:CC:17:0A:67; 2026-04-18 13:29:39; 2026-04-18 13:29:39;-79;2; (not associated) ;;;;;;;;;;
E2:D7:0B:A6:26:B5; 2026-04-18 13:29:39; 2026-04-18 13:29:39;-75;4; (not associated) ;;;;;;;;;;
8A:58:55:C6:FC:F3; 2026-04-18 13:29:40; 2026-04-18 13:29:40;-82;2; (not associated) ;;;;;;;;;;
00:F1:CA:81:21:07; 2026-04-18 13:29:43; 2026-04-18 13:30:29;-78;21; 41:36:5A:FC:F8:D5;;;;;;;;;;
36:68:D3:B4:FC:E8; 2026-04-18 13:29:43; 2026-04-18 13:29:43;-83;10; (not associated) ;DHABA-KARACHI_2G;EXPO2020;HUAWEI Y9 Prime 2019;ORIONSYS+;;;;;;
E6:48:AC:58:7B:DE; 2026-04-18 13:29:44; 2026-04-18 13:29:44;-41;6; (not associated) ;Beeline_5G_FF4294;DIR-615_EXT2;;;;;;;;
BE:2B:47:91:9F:56; 2026-04-18 13:29:44; 2026-04-18 13:29:44;-91;1; (not associated) ;;;;;;;;;;
A2:69:9A:AB:4C:75; 2026-04-18 13:29:44; 2026-04-18 13:29:44;-83;2; (not associated) ;;;;;;;;;;
92:57:9A:EB:1B:76; 2026-04-18 13:29:44; 2026-04-18 13:29:44;-77;2; (not associated) ;;;;;;;;;;
C6:B3:03:2F:C7:14; 2026-04-18 13:29:44; 2026-04-18 13:29:44;-83;2; (not associated) ;;;;;;;;;;
F6:A4:34:DA:7A:5B; 2026-04-18 13:29:44; 2026-04-18 13:29:44;-91;2; (not associated) ;;;;;;;;;;
DA:23:1D:AB:DA:9D; 2026-04-18 13:29:45; 2026-04-18 13:29:45;-78;2; (not associated) ;;;;;;;;;;
52:9D:D5:CC:6D:03; 2026-04-18 13:29:45; 2026-04-18 13:29:45;-91;1; (not associated) ;;;;;;;;;;
42:CC:3B:70:AC:A5; 2026-04-18 13:29:45; 2026-04-18 13:29:52;-76;3; (not associated) ;;;;;;;;;;
FE:6A:B0:07:FD:F0; 2026-04-18 13:29:45; 2026-04-18 13:29:45;-81;2; (not associated) ;;;;;;;;;;
62:BC:6C:51:50:D0; 2026-04-18 13:29:45; 2026-04-18 13:29:45;-61;3; (not associated) ;;;;;;;;;;
AE:62:F5:E7:7C:2C; 2026-04-18 13:29:45; 2026-04-18 13:29:45;-73;2; (not associated) ;;;;;;;;;;
C2:9E:A7:E7:D2:36; 2026-04-18 13:29:45; 2026-04-18 13:29:45;-92;1; (not associated) ;;;;;;;;;;
C6:F5:6B:23:F8:46; 2026-04-18 13:29:45; 2026-04-18 13:29:45;-92;11; (not associated) ;ме;Edelveice;TP-LINK;TP-Link;Tenda;MGTS_GPON_1529;\xA7\xDE\xA7\xD6;;;
0A:B6:3B:1F:E6:BE; 2026-04-18 13:29:46; 2026-04-18 13:29:46;-89;1; (not associated) ;;;;;;;;;;
56:AA:C3:26:58:A9; 2026-04-18 13:29:46; 2026-04-18 13:29:46;-81;2; (not associated) ;;;;;;;;;;
86:59:86:C3:CF:88; 2026-04-18 13:29:46; 2026-04-18 13:29:46;-87;2; (not associated) ;;;;;;;;;;
36:80:9D:BB:D3:D8; 2026-04-18 13:29:47; 2026-04-18 13:29:47;-60;1; (not associated) ;;;;;;;;;;
76:34:E5:62:BC:17; 2026-04-18 13:29:47; 2026-04-18 13:29:47;-61;2; (not associated) ;;;;;;;;;;
16:13:58:BD:35:EC; 2026-04-18 13:29:47; 2026-04-18 13:29:47;-69;1; (not associated) ;;;;;;;;;;
3A:EF:30:74:61:3D; 2026-04-18 13:29:48; 2026-04-18 13:29:48;-59;12; (not associated) ;;;;;;;;;;
F2:6B:B5:FF:1F:2C; 2026-04-18 13:29:48; 2026-04-18 13:29:48;-78;2; (not associated) ;;;;;;;;;;
B2:7F:37:8F:51:82; 2026-04-18 13:29:48; 2026-04-18 13:29:48;-78;2; (not associated) ;ZZZ;;;;;;;;;
76:96:37:5F:6E:6A; 2026-04-18 13:29:48; 2026-04-18 13:29:48;-67;2; (not associated) ;ZZZ;;;;;;;;;
B6:2C:6F:75:4D:10; 2026-04-18 13:29:48; 2026-04-18 13:29:48;-78;1; (not associated) ;;;;;;;;;;
F6:E1:51:6E:6D:3B; 2026-04-18 13:29:48; 2026-04-18 13:29:48;-78;1; (not associated) ;ZZZ;;;;;;;;;
EA:F1:66:FA:86:6F; 2026-04-18 13:29:48; 2026-04-18 13:29:48;-77;2; (not associated) ;ZZZ;;;;;;;;;
1A:17:F0:EE:C0:6F; 2026-04-18 13:29:48; 2026-04-18 13:29:48;-80;1; (not associated) ;ZZZ;;;;;;;;;
A6:88:0F:55:62:62; 2026-04-18 13:29:48; 2026-04-18 13:29:48;-73;1; (not associated) ;;;;;;;;;;
26:0F:7C:E5:0B:0B; 2026-04-18 13:29:48; 2026-04-18 13:29:48;-77;1; (not associated) ;;;;;;;;;;
0E:DF:89:93:D8:CA; 2026-04-18 13:29:49; 2026-04-18 13:29:49;-77;1; (not associated) ;;;;;;;;;;
BE:53:68:38:3D:FB; 2026-04-18 13:29:49; 2026-04-18 13:29:49;-79;2; (not associated) ;;;;;;;;;;
96:9C:A5:FD:CB:DB; 2026-04-18 13:29:49; 2026-04-18 13:31:08;-91;12; (not associated) ;;;;;;;;;;
7E:2E:88:7F:74:92; 2026-04-18 13:29:49; 2026-04-18 13:29:49;-70;1; (not associated) ;;;;;;;;;;
9A:A4:11:B4:8D:99; 2026-04-18 13:29:49; 2026-04-18 13:30:09;-80;23; 58:0A:20:09:6E:BE;MT_FREE;;;;;;;;;
62:B0:6C:B2:A3:8C; 2026-04-18 13:29:49; 2026-04-18 13:29:49;-87;1; (not associated) ;;;;;;;;;;
36:D9:D0:DD:6D:64; 2026-04-18 13:29:49; 2026-04-18 13:29:49;-85;1; (not associated) ;MT_FREE;;;;;;;;;
66:C3:C6:C9:21:9A; 2026-04-18 13:29:49; 2026-04-18 13:29:49;-82;3; (not associated) ;ZZZ;;;;;;;;;
9E:57:4C:39:A1:48; 2026-04-18 13:29:49; 2026-04-18 13:29:49;-79;3; (not associated) ;;;;;;;;;;
C2:4B:27:C9:43:DB; 2026-04-18 13:29:49; 2026-04-18 13:29:49;-82;3; (not associated) ;ZZZ;;;;;;;;;
AA:C2:80:47:B6:68; 2026-04-18 13:29:49; 2026-04-18 13:29:49;-76;3; (not associated) ;;;;;;;;;;
6A:62:D2:C4:AB:65; 2026-04-18 13:29:49; 2026-04-18 13:29:50;-75;3; (not associated) ;ZZZ;;;;;;;;;
66:EE:A1:7B:56:14; 2026-04-18 13:29:49; 2026-04-18 13:29:50;-75;2; (not associated) ;;;;;;;;;;
16:C6:6B:BC:CC:18; 2026-04-18 13:29:49; 2026-04-18 13:29:49;-78;2; (not associated) ;;;;;;;;;;
72:1C:E0:D1:07:57; 2026-04-18 13:29:49; 2026-04-18 13:29:50;-76;2; (not associated) ;ZZZ;;;;;;;;;
AA:8F:04:14:26:8A; 2026-04-18 13:29:50; 2026-04-18 13:29:50;-84;1; (not associated) ;;;;;;;;;;
2E:CE:4E:46:C9:67; 2026-04-18 13:29:50; 2026-04-18 13:29:50;-82;1; (not associated) ;;;;;;;;;;
C2:59:19:5E:5D:85; 2026-04-18 13:29:50; 2026-04-18 13:29:50;-70;1; (not associated) ;;;;;;;;;;
86:D6:CD:72:B3:BD; 2026-04-18 13:29:50; 2026-04-18 13:29:50;-85;1; (not associated) ;;;;;;;;;;
A6:BC:53:F5:B2:7E; 2026-04-18 13:29:50; 2026-04-18 13:29:50;-79;1; (not associated) ;;;;;;;;;;
7E:17:78:B5:96:83; 2026-04-18 13:29:50; 2026-04-18 13:29:50;-90;2; (not associated) ;;;;;;;;;;
2E:70:DD:DA:26:32; 2026-04-18 13:29:50; 2026-04-18 13:29:50;-73;2; (not associated) ;;;;;;;;;;
CE:35:4F:88:25:7A; 2026-04-18 13:29:50; 2026-04-18 13:29:50;-87;1; (not associated) ;;;;;;;;;;
F2:C9:44:87:A9:B5; 2026-04-18 13:29:50; 2026-04-18 13:29:50;-88;1; (not associated) ;;;;;;;;;;
1A:1F:54:6D:4A:01; 2026-04-18 13:29:50; 2026-04-18 13:29:51;-90;2; (not associated) ;;;;;;;;;;
0A:9B:EB:AE:60:9E; 2026-04-18 13:29:51; 2026-04-18 13:29:51;-91;2; (not associated) ;TP-Link_D10B;;;;;;;;;
9A:45:9D:71:94:71; 2026-04-18 13:29:51; 2026-04-18 13:29:51;-86;2; (not associated) ;;;;;;;;;;
56:D0:D2:D7:B8:69; 2026-04-18 13:29:51; 2026-04-18 13:29:51;-89;2; (not associated) ;;;;;;;;;;
0E:4B:57:46:09:4B; 2026-04-18 13:29:51; 2026-04-18 13:29:51;-91;1; (not associated) ;;;;;;;;;;
16:6B:83:6C:6D:5F; 2026-04-18 13:29:51; 2026-04-18 13:29:51;-85;1; (not associated) ;;;;;;;;;;
22:11:BB:79:9B:98; 2026-04-18 13:29:51; 2026-04-18 13:29:51;-85;1; (not associated) ;;;;;;;;;;
FC:02:96:38:6E:D6; 2026-04-18 13:29:51; 2026-04-18 13:30:04;-80;20; 58:0A:20:0D:25:CE;MT_FREE;;;;;;;;;
16:14:63:BD:A3:5B; 2026-04-18 13:29:51; 2026-04-18 13:29:51;-87;1; 00:25:00:FF:94:73;;;;;;;;;;
8C:7A:3D:06:F4:82; 2026-04-18 13:29:52; 2026-04-18 13:29:52;-93;3; 58:0A:20:0D:25:CE;;;;;;;;;;
2A:8F:B0:CE:56:47; 2026-04-18 13:29:52; 2026-04-18 13:29:52;-89;2; (not associated) ;;;;;;;;;;
C2:D0:89:A0:FE:28; 2026-04-18 13:29:52; 2026-04-18 13:29:52;-86;2; (not associated) ;;;;;;;;;;
2A:72:85:CB:DE:76; 2026-04-18 13:29:52; 2026-04-18 13:29:52;-85;2; (not associated) ;;;;;;;;;;
0A:DD:8A:49:F3:44; 2026-04-18 13:29:52; 2026-04-18 13:29:53;-92;3; (not associated) ;;;;;;;;;;
26:AE:69:8C:ED:CD; 2026-04-18 13:29:52; 2026-04-18 13:29:52;-78;2; (not associated) ;;;;;;;;;;
4A:E9:B0:B0:CF:39; 2026-04-18 13:29:52; 2026-04-18 13:29:52;-87;2; (not associated) ;;;;;;;;;;
0A:C3:97:10:15:ED; 2026-04-18 13:29:52; 2026-04-18 13:29:52;-70;2; (not associated) ;;;;;;;;;;
F2:6C:5D:8D:8E:8D; 2026-04-18 13:29:53; 2026-04-18 13:29:53;-63;2; (not associated) ;;;;;;;;;;
8E:DD:3E:D4:63:C1; 2026-04-18 13:29:54; 2026-04-18 13:29:54;-77;2; (not associated) ;;;;;;;;;;
46:0F:18:18:BE:51; 2026-04-18 13:29:54; 2026-04-18 13:29:54;-85;2; (not associated) ;;;;;;;;;;
D0:D7:83:01:72:4B; 2026-04-18 13:29:54; 2026-04-18 13:29:54;-75;28; 50:1C:BF:F9:A6:4E;;;;;;;;;;
AA:0B:12:B4:95:3A; 2026-04-18 13:29:57; 2026-04-18 13:29:57;-75;2; (not associated) ;;;;;;;;;;
EE:EC:06:5D:9B:34; 2026-04-18 13:29:59; 2026-04-18 13:29:59;-81;2; (not associated) ;;;;;;;;;;
12:80:DD:1A:DD:AF; 2026-04-18 13:29:59; 2026-04-18 13:29:59;-88;1; (not associated) ;;;;;;;;;;
DA:AC:79:85:00:E0; 2026-04-18 13:29:59; 2026-04-18 13:32:25;-91;13; (not associated) ;;;;;;;;;;
96:5E:73:4A:BF:01; 2026-04-18 13:30:00; 2026-04-18 13:30:00;-84;2; (not associated) ;;;;;;;;;;
4A:F0:10:CE:98:D7; 2026-04-18 13:30:00; 2026-04-18 13:30:00;-91;2; (not associated) ;;;;;;;;;;
1A:70:43:34:C2:56; 2026-04-18 13:30:00; 2026-04-18 13:30:00;-79;2; (not associated) ;MT_FREE;;;;;;;;;
B6:33:09:22:8C:AE; 2026-04-18 13:30:00; 2026-04-18 13:30:00;-83;2; (not associated) ;;;;;;;;;;
AA:F1:D1:7A:72:72; 2026-04-18 13:30:00; 2026-04-18 13:30:00;-90;1; (not associated) ;;;;;;;;;;
6A:94:1F:DC:C0:DD; 2026-04-18 13:30:01; 2026-04-18 13:30:01;-79;2; (not associated) ;;;;;;;;;;
2A:49:51:86:08:1D; 2026-04-18 13:30:01; 2026-04-18 13:30:01;-84;1; (not associated) ;;;;;;;;;;
DA:69:0B:99:6D:C8; 2026-04-18 13:30:01; 2026-04-18 13:30:01;-84;1; (not associated) ;;;;;;;;;;
EA:F9:70:E3:67:52; 2026-04-18 13:30:01; 2026-04-18 13:30:02;-89;2; (not associated) ;;;;;;;;;;
D2:BC:9F:4F:50:BD; 2026-04-18 13:30:02; 2026-04-18 13:30:02;-91;1; (not associated) ;;;;;;;;;;
B2:84:79:DB:50:70; 2026-04-18 13:30:02; 2026-04-18 13:30:02;-91;2; (not associated) ;;;;;;;;;;
46:07:06:B8:83:CE; 2026-04-18 13:30:02; 2026-04-18 13:30:02;-92;2; (not associated) ;;;;;;;;;;
D6:C7:74:65:B0:5E; 2026-04-18 13:30:02; 2026-04-18 13:30:02;-76;1; (not associated) ;;;;;;;;;;
5E:D3:DA:16:04:2D; 2026-04-18 13:30:03; 2026-04-18 13:30:03;-69;1; (not associated) ;;;;;;;;;;
66:F5:96:46:9A:97; 2026-04-18 13:30:03; 2026-04-18 13:30:03;-59;18; (not associated) ;Beeline_5G_FF4294;DIR-615_EXT2;;;;;;;;
3A:54:FB:89:5D:CF; 2026-04-18 13:30:03; 2026-04-18 13:30:03;-88;1; (not associated) ;;;;;;;;;;
72:37:11:D5:DB:5D; 2026-04-18 13:30:03; 2026-04-18 13:30:03;-89;1; (not associated) ;;;;;;;;;;
06:D9:59:32:A4:33; 2026-04-18 13:30:03; 2026-04-18 13:30:03;-84;1; (not associated) ;;;;;;;;;;
A2:38:2A:39:19:C2; 2026-04-18 13:30:04; 2026-04-18 13:30:04;-71;4; (not associated) ;;;;;;;;;;
4A:BB:19:A5:39:B6; 2026-04-18 13:30:05; 2026-04-18 13:30:05;-86;1; (not associated) ;;;;;;;;;;
DA:BA:8F:70:CE:6E; 2026-04-18 13:30:05; 2026-04-18 13:30:05;-76;1; (not associated) ;;;;;;;;;;
CE:B3:FB:08:8E:C7; 2026-04-18 13:30:06; 2026-04-18 13:30:06;-91;2; (not associated) ;;;;;;;;;;
FA:BD:56:F7:D7:77; 2026-04-18 13:30:06; 2026-04-18 13:30:06;-82;2; (not associated) ;;;;;;;;;;
7A:E8:2B:85:D6:1F; 2026-04-18 13:30:06; 2026-04-18 13:30:06;-88;2; (not associated) ;;;;;;;;;;
2A:4D:55:60:F5:4C; 2026-04-18 13:30:06; 2026-04-18 13:30:06;-91;1; (not associated) ;;;;;;;;;;
12:77:71:19:6C:4C; 2026-04-18 13:30:06; 2026-04-18 13:30:06;-79;2; (not associated) ;;;;;;;;;;
6E:CE:0D:99:D8:04; 2026-04-18 13:30:06; 2026-04-18 13:30:06;-89;2; (not associated) ;;;;;;;;;;
D6:CD:F4:41:60:03; 2026-04-18 13:30:06; 2026-04-18 13:30:06;-84;1; (not associated) ;;;;;;;;;;
0A:BE:19:2E:06:DA; 2026-04-18 13:30:07; 2026-04-18 13:30:07;-89;1; (not associated) ;;;;;;;;;;
F6:26:19:52:AC:12; 2026-04-18 13:30:07; 2026-04-18 13:30:07;-90;1; (not associated) ;;;;;;;;;;
D6:37:11:D6:D8:D8; 2026-04-18 13:30:07; 2026-04-18 13:30:07;-88;2; (not associated) ;;;;;;;;;;
DA:AC:D2:AC:28:03; 2026-04-18 13:30:07; 2026-04-18 13:30:07;-82;2; (not associated) ;;;;;;;;;;
72:24:E2:15:04:34; 2026-04-18 13:30:07; 2026-04-18 13:30:07;-88;2; (not associated) ;;;;;;;;;;
DA:A1:19:30:9A:5F; 2026-04-18 13:30:07; 2026-04-18 13:30:07;-88;1; (not associated) ;;;;;;;;;;
CE:50:57:B7:2C:8F; 2026-04-18 13:30:07; 2026-04-18 13:30:07;-92;2; (not associated) ;;;;;;;;;;
DA:A1:19:31:CF:F3; 2026-04-18 13:30:07; 2026-04-18 13:30:07;-92;2; (not associated) ;;;;;;;;;;
92:B2:E8:0F:00:FA; 2026-04-18 13:30:07; 2026-04-18 13:30:07;-80;1; (not associated) ;;;;;;;;;;
22:9D:C7:44:10:17; 2026-04-18 13:30:08; 2026-04-18 13:30:08;-85;2; (not associated) ;;;;;;;;;;
A6:09:D8:CE:B5:DE; 2026-04-18 13:30:08; 2026-04-18 13:30:08;-81;2; (not associated) ;;;;;;;;;;
2E:AC:20:C9:23:CF; 2026-04-18 13:30:09; 2026-04-18 13:30:09;-91;2; (not associated) ;;;;;;;;;;
76:E5:07:81:33:D0; 2026-04-18 13:30:09; 2026-04-18 13:30:09;-82;2; (not associated) ;;;;;;;;;;
C6:77:EE:38:90:2E; 2026-04-18 13:30:09; 2026-04-18 13:30:09;-80;2; (not associated) ;;;;;;;;;;
FE:6C:C9:1D:D9:64; 2026-04-18 13:30:09; 2026-04-18 13:30:09;-73;3; (not associated) ;;;;;;;;;;
36:45:25:AA:5B:A3; 2026-04-18 13:30:09; 2026-04-18 13:30:09;-80;2; (not associated) ;;;;;;;;;;
0E:4C:26:BD:BB:94; 2026-04-18 13:30:09; 2026-04-18 13:30:09;-83;2; (not associated) ;;;;;;;;;;
00:F1:CA:80:FE:D3; 2026-04-18 13:30:14; 2026-04-18 13:31:00;-86;16; 41:36:5A:FC:F8:D5;;;;;;;;;;
F2:10:EE:45:E0:61; 2026-04-18 13:30:15; 2026-04-18 13:30:15;-83;2; (not associated) ;;;;;;;;;;
E2:15:7F:AA:80:FC; 2026-04-18 13:30:15; 2026-04-18 13:30:15;-83;2; (not associated) ;;;;;;;;;;
62:63:D8:D3:A5:FC; 2026-04-18 13:30:15; 2026-04-18 13:30:15;-91;2; (not associated) ;;;;;;;;;;
06:88:BA:FE:E8:0F; 2026-04-18 13:30:15; 2026-04-18 13:30:15;-68;2; (not associated) ;;;;;;;;;;
5A:CF:FA:D9:C0:A8; 2026-04-18 13:30:15; 2026-04-18 13:30:16;-89;2; (not associated) ;;;;;;;;;;
26:32:06:CB:32:BC; 2026-04-18 13:30:16; 2026-04-18 13:30:16;-58;2; (not associated) ;ттт;;;;;;;;;
C2:C7:8F:D0:19:77; 2026-04-18 13:30:16; 2026-04-18 13:30:16;-80;1; (not associated) ;;;;;;;;;;
9E:4A:59:7B:08:F7; 2026-04-18 13:30:16; 2026-04-18 13:30:16;-92;3; (not associated) ;;;;;;;;;;
E2:45:69:48:95:34; 2026-04-18 13:30:16; 2026-04-18 13:30:16;-90;2; (not associated) ;;;;;;;;;;
FE:05:88:D4:EE:6E; 2026-04-18 13:30:16; 2026-04-18 13:30:16;-81;2; (not associated) ;;;;;;;;;;
7A:D5:FD:05:91:A7; 2026-04-18 13:30:16; 2026-04-18 13:30:16;-75;2; (not associated) ;;;;;;;;;;
AA:FE:E1:70:20:3D; 2026-04-18 13:30:17; 2026-04-18 13:30:17;-76;2; (not associated) ;;;;;;;;;;
C2:60:96:EF:53:0D; 2026-04-18 13:30:17; 2026-04-18 13:30:17;-81;2; (not associated) ;;;;;;;;;;
CA:F3:10:E6:75:53; 2026-04-18 13:30:17; 2026-04-18 13:30:17;-68;2; (not associated) ;;;;;;;;;;
4E:F2:0E:B9:45:57; 2026-04-18 13:30:17; 2026-04-18 13:30:17;-91;1; (not associated) ;;;;;;;;;;
4E:4A:B1:EB:6F:32; 2026-04-18 13:30:17; 2026-04-18 13:30:17;-86;2; (not associated) ;;;;;;;;;;
86:8B:58:42:CC:84; 2026-04-18 13:30:17; 2026-04-18 13:30:17;-82;2; (not associated) ;;;;;;;;;;
46:52:51:1D:A9:FC; 2026-04-18 13:30:17; 2026-04-18 13:30:17;-75;2; (not associated) ;;;;;;;;;;
5A:38:08:E4:DC:FD; 2026-04-18 13:30:17; 2026-04-18 13:30:18;-71;2; (not associated) ;;;;;;;;;;
7E:31:69:04:B2:FC; 2026-04-18 13:30:17; 2026-04-18 13:30:17;-59;2; (not associated) ;;;;;;;;;;
A4:CC:B3:A3:09:A2; 2026-04-18 13:30:18; 2026-04-18 13:30:18;-89;1; (not associated) ;Cambodia e-Arrival Wi-Fi;;;;;;;;;
DA:A1:19:F7:CA:20; 2026-04-18 13:30:18; 2026-04-18 13:30:18;-87;1; (not associated) ;;;;;;;;;;
9E:6F:61:9F:8D:79; 2026-04-18 13:30:19; 2026-04-18 13:30:19;-88;1; (not associated) ;;;;;;;;;;
A2:10:F0:4C:DC:7E; 2026-04-18 13:30:20; 2026-04-18 13:30:20;-85;1; (not associated) ;;;;;;;;;;
66:9C:C9:AF:60:F2; 2026-04-18 13:30:20; 2026-04-18 13:30:20;-76;2; (not associated) ;;;;;;;;;;
DE:B6:2E:CD:4E:8A; 2026-04-18 13:30:20; 2026-04-18 13:30:20;-84;2; (not associated) ;;;;;;;;;;
3E:68:15:D2:F9:30; 2026-04-18 13:30:20; 2026-04-18 13:30:21;-87;4; (not associated) ;lounge;;;;;;;;;
12:BA:77:9E:12:33; 2026-04-18 13:30:20; 2026-04-18 13:30:20;-88;1; (not associated) ;;;;;;;;;;
6E:CF:72:73:4A:65; 2026-04-18 13:30:21; 2026-04-18 13:30:21;-86;4; (not associated) ;;;;;;;;;;
92:15:AC:F0:8C:0E; 2026-04-18 13:30:21; 2026-04-18 13:30:21;-83;2; (not associated) ;_BR_;;;;;;;;;
7A:65:B1:26:27:2B; 2026-04-18 13:30:22; 2026-04-18 13:30:22;-91;2; (not associated) ;;;;;;;;;;
66:A8:00:4C:61:D3; 2026-04-18 13:30:22; 2026-04-18 13:30:22;-63;2; (not associated) ;;;;;;;;;;
1A:E4:04:AF:A3:94; 2026-04-18 13:30:22; 2026-04-18 13:30:22;-90;1; (not associated) ;;;;;;;;;;
5E:9B:D4:5F:2C:AD; 2026-04-18 13:30:22; 2026-04-18 13:30:22;-90;1; (not associated) ;;;;;;;;;;
0E:15:63:59:FE:38; 2026-04-18 13:30:22; 2026-04-18 13:30:22;-74;2; (not associated) ;;;;;;;;;;
7E:42:B1:6D:E8:E9; 2026-04-18 13:30:23; 2026-04-18 13:30:23;-88;1; (not associated) ;;;;;;;;;;
52:28:F7:3A:DF:FC; 2026-04-18 13:30:23; 2026-04-18 13:30:23;-86;1; (not associated) ;;;;;;;;;;
9A:07:23:8F:FE:81; 2026-04-18 13:30:23; 2026-04-18 13:30:23;-78;2; (not associated) ;;;;;;;;;;
B2:AD:49:03:A4:01; 2026-04-18 13:30:23; 2026-04-18 13:30:23;-73;2; (not associated) ;;;;;;;;;;
DA:8F:A2:6C:54:D8; 2026-04-18 13:30:23; 2026-04-18 13:30:25;-86;42; 50:1C:BF:F9:A6:FE;;;;;;;;;;
BE:23:62:15:77:A4; 2026-04-18 13:30:23; 2026-04-18 13:30:23;-82;1; (not associated) ;;;;;;;;;;
02:87:1C:BF:70:36; 2026-04-18 13:30:23; 2026-04-18 13:30:23;-45;6; (not associated) ;Beeline_5G_FF4294;DIR-615_EXT2;;;;;;;;
06:6F:40:CF:FD:CD; 2026-04-18 13:30:23; 2026-04-18 13:30:23;-82;2; (not associated) ;;;;;;;;;;
5E:8E:6B:25:52:07; 2026-04-18 13:30:23; 2026-04-18 13:30:23;-85;2; (not associated) ;;;;;;;;;;
0A:23:5A:5F:10:54; 2026-04-18 13:30:24; 2026-04-18 13:30:24;-75;2; (not associated) ;;;;;;;;;;
16:6D:A4:9A:8A:D1; 2026-04-18 13:30:24; 2026-04-18 13:30:24;-80;2; (not associated) ;;;;;;;;;;
AE:2D:76:8A:47:23; 2026-04-18 13:30:24; 2026-04-18 13:30:24;-85;1; 50:1C:BF:F9:D0:6E;;;;;;;;;;
3A:71:58:07:DA:D2; 2026-04-18 13:30:24; 2026-04-18 13:30:24;-89;1; (not associated) ;;;;;;;;;;
5A:FD:91:3D:86:13; 2026-04-18 13:30:24; 2026-04-18 13:30:24;-89;1; (not associated) ;;;;;;;;;;
C6:BB:AC:49:55:15; 2026-04-18 13:30:25; 2026-04-18 13:30:25;-81;2; (not associated) ;;;;;;;;;;
66:C9:28:8D:93:DF; 2026-04-18 13:30:25; 2026-04-18 13:30:25;-79;2; (not associated) ;;;;;;;;;;
DA:A1:19:36:37:3E; 2026-04-18 13:30:26; 2026-04-18 13:30:26;-82;1; (not associated) ;;;;;;;;;;
CE:BE:1E:C9:F9:73; 2026-04-18 13:30:27; 2026-04-18 13:30:27;-83;2; (not associated) ;;;;;;;;;;
C2:05:77:D4:01:C5; 2026-04-18 13:30:30; 2026-04-18 13:30:30;-83;2; (not associated) ;;;;;;;;;;
16:C1:E3:5A:9A:27; 2026-04-18 13:30:30; 2026-04-18 13:30:30;-84;2; (not associated) ;;;;;;;;;;
4E:B3:48:EC:18:88; 2026-04-18 13:30:30; 2026-04-18 13:30:30;-83;3; (not associated) ;;;;;;;;;;
00:F1:CA:81:21:9F; 2026-04-18 13:30:31; 2026-04-18 13:31:17;-51;29; 41:36:5A:FC:F8:D5;;;;;;;;;;
8E:63:5B:6F:25:EB; 2026-04-18 13:30:31; 2026-04-18 13:30:31;-92;2; (not associated) ;;;;;;;;;;
F2:BF:16:F2:78:46; 2026-04-18 13:30:31; 2026-04-18 13:30:31;-87;3; (not associated) ;;;;;;;;;;
4A:82:B8:45:D0:19; 2026-04-18 13:30:32; 2026-04-18 13:30:32;-82;2; (not associated) ;;;;;;;;;;
DA:A1:19:B9:DB:12; 2026-04-18 13:30:32; 2026-04-18 13:30:48;-91;4; (not associated) ;;;;;;;;;;
E2:0D:1F:C0:4A:09; 2026-04-18 13:30:32; 2026-04-18 13:30:32;-85;4; (not associated) ;;;;;;;;;;
86:8F:61:01:ED:99; 2026-04-18 13:30:32; 2026-04-18 13:30:32;-90;2; (not associated) ;;;;;;;;;;
7A:F8:4C:96:EE:1E; 2026-04-18 13:30:33; 2026-04-18 13:30:33;-91;4; (not associated) ;ASUS;DBE;RT-5GPON-12C2;;;;;;;
A6:8B:05:F1:9F:9C; 2026-04-18 13:30:33; 2026-04-18 13:30:33;-92;1; (not associated) ;;;;;;;;;;
82:70:75:E8:AE:81; 2026-04-18 13:30:34; 2026-04-18 13:30:34;-76;2; (not associated) ;;;;;;;;;;
CE:F9:8E:2D:78:75; 2026-04-18 13:30:34; 2026-04-18 13:32:18;-92;6; (not associated) ;;;;;;;;;;
16:73:88:92:E0:EF; 2026-04-18 13:30:34; 2026-04-18 13:30:35;-76;3; (not associated) ;RT-31_5;;;;;;;;;
4E:D2:C5:2A:B5:38; 2026-04-18 13:30:34; 2026-04-18 13:30:34;-71;1; (not associated) ;;;;;;;;;;
96:A9:D5:69:6C:A0; 2026-04-18 13:30:34; 2026-04-18 13:30:34;-83;1; (not associated) ;;;;;;;;;;
AE:0D:1B:9D:C8:97; 2026-04-18 13:30:35; 2026-04-18 13:30:35;-74;1; (not associated) ;;;;;;;;;;
A6:95:87:3F:54:5E; 2026-04-18 13:30:35; 2026-04-18 13:30:39;-83;5; (not associated) ;;;;;;;;;;
72:99:F0:16:16:E4; 2026-04-18 13:30:35; 2026-04-18 13:30:35;-86;2; (not associated) ;;;;;;;;;;
FA:21:DE:F5:29:5C; 2026-04-18 13:30:36; 2026-04-18 13:30:36;-85;1; (not associated) ;;;;;;;;;;
0A:A5:AA:C9:25:7C; 2026-04-18 13:30:37; 2026-04-18 13:30:37;-93;2; (not associated) ;;;;;;;;;;
E6:A9:FE:6D:82:6B; 2026-04-18 13:30:37; 2026-04-18 13:30:37;-66;2; (not associated) ;;;;;;;;;;
DA:A1:19:68:A5:F0; 2026-04-18 13:30:37; 2026-04-18 13:30:37;-89;1; (not associated) ;;;;;;;;;;
86:1A:F6:41:FE:F1; 2026-04-18 13:30:38; 2026-04-18 13:30:38;-92;1; (not associated) ;;;;;;;;;;
6E:A7:30:C5:F9:6A; 2026-04-18 13:30:38; 2026-04-18 13:30:38;-90;2; (not associated) ;;;;;;;;;;
5A:02:DF:97:21:E7; 2026-04-18 13:30:38; 2026-04-18 13:30:38;-74;2; (not associated) ;;;;;;;;;;
62:AB:CA:65:7A:FA; 2026-04-18 13:30:38; 2026-04-18 13:33:58;-89;38; 00:25:00:FF:94:73;;;;;;;;;;
2A:CF:4F:B2:16:1B; 2026-04-18 13:30:38; 2026-04-18 13:30:38;-81;2; (not associated) ;;;;;;;;;;
D2:5C:3E:39:87:9A; 2026-04-18 13:30:38; 2026-04-18 13:31:08;-85;9; 00:25:00:FF:94:73;;;;;;;;;;
96:27:F7:37:6F:74; 2026-04-18 13:30:38; 2026-04-18 13:30:38;-90;1; (not associated) ;;;;;;;;;;
C2:D8:C8:79:CC:0C; 2026-04-18 13:30:39; 2026-04-18 13:30:39;-87;2; (not associated) ;;;;;;;;;;
82:28:8F:CF:33:0D; 2026-04-18 13:30:39; 2026-04-18 13:30:39;-84;2; (not associated) ;;;;;;;;;;
C2:20:F3:1B:24:1F; 2026-04-18 13:30:39; 2026-04-18 13:30:54;-89;3; 50:1C:BF:F9:E5:FE;;;;;;;;;;
A2:53:DF:03:A3:B4; 2026-04-18 13:30:40; 2026-04-18 13:30:55;-70;565; 58:0A:20:0D:23:6E;;;;;;;;;;
16:06:0C:10:7A:DB; 2026-04-18 13:30:40; 2026-04-18 13:30:40;-82;2; (not associated) ;;;;;;;;;;
1A:DB:8A:D7:FA:90; 2026-04-18 13:30:40; 2026-04-18 13:31:04;-79;9; 58:0A:20:0D:23:6E;;;;;;;;;;
8E:6D:0C:B9:34:8D; 2026-04-18 13:30:40; 2026-04-18 13:30:40;-90;5; (not associated) ;DSKBank_free_WiFi;Obolsunovo Free;;;;;;;;
F2:F4:A4:96:A5:5E; 2026-04-18 13:30:40; 2026-04-18 13:31:11;-87;6; 58:0A:20:0D:23:6E;;;;;;;;;;
C6:8F:A3:7D:96:E2; 2026-04-18 13:30:40; 2026-04-18 13:30:40;-88;1; (not associated) ;;;;;;;;;;
9A:7B:DB:46:32:8E; 2026-04-18 13:30:41; 2026-04-18 13:30:41;-78;3; (not associated) ;;;;;;;;;;
1E:74:42:76:00:AC; 2026-04-18 13:30:43; 2026-04-18 13:30:43;-54;6; (not associated) ;Beeline_5G_FF4294;DIR-615_EXT2;;;;;;;;
DA:A1:19:38:AE:F1; 2026-04-18 13:30:44; 2026-04-18 13:30:44;-77;1; (not associated) ;;;;;;;;;;
EE:98:41:AB:9A:F3; 2026-04-18 13:30:46; 2026-04-18 13:30:46;-81;2; (not associated) ;;;;;;;;;;
0E:93:48:37:83:35; 2026-04-18 13:30:46; 2026-04-18 13:30:46;-79;2; (not associated) ;;;;;;;;;;
06:14:D7:58:95:79; 2026-04-18 13:30:46; 2026-04-18 13:30:46;-81;1; (not associated) ;;;;;;;;;;
5A:61:F9:87:11:B7; 2026-04-18 13:30:46; 2026-04-18 13:30:46;-71;2; (not associated) ;;;;;;;;;;
AE:7C:BB:77:75:ED; 2026-04-18 13:30:46; 2026-04-18 13:30:46;-82;2; (not associated) ;;;;;;;;;;
BA:CD:D2:E2:BE:93; 2026-04-18 13:30:47; 2026-04-18 13:30:55;-80;11; 50:1C:BF:F9:E5:FE;401;Cambodia e-Arrival Wi-Fi;ziferblat_2g;;;;;;;
8E:34:C7:52:66:7E; 2026-04-18 13:30:47; 2026-04-18 13:30:47;-91;4; (not associated) ;;;;;;;;;;
AE:A3:7B:E8:50:9D; 2026-04-18 13:30:48; 2026-04-18 13:30:48;-87;2; (not associated) ;;;;;;;;;;
0E:52:BD:87:49:91; 2026-04-18 13:30:48; 2026-04-18 13:30:55;-90;50; 50:1C:BF:F9:E5:FE;MT_FREE;;;;;;;;;
DA:A1:19:06:DC:A2; 2026-04-18 13:30:48; 2026-04-18 13:32:49;-93;18; (not associated) ;;;;;;;;;;
F6:8A:7E:93:5E:CF; 2026-04-18 13:30:49; 2026-04-18 13:30:49;-68;2; (not associated) ;;;;;;;;;;
DE:97:F6:D0:1E:B3; 2026-04-18 13:30:49; 2026-04-18 13:30:49;-78;1; (not associated) ;;;;;;;;;;
00:0C:E7:83:29:B6; 2026-04-18 13:30:49; 2026-04-18 13:30:49;-77;2; (not associated) ;;;;;;;;;;
92:26:FD:99:36:B3; 2026-04-18 13:30:51; 2026-04-18 13:30:51;-52;2; (not associated) ;;;;;;;;;;
4E:9B:9F:C5:3F:14; 2026-04-18 13:30:51; 2026-04-18 13:30:51;-44;2; (not associated) ;;;;;;;;;;
8E:83:1B:A9:93:98; 2026-04-18 13:30:52; 2026-04-18 13:30:52;-52;2; (not associated) ;;;;;;;;;;
26:3B:61:A0:8E:4E; 2026-04-18 13:30:52; 2026-04-18 13:31:07;-70;13; FE:CD:23:56:21:7B;;;;;;;;;;
9A:CB:96:AA:CE:AF; 2026-04-18 13:30:52; 2026-04-18 13:30:52;-64;2; (not associated) ;;;;;;;;;;
8E:CD:78:4A:B2:EE; 2026-04-18 13:30:52; 2026-04-18 13:30:52;-91;2; (not associated) ;;;;;;;;;;
FA:96:B1:93:67:2B; 2026-04-18 13:30:53; 2026-04-18 13:30:53;-85;2; (not associated) ;;;;;;;;;;
A6:1F:63:24:34:6A; 2026-04-18 13:30:53; 2026-04-18 13:30:53;-89;2; (not associated) ;;;;;;;;;;
2E:C9:AB:EF:AE:F5; 2026-04-18 13:30:53; 2026-04-18 13:30:53;-89;2; (not associated) ;;;;;;;;;;
C6:90:A6:E8:8D:3B; 2026-04-18 13:30:53; 2026-04-18 13:30:53;-89;2; (not associated) ;RT-5WiFi-5814;;;;;;;;;
20:DA:22:EE:F3:82; 2026-04-18 13:30:53; 2026-04-18 13:32:09;-71;31; (not associated) ;;;;;;;;;;
4E:90:9D:2D:0B:31; 2026-04-18 13:30:53; 2026-04-18 13:30:53;-84;2; (not associated) ;;;;;;;;;;
F6:45:62:B4:B7:D1; 2026-04-18 13:30:53; 2026-04-18 13:30:53;-77;1; (not associated) ;;;;;;;;;;
9A:2A:75:4F:30:8E; 2026-04-18 13:30:53; 2026-04-18 13:30:53;-80;2; (not associated) ;;;;;;;;;;
72:87:85:92:74:E2; 2026-04-18 13:30:53; 2026-04-18 13:30:53;-70;2; (not associated) ;;;;;;;;;;
76:84:F7:CB:90:1E; 2026-04-18 13:30:53; 2026-04-18 13:30:53;-86;1; 00:25:00:FF:94:73;;;;;;;;;;
22:CC:BF:A4:F9:F9; 2026-04-18 13:30:54; 2026-04-18 13:30:54;-88;2; (not associated) ;;;;;;;;;;
22:A0:B2:39:1F:59; 2026-04-18 13:30:54; 2026-04-18 13:30:54;-86;3; (not associated) ;;;;;;;;;;
72:DD:67:74:58:18; 2026-04-18 13:30:54; 2026-04-18 13:30:54;-82;1; (not associated) ;;;;;;;;;;
5A:43:30:04:F6:B9; 2026-04-18 13:30:54; 2026-04-18 13:30:54;-84;2; (not associated) ;;;;;;;;;;
B6:95:42:77:3B:BA; 2026-04-18 13:30:54; 2026-04-18 13:30:54;-87;12; (not associated) ;MT_FREE;iPhone (\xA7\xB3\xA7\xE4\xA7\xD1\xA7\xDF\xA7\xDA\xA7\xE3\xA7\xDD\xA7\xD1\xA7\xD3);iPhone (Антон);iPhone (\xA7\xA1\xA7\xDF\xA7\xE4\xA7\xE0\xA7\xDF);CRB;iPhone (Станислав);;;;
F2:E1:14:7A:4E:32; 2026-04-18 13:30:54; 2026-04-18 13:31:14;-84;19; 58:0A:20:0D:23:61;MT_FREE;;;;;;;;;
0A:84:7F:49:30:C7; 2026-04-18 13:30:55; 2026-04-18 13:30:55;-87;1; (not associated) ;;;;;;;;;;
82:4A:6E:1E:9C:EC; 2026-04-18 13:30:55; 2026-04-18 13:30:55;-84;1; (not associated) ;;;;;;;;;;
62:B4:FA:EB:EB:AF; 2026-04-18 13:30:55; 2026-04-18 13:30:55;-82;1; (not associated) ;;;;;;;;;;
5E:DA:0C:8F:29:3D; 2026-04-18 13:30:56; 2026-04-18 13:30:56;-90;2; (not associated) ;;;;;;;;;;
FE:10:8B:ED:FF:DC; 2026-04-18 13:30:57; 2026-04-18 13:30:57;-86;2; (not associated) ;;;;;;;;;;
D2:2A:BB:0B:E6:15; 2026-04-18 13:31:00; 2026-04-18 13:31:00;-95;3; (not associated) ;KUKAREMA;;;;;;;;;
6A:11:0F:D9:C5:91; 2026-04-18 13:31:01; 2026-04-18 13:31:01;-64;2; (not associated) ;;;;;;;;;;
16:F2:31:A4:F1:E8; 2026-04-18 13:31:01; 2026-04-18 13:31:01;-77;2; (not associated) ;;;;;;;;;;
7A:4D:99:51:C4:C3; 2026-04-18 13:31:01; 2026-04-18 13:31:02;-91;2; (not associated) ;;;;;;;;;;
6E:EC:AB:A1:DC:69; 2026-04-18 13:31:02; 2026-04-18 13:31:02;-88;2; (not associated) ;;;;;;;;;;
9E:31:80:DA:DB:C6; 2026-04-18 13:31:02; 2026-04-18 13:31:02;-89;1; (not associated) ;;;;;;;;;;
5E:87:B4:4F:98:63; 2026-04-18 13:31:02; 2026-04-18 13:31:02;-84;2; (not associated) ;;;;;;;;;;
62:6D:9B:68:AD:13; 2026-04-18 13:31:02; 2026-04-18 13:31:02;-91;1; (not associated) ;;;;;;;;;;
E2:DF:48:AA:26:72; 2026-04-18 13:31:02; 2026-04-18 13:31:02;-80;1; (not associated) ;;;;;;;;;;
BE:73:18:4F:C5:89; 2026-04-18 13:31:02; 2026-04-18 13:31:02;-81;1; (not associated) ;;;;;;;;;;
92:F6:F0:61:86:98; 2026-04-18 13:31:03; 2026-04-18 13:31:03;-91;1; (not associated) ;;;;;;;;;;
92:A6:A6:5E:FE:4D; 2026-04-18 13:31:03; 2026-04-18 13:31:03;-92;2; (not associated) ;;;;;;;;;;
C2:B2:B9:C0:D2:DF; 2026-04-18 13:31:03; 2026-04-18 13:31:03;-91;4; (not associated) ;401;Cambodia e-Arrival Wi-Fi;ziferblat_2g;;;;;;;
FE:A9:F5:A1:28:FF; 2026-04-18 13:31:03; 2026-04-18 13:31:03;-80;2; (not associated) ;;;;;;;;;;
A6:E7:06:FA:F4:D7; 2026-04-18 13:31:03; 2026-04-18 13:31:03;-86;1; (not associated) ;;;;;;;;;;
96:91:AC:EE:A8:14; 2026-04-18 13:31:04; 2026-04-18 13:31:04;-87;2; (not associated) ;;;;;;;;;;
D6:85:F8:99:D9:83; 2026-04-18 13:31:04; 2026-04-18 13:31:04;-87;1; (not associated) ;;;;;;;;;;
B2:F9:2B:98:86:D2; 2026-04-18 13:31:04; 2026-04-18 13:34:45;-54;253; 58:0A:20:0D:34:9E;MT_FREE;;;;;;;;;
06:17:1A:2C:BF:E4; 2026-04-18 13:31:04; 2026-04-18 13:31:04;-68;1; (not associated) ;;;;;;;;;;
9A:44:43:7B:69:65; 2026-04-18 13:31:05; 2026-04-18 13:31:05;-82;1; (not associated) ;;;;;;;;;;
8A:D8:D2:BF:B1:5C; 2026-04-18 13:31:05; 2026-04-18 13:31:05;-78;2; (not associated) ;;;;;;;;;;
F6:84:EE:88:14:18; 2026-04-18 13:31:05; 2026-04-18 13:31:05;-74;1; (not associated) ;;;;;;;;;;
7A:11:7F:09:6F:BB; 2026-04-18 13:31:05; 2026-04-18 13:31:05;-77;1; (not associated) ;;;;;;;;;;
52:91:0A:64:0A:F4; 2026-04-18 13:31:05; 2026-04-18 13:31:05;-86;1; (not associated) ;;;;;;;;;;
4A:0E:5D:B6:61:8B; 2026-04-18 13:31:06; 2026-04-18 13:31:06;-86;1; (not associated) ;;;;;;;;;;
9A:F3:94:3F:8D:5C; 2026-04-18 13:31:06; 2026-04-18 13:31:06;-86;1; (not associated) ;;;;;;;;;;
5A:88:AC:7A:E6:A4; 2026-04-18 13:31:07; 2026-04-18 13:31:07;-72;1; (not associated) ;;;;;;;;;;
52:55:7C:F5:24:4F; 2026-04-18 13:31:07; 2026-04-18 13:31:07;-76;1; (not associated) ;;;;;;;;;;
CE:33:E2:70:36:E5; 2026-04-18 13:31:07; 2026-04-18 13:31:07;-84;1; (not associated) ;;;;;;;;;;
5E:74:3D:C6:82:EC; 2026-04-18 13:31:07; 2026-04-18 13:31:07;-85;1; (not associated) ;;;;;;;;;;
C2:D8:50:2B:39:63; 2026-04-18 13:31:07; 2026-04-18 13:31:07;-81;2; (not associated) ;;;;;;;;;;
E6:02:8D:82:5A:BF; 2026-04-18 13:31:07; 2026-04-18 13:31:07;-93;2; (not associated) ;;;;;;;;;;
D6:70:B6:4F:D4:7F; 2026-04-18 13:31:07; 2026-04-18 13:31:07;-84;2; (not associated) ;;;;;;;;;;
0A:D0:00:4C:97:B4; 2026-04-18 13:31:07; 2026-04-18 13:31:07;-90;2; (not associated) ;;;;;;;;;;
32:BF:2A:6B:D5:F2; 2026-04-18 13:31:08; 2026-04-18 13:31:08;-86;1; (not associated) ;;;;;;;;;;
CE:59:7A:F1:B6:E5; 2026-04-18 13:31:08; 2026-04-18 13:31:08;-86;2; (not associated) ;;;;;;;;;;
16:0E:71:95:D8:7F; 2026-04-18 13:31:08; 2026-04-18 13:31:08;-89;2; (not associated) ;;;;;;;;;;
FA:DD:9B:0E:4D:E3; 2026-04-18 13:31:08; 2026-04-18 13:31:08;-90;2; (not associated) ;;;;;;;;;;
A6:3D:51:D4:80:6E; 2026-04-18 13:31:08; 2026-04-18 13:31:08;-81;2; (not associated) ;;;;;;;;;;
AA:C6:3B:6F:57:81; 2026-04-18 13:31:09; 2026-04-18 13:31:09;-87;1; (not associated) ;;;;;;;;;;
72:27:24:6B:BC:A7; 2026-04-18 13:31:09; 2026-04-18 13:31:09;-91;2; (not associated) ;;;;;;;;;;
22:D9:BF:E9:C7:3D; 2026-04-18 13:31:09; 2026-04-18 13:31:09;-89;2; (not associated) ;;;;;;;;;;
82:85:98:58:CA:6F; 2026-04-18 13:31:09; 2026-04-18 13:31:10;-90;4; (not associated) ;;;;;;;;;;
BA:5E:CD:C3:7E:D6; 2026-04-18 13:31:09; 2026-04-18 13:31:09;-79;6; (not associated) ;WRK;blackvue;;;;;;;;
DA:6C:C3:40:FA:06; 2026-04-18 13:31:09; 2026-04-18 13:31:09;-87;1; (not associated) ;;;;;;;;;;
A2:67:D5:44:49:14; 2026-04-18 13:31:09; 2026-04-18 13:31:24;-74;28; 50:1C:BF:F9:CF:EE;MT_FREE;;;;;;;;;
C6:3A:4A:55:FA:D1; 2026-04-18 13:31:09; 2026-04-18 13:31:09;-85;2; (not associated) ;;;;;;;;;;
FE:E2:50:CF:ED:FE; 2026-04-18 13:31:09; 2026-04-18 13:31:10;-1;3; 50:1C:BF:F9:CF:EE;;;;;;;;;;
26:20:B3:6E:2F:17; 2026-04-18 13:31:10; 2026-04-18 13:31:10;-82;1; (not associated) ;;;;;;;;;;
2E:91:57:E3:A4:8A; 2026-04-18 13:31:10; 2026-04-18 13:31:10;-82;2; (not associated) ;;;;;;;;;;
22:D5:86:97:0A:F4; 2026-04-18 13:31:11; 2026-04-18 13:31:11;-91;1; (not associated) ;;;;;;;;;;
32:B6:48:75:BD:90; 2026-04-18 13:31:11; 2026-04-18 13:31:11;-74;1; 58:0A:20:68:2F:DE;;;;;;;;;;
FA:AD:C2:DB:72:A1; 2026-04-18 13:31:11; 2026-04-18 13:31:11;-83;1; (not associated) ;;;;;;;;;;
BE:A9:29:8B:09:B9; 2026-04-18 13:31:11; 2026-04-18 13:31:11;-86;1; (not associated) ;;;;;;;;;;
BA:3C:F0:F1:F1:18; 2026-04-18 13:31:16; 2026-04-18 13:31:16;-81;1; (not associated) ;;;;;;;;;;
FA:58:9B:41:CF:68; 2026-04-18 13:31:17; 2026-04-18 13:31:17;-79;2; (not associated) ;;;;;;;;;;
2A:77:07:07:B8:87; 2026-04-18 13:31:17; 2026-04-18 13:31:17;-92;1; (not associated) ;;;;;;;;;;
2A:13:84:22:23:E6; 2026-04-18 13:31:17; 2026-04-18 13:31:17;-93;1; (not associated) ;;;;;;;;;;
D6:4A:53:3F:72:EA; 2026-04-18 13:31:17; 2026-04-18 13:31:17;-92;2; (not associated) ;;;;;;;;;;
7E:5F:67:75:96:E1; 2026-04-18 13:31:18; 2026-04-18 13:31:18;-68;2; (not associated) ;;;;;;;;;;
FE:2A:C4:76:A8:46; 2026-04-18 13:31:18; 2026-04-18 13:31:18;-81;2; (not associated) ;;;;;;;;;;
12:46:02:DE:7B:A3; 2026-04-18 13:31:19; 2026-04-18 13:31:20;-76;9; (not associated) ;;;;;;;;;;
D6:9E:F6:D7:77:7A; 2026-04-18 13:31:20; 2026-04-18 13:31:20;-86;1; (not associated) ;;;;;;;;;;
76:4B:C2:B0:C5:37; 2026-04-18 13:31:21; 2026-04-18 13:32:25;-63;4; (not associated) ;;;;;;;;;;
BA:4B:E8:D3:F1:C0; 2026-04-18 13:31:21; 2026-04-18 13:31:21;-76;1; (not associated) ;;;;;;;;;;
9A:C0:16:DA:3D:9E; 2026-04-18 13:31:21; 2026-04-18 13:31:21;-82;2; (not associated) ;rzd;;;;;;;;;
06:4D:1B:B5:95:53; 2026-04-18 13:31:21; 2026-04-18 13:31:21;-76;2; (not associated) ;;;;;;;;;;
86:29:80:F1:F9:77; 2026-04-18 13:31:22; 2026-04-18 13:31:22;-73;6; (not associated) ;ттт;Keenetic-2693;;;;;;;;
96:67:D0:2F:83:BB; 2026-04-18 13:31:22; 2026-04-18 13:31:23;-72;4; (not associated) ;;;;;;;;;;
F2:8C:98:94:6D:85; 2026-04-18 13:31:22; 2026-04-18 13:31:22;-86;1; (not associated) ;;;;;;;;;;
76:7B:B5:51:69:35; 2026-04-18 13:31:23; 2026-04-18 13:31:23;-56;6; (not associated) ;Beeline_5G_FF4294;DIR-615_EXT2;;;;;;;;
F6:E4:72:4D:94:EE; 2026-04-18 13:31:23; 2026-04-18 13:31:23;-88;1; (not associated) ;;;;;;;;;;
5E:24:A9:3A:99:0D; 2026-04-18 13:31:23; 2026-04-18 13:31:23;-86;1; (not associated) ;;;;;;;;;;
4A:B1:A7:44:34:4A; 2026-04-18 13:31:23; 2026-04-18 13:31:23;-82;2; (not associated) ;Keenetic-2161;;;;;;;;;
76:7F:8B:57:F2:07; 2026-04-18 13:31:23; 2026-04-18 13:31:23;-87;2; (not associated) ;;;;;;;;;;
8E:95:8E:57:96:04; 2026-04-18 13:31:23; 2026-04-18 13:31:23;-64;2; (not associated) ;;;;;;;;;;
06:73:41:1C:EC:83; 2026-04-18 13:31:24; 2026-04-18 13:31:24;-61;2; (not associated) ;;;;;;;;;;
B6:96:F2:DC:2E:8E; 2026-04-18 13:31:24; 2026-04-18 13:31:24;-77;2; (not associated) ;;;;;;;;;;
4A:CF:47:FB:AE:89; 2026-04-18 13:31:24; 2026-04-18 13:31:24;-67;2; (not associated) ;;;;;;;;;;
66:7D:47:DE:93:F6; 2026-04-18 13:31:24; 2026-04-18 13:31:24;-71;2; (not associated) ;;;;;;;;;;
BE:82:F7:79:A7:8E; 2026-04-18 13:31:24; 2026-04-18 13:31:24;-90;1; (not associated) ;;;;;;;;;;
E2:F3:AF:9B:8C:B5; 2026-04-18 13:31:24; 2026-04-18 13:31:24;-87;1; (not associated) ;;;;;;;;;;
CA:38:63:36:C7:6B; 2026-04-18 13:31:24; 2026-04-18 13:31:24;-91;1; (not associated) ;;;;;;;;;;
D2:94:53:84:1F:93; 2026-04-18 13:31:24; 2026-04-18 13:31:24;-88;1; (not associated) ;;;;;;;;;;
5A:1C:4D:07:3D:C6; 2026-04-18 13:31:24; 2026-04-18 13:31:24;-88;1; (not associated) ;;;;;;;;;;
D2:E1:2C:71:A2:30; 2026-04-18 13:31:24; 2026-04-18 13:31:25;-79;2; (not associated) ;;;;;;;;;;
2A:F7:AB:A1:70:09; 2026-04-18 13:31:25; 2026-04-18 13:31:25;-90;1; (not associated) ;;;;;;;;;;
02:2E:6B:09:22:E6; 2026-04-18 13:31:26; 2026-04-18 13:31:26;-78;2; (not associated) ;;;;;;;;;;
DA:A1:19:8E:E3:65; 2026-04-18 13:31:26; 2026-04-18 13:31:26;-88;1; (not associated) ;;;;;;;;;;
8E:E5:32:43:6E:75; 2026-04-18 13:31:26; 2026-04-18 13:31:26;-55;2; (not associated) ;;;;;;;;;;
7A:1A:9D:F7:8D:A1; 2026-04-18 13:31:26; 2026-04-18 13:31:27;-49;2; (not associated) ;;;;;;;;;;
A2:45:90:44:FE:55; 2026-04-18 13:31:31; 2026-04-18 13:31:31;-83;1; (not associated) ;;;;;;;;;;
D6:6F:CB:4D:75:14; 2026-04-18 13:31:32; 2026-04-18 13:31:32;-90;2; (not associated) ;;;;;;;;;;
92:1B:9C:7D:7E:7C; 2026-04-18 13:31:32; 2026-04-18 13:31:32;-82;2; (not associated) ;;;;;;;;;;
C2:D6:BF:99:85:E2; 2026-04-18 13:31:32; 2026-04-18 13:31:32;-77;4; (not associated) ;ASUS;DBE;RT-5GPON-12C2;;;;;;;
5A:93:7E:F3:AA:E6; 2026-04-18 13:31:42; 2026-04-18 13:31:42;-73;2; (not associated) ;;;;;;;;;;
82:69:28:86:C2:68; 2026-04-18 13:31:42; 2026-04-18 13:31:42;-95;1; (not associated) ;;;;;;;;;;
4A:6C:06:8C:9F:BD; 2026-04-18 13:31:42; 2026-04-18 13:31:42;-92;2; (not associated) ;;;;;;;;;;
A2:1E:D8:70:B7:58; 2026-04-18 13:31:42; 2026-04-18 13:31:42;-89;2; (not associated) ;;;;;;;;;;
52:F2:28:4B:DA:F9; 2026-04-18 13:31:42; 2026-04-18 13:31:42;-86;2; (not associated) ;;;;;;;;;;
B6:A2:BD:BB:00:93; 2026-04-18 13:31:42; 2026-04-18 13:31:42;-91;2; (not associated) ;;;;;;;;;;
52:B7:81:9C:38:F1; 2026-04-18 13:31:42; 2026-04-18 13:31:42;-75;2; (not associated) ;;;;;;;;;;
66:57:54:7F:A2:63; 2026-04-18 13:31:42; 2026-04-18 13:31:42;-91;2; (not associated) ;;;;;;;;;;
D6:CD:05:1C:B4:39; 2026-04-18 13:31:42; 2026-04-18 13:31:42;-83;2; (not associated) ;;;;;;;;;;
7A:BA:66:DD:3D:35; 2026-04-18 13:31:42; 2026-04-18 13:31:42;-79;2; (not associated) ;;;;;;;;;;
1E:C9:9B:42:69:A2; 2026-04-18 13:31:42; 2026-04-18 13:31:42;-63;2; (not associated) ;;;;;;;;;;
3A:5B:AA:CC:71:C8; 2026-04-18 13:31:42; 2026-04-18 13:31:42;-70;4; (not associated) ;;;;;;;;;;
C6:50:31:4F:7D:62; 2026-04-18 13:31:42; 2026-04-18 13:31:42;-89;1; (not associated) ;;;;;;;;;;
A6:E3:1A:A0:7F:62; 2026-04-18 13:31:42; 2026-04-18 13:31:42;-73;3; (not associated) ;;;;;;;;;;
EE:7F:FF:00:8C:ED; 2026-04-18 13:31:42; 2026-04-18 13:31:42;-70;2; (not associated) ;ттт;;;;;;;;;
7A:F2:E3:92:18:2B; 2026-04-18 13:31:42; 2026-04-18 13:31:42;-89;2; (not associated) ;;;;;;;;;;
6A:5E:84:20:00:82; 2026-04-18 13:31:42; 2026-04-18 13:31:42;-64;3; (not associated) ;;;;;;;;;;
72:B5:EB:7D:80:A5; 2026-04-18 13:31:42; 2026-04-18 13:31:42;-81;2; (not associated) ;;;;;;;;;;
D2:28:FE:9F:67:C2; 2026-04-18 13:31:42; 2026-04-18 13:31:42;-75;2; (not associated) ;;;;;;;;;;
02:96:39:02:B0:34; 2026-04-18 13:31:42; 2026-04-18 13:31:42;-87;2; (not associated) ;;;;;;;;;;
EE:D9:49:27:57:4C; 2026-04-18 13:31:42; 2026-04-18 13:31:42;-72;2; (not associated) ;WiFi_WORK;;;;;;;;;
06:59:83:4C:0F:21; 2026-04-18 13:31:42; 2026-04-18 13:31:55;-87;2; 00:25:00:FF:94:73;;;;;;;;;;
D6:0F:8E:13:FA:9A; 2026-04-18 13:31:42; 2026-04-18 13:31:42;-88;2; (not associated) ;;;;;;;;;;
AE:E2:27:65:A9:29; 2026-04-18 13:31:42; 2026-04-18 13:31:42;-79;2; (not associated) ;;;;;;;;;;
D2:0D:2C:48:88:C8; 2026-04-18 13:31:42; 2026-04-18 13:31:42;-85;2; (not associated) ;;;;;;;;;;
CA:4F:4D:67:A1:CD; 2026-04-18 13:31:42; 2026-04-18 13:31:42;-88;2; (not associated) ;;;;;;;;;;
62:F7:1A:2D:F1:F4; 2026-04-18 13:31:43; 2026-04-18 13:31:43;-52;10; (not associated) ;Beeline_5G_FF4294;DIR-615_EXT2;;;;;;;;
3E:85:1C:19:FE:11; 2026-04-18 13:31:48; 2026-04-18 13:31:48;-89;2; (not associated) ;;;;;;;;;;
5E:F9:F9:0B:80:92; 2026-04-18 13:31:48; 2026-04-18 13:31:48;-84;1; (not associated) ;;;;;;;;;;
96:B1:96:9D:DB:73; 2026-04-18 13:31:48; 2026-04-18 13:31:48;-58;6; (not associated) ;Keenetic-2693;ттт;;;;;;;;
7A:AE:56:8C:F2:C1; 2026-04-18 13:31:48; 2026-04-18 13:31:48;-75;2; (not associated) ;;;;;;;;;;
86:D2:5B:23:C8:A0; 2026-04-18 13:31:49; 2026-04-18 13:33:40;-85;7; (not associated) ;;;;;;;;;;
3A:89:ED:B6:AC:79; 2026-04-18 13:31:49; 2026-04-18 13:31:49;-78;2; (not associated) ;;;;;;;;;;
82:4C:06:6F:0A:A3; 2026-04-18 13:31:49; 2026-04-18 13:31:49;-91;2; (not associated) ;;;;;;;;;;
56:A4:E8:44:FD:FC; 2026-04-18 13:31:50; 2026-04-18 13:31:50;-91;2; (not associated) ;;;;;;;;;;
06:75:A3:EA:7F:41; 2026-04-18 13:31:51; 2026-04-18 13:31:51;-89;2; (not associated) ;;;;;;;;;;
02:AD:EE:AC:4F:BF; 2026-04-18 13:31:51; 2026-04-18 13:31:51;-77;1; (not associated) ;;;;;;;;;;
F6:5B:D0:DB:6C:A2; 2026-04-18 13:31:52; 2026-04-18 13:31:52;-74;1; (not associated) ;RT-5GPON-12C2;;;;;;;;;
2E:D1:92:B7:62:B6; 2026-04-18 13:31:52; 2026-04-18 13:31:52;-69;1; (not associated) ;;;;;;;;;;
92:2E:5A:77:1C:54; 2026-04-18 13:31:52; 2026-04-18 13:31:52;-66;1; (not associated) ;;;;;;;;;;
DE:EB:A2:95:18:0A; 2026-04-18 13:31:52; 2026-04-18 13:31:52;-69;1; (not associated) ;;;;;;;;;;
02:9D:56:2F:D8:47; 2026-04-18 13:31:53; 2026-04-18 13:31:53;-74;1; (not associated) ;;;;;;;;;;
CA:35:CD:48:D1:62; 2026-04-18 13:31:54; 2026-04-18 13:31:54;-87;2; (not associated) ;;;;;;;;;;
36:8B:2F:D4:C6:34; 2026-04-18 13:31:54; 2026-04-18 13:32:25;-69;4; (not associated) ;;;;;;;;;;
8E:48:D3:E6:A4:88; 2026-04-18 13:31:54; 2026-04-18 13:31:54;-91;2; (not associated) ;;;;;;;;;;
F6:F5:37:B9:04:6A; 2026-04-18 13:31:54; 2026-04-18 13:31:54;-90;2; (not associated) ;;;;;;;;;;
86:9F:70:BC:C4:A2; 2026-04-18 13:31:54; 2026-04-18 13:31:54;-66;2; (not associated) ;;;;;;;;;;
66:49:45:5C:62:2C; 2026-04-18 13:31:54; 2026-04-18 13:31:54;-88;3; (not associated) ;;;;;;;;;;
9E:83:47:28:69:56; 2026-04-18 13:31:55; 2026-04-18 13:31:55;-66;3; (not associated) ;;;;;;;;;;
02:EA:14:71:50:65; 2026-04-18 13:31:55; 2026-04-18 13:31:55;-78;2; (not associated) ;RT-31_5;;;;;;;;;
00:F1:CA:81:21:A4; 2026-04-18 13:32:03; 2026-04-18 13:32:49;-77;27; 41:36:5A:FC:F8:D5;;;;;;;;;;
D6:60:29:51:E0:D0; 2026-04-18 13:32:03; 2026-04-18 13:32:03;-87;3; (not associated) ;;;;;;;;;;
BA:5F:91:1C:2B:FE; 2026-04-18 13:32:03; 2026-04-18 13:32:03;-94;1; (not associated) ;;;;;;;;;;
02:98:F7:DB:31:C9; 2026-04-18 13:32:03; 2026-04-18 13:32:25;-80;3; (not associated) ;;;;;;;;;;
8A:30:50:1F:A4:5B; 2026-04-18 13:32:03; 2026-04-18 13:32:03;-86;2; (not associated) ;;;;;;;;;;
2A:BA:9A:9A:EF:F7; 2026-04-18 13:32:03; 2026-04-18 13:32:58;-65;10; (not associated) ;;;;;;;;;;
6A:E7:73:77:16:09; 2026-04-18 13:32:03; 2026-04-18 13:32:03;-89;1; (not associated) ;realme Note 60x;;;;;;;;;
D2:63:23:23:25:F6; 2026-04-18 13:32:04; 2026-04-18 13:32:04;-91;1; (not associated) ;;;;;;;;;;
9A:03:CD:01:A9:E7; 2026-04-18 13:32:04; 2026-04-18 13:32:04;-81;2; (not associated) ;;;;;;;;;;
6E:CA:2E:67:8B:ED; 2026-04-18 13:32:04; 2026-04-18 13:32:04;-60;6; (not associated) ;Beeline_5G_FF4294;DIR-615_EXT2;;;;;;;;
AE:DF:CB:B6:04:F1; 2026-04-18 13:32:04; 2026-04-18 13:32:04;-81;1; (not associated) ;;;;;;;;;;
AA:86:36:83:EE:20; 2026-04-18 13:32:04; 2026-04-18 13:32:04;-92;1; (not associated) ;;;;;;;;;;
42:98:8D:33:A9:44; 2026-04-18 13:32:05; 2026-04-18 13:32:05;-81;2; (not associated) ;;;;;;;;;;
E2:22:38:DB:3F:3B; 2026-04-18 13:32:05; 2026-04-18 13:32:05;-60;2; (not associated) ;;;;;;;;;;
12:4D:E7:4E:CE:B8; 2026-04-18 13:32:05; 2026-04-18 13:32:42;-88;8; (not associated) ;;;;;;;;;;
1E:9E:44:6F:77:DE; 2026-04-18 13:32:07; 2026-04-18 13:32:07;-79;1; (not associated) ;;;;;;;;;;
D6:0B:AF:51:D8:0D; 2026-04-18 13:32:09; 2026-04-18 13:32:09;-68;2; (not associated) ;;;;;;;;;;
A2:51:E5:A6:26:CD; 2026-04-18 13:32:09; 2026-04-18 13:32:09;-81;4; (not associated) ;Qasr_Guest;;;;;;;;;
8E:E8:62:1C:B3:E0; 2026-04-18 13:32:10; 2026-04-18 13:32:10;-88;2; (not associated) ;;;;;;;;;;
5A:6F:BD:07:4A:31; 2026-04-18 13:32:10; 2026-04-18 13:32:10;-92;1; (not associated) ;;;;;;;;;;
2A:2E:34:36:96:B8; 2026-04-18 13:32:10; 2026-04-18 13:32:10;-80;3; (not associated) ;;;;;;;;;;
72:97:12:FF:52:3C; 2026-04-18 13:32:11; 2026-04-18 13:32:11;-91;1; (not associated) ;;;;;;;;;;
36:53:0F:D1:C5:54; 2026-04-18 13:32:11; 2026-04-18 13:32:11;-86;1; (not associated) ;;;;;;;;;;
52:DF:BC:9B:23:0B; 2026-04-18 13:32:11; 2026-04-18 13:32:11;-86;1; (not associated) ;;;;;;;;;;
C2:6B:11:64:C3:C3; 2026-04-18 13:32:11; 2026-04-18 13:32:11;-92;2; (not associated) ;;;;;;;;;;
26:F6:8F:0F:1B:41; 2026-04-18 13:32:11; 2026-04-18 13:32:11;-62;2; (not associated) ;;;;;;;;;;
32:56:83:BC:85:E2; 2026-04-18 13:32:18; 2026-04-18 13:32:18;-61;2; (not associated) ;;;;;;;;;;
76:B9:30:CF:17:F3; 2026-04-18 13:32:18; 2026-04-18 13:32:18;-89;5; (not associated) ;Dale Cups Guest*;Beeline_5G_F113F7;Ejeminutka;MTS_GPON_91a9e0;;;;;;
D2:6D:26:87:26:00; 2026-04-18 13:32:18; 2026-04-18 13:32:18;-73;2; (not associated) ;baza.24x7_5G;;;;;;;;;
6A:CB:1A:00:23:67; 2026-04-18 13:32:18; 2026-04-18 13:32:18;-75;2; (not associated) ;;;;;;;;;;
5A:3D:D5:0B:0C:A2; 2026-04-18 13:32:18; 2026-04-18 13:32:18;-89;1; (not associated) ;;;;;;;;;;
0E:5B:A2:AF:E4:B7; 2026-04-18 13:32:18; 2026-04-18 13:32:18;-93;1; (not associated) ;;;;;;;;;;
EA:E4:D0:98:18:B7; 2026-04-18 13:32:18; 2026-04-18 13:33:41;-90;9; (not associated) ;;;;;;;;;;
A4:A4:90:16:EF:E6; 2026-04-18 13:32:18; 2026-04-18 13:32:43;-92;5; (not associated) ;;;;;;;;;;
CA:9A:10:7F:D5:9A; 2026-04-18 13:32:19; 2026-04-18 13:32:19;-79;2; (not associated) ;;;;;;;;;;
FE:4B:04:67:1D:9D; 2026-04-18 13:32:20; 2026-04-18 13:32:20;-75;3; (not associated) ;;;;;;;;;;
DA:A1:19:0A:9F:B5; 2026-04-18 13:32:20; 2026-04-18 13:32:20;-91;1; (not associated) ;;;;;;;;;;
3A:EB:97:43:28:BE; 2026-04-18 13:32:20; 2026-04-18 13:32:20;-82;3; (not associated) ;;;;;;;;;;
B6:5E:67:8B:BC:7C; 2026-04-18 13:32:20; 2026-04-18 13:32:20;-86;2; (not associated) ;;;;;;;;;;
92:C3:0C:FA:2E:CF; 2026-04-18 13:32:20; 2026-04-18 13:32:20;-92;1; (not associated) ;;;;;;;;;;
46:D8:46:EB:5F:86; 2026-04-18 13:32:21; 2026-04-18 13:32:21;-83;1; (not associated) ;;;;;;;;;;
B6:D5:35:14:B4:A1; 2026-04-18 13:32:21; 2026-04-18 13:32:21;-60;3; (not associated) ;;;;;;;;;;
16:C2:8B:19:E7:A6; 2026-04-18 13:32:21; 2026-04-18 13:32:21;-85;1; (not associated) ;;;;;;;;;;
B2:97:6B:1F:76:7E; 2026-04-18 13:32:21; 2026-04-18 13:32:21;-75;1; (not associated) ;;;;;;;;;;
42:4E:EF:DE:38:41; 2026-04-18 13:32:22; 2026-04-18 13:32:22;-74;1; (not associated) ;;;;;;;;;;
56:3B:05:47:E8:9B; 2026-04-18 13:32:25; 2026-04-18 13:32:25;-82;1; (not associated) ;;;;;;;;;;
4A:8D:8B:9E:96:B3; 2026-04-18 13:32:25; 2026-04-18 13:32:25;-77;2; (not associated) ;;;;;;;;;;
7A:25:F6:83:2E:26; 2026-04-18 13:32:25; 2026-04-18 13:32:25;-70;2; (not associated) ;;;;;;;;;;
6E:CE:1A:92:44:5D; 2026-04-18 13:32:25; 2026-04-18 13:32:25;-67;18; (not associated) ;Beeline_5G_FF4294;DIR-615_EXT2;;;;;;;;
96:47:CE:58:A9:F4; 2026-04-18 13:32:25; 2026-04-18 13:32:25;-76;2; (not associated) ;;;;;;;;;;
36:8E:BD:BD:CC:9D; 2026-04-18 13:32:25; 2026-04-18 13:32:36;-77;3; (not associated) ;;;;;;;;;;
4A:CF:D1:81:5B:E8; 2026-04-18 13:32:25; 2026-04-18 13:32:25;-87;1; (not associated) ;;;;;;;;;;
3A:84:12:D8:53:90; 2026-04-18 13:32:25; 2026-04-18 13:32:25;-92;1; (not associated) ;;;;;;;;;;
DE:16:74:26:1A:80; 2026-04-18 13:32:25; 2026-04-18 13:32:25;-71;2; (not associated) ;;;;;;;;;;
F2:1E:9D:5E:52:22; 2026-04-18 13:32:25; 2026-04-18 13:32:41;-86;4; 00:25:00:FF:94:73;;;;;;;;;;
9A:2E:50:9E:2D:89; 2026-04-18 13:32:25; 2026-04-18 13:32:25;-91;2; (not associated) ;;;;;;;;;;
1E:95:2D:13:36:DA; 2026-04-18 13:32:26; 2026-04-18 13:32:26;-60;5; (not associated) ;;;;;;;;;;
DE:86:FA:4B:1B:EF; 2026-04-18 13:32:26; 2026-04-18 13:32:26;-73;3; (not associated) ;;;;;;;;;;
D6:FD:1F:26:7B:D8; 2026-04-18 13:32:26; 2026-04-18 13:32:26;-71;2; (not associated) ;;;;;;;;;;
DA:A1:19:F6:22:B6; 2026-04-18 13:32:26; 2026-04-18 13:32:26;-82;1; (not associated) ;;;;;;;;;;
22:F3:75:40:10:2C; 2026-04-18 13:32:26; 2026-04-18 13:32:42;-82;7; 58:0A:20:09:6B:3E;;;;;;;;;;
02:AA:43:A7:AF:ED; 2026-04-18 13:32:27; 2026-04-18 13:32:27;-83;3; 6C:99:89:A6:09:DE;;;;;;;;;;
36:C6:CB:04:27:20; 2026-04-18 13:32:28; 2026-04-18 13:32:58;-88;3; 50:1C:BF:F9:A9:AE;;;;;;;;;;
52:4A:37:35:21:6C; 2026-04-18 13:32:28; 2026-04-18 13:32:28;-78;2; (not associated) ;;;;;;;;;;
0E:F7:B0:6A:F0:E1; 2026-04-18 13:32:28; 2026-04-18 13:32:28;-87;2; (not associated) ;;;;;;;;;;
72:0D:01:A8:57:17; 2026-04-18 13:32:29; 2026-04-18 13:32:29;-91;4; (not associated) ;iphone ideaped;;;;;;;;;
86:0F:0D:CB:94:ED; 2026-04-18 13:32:32; 2026-04-18 13:32:32;-90;2; (not associated) ;;;;;;;;;;
FE:BC:74:85:EE:0F; 2026-04-18 13:32:34; 2026-04-18 13:32:34;-87;2; (not associated) ;;;;;;;;;;
3E:A5:4A:B5:C9:12; 2026-04-18 13:32:34; 2026-04-18 13:32:34;-65;2; (not associated) ;;;;;;;;;;
6A:8E:CE:28:42:95; 2026-04-18 13:32:34; 2026-04-18 13:32:34;-88;3; (not associated) ;;;;;;;;;;
2A:5A:7D:7A:D8:63; 2026-04-18 13:32:34; 2026-04-18 13:32:34;-77;3; (not associated) ;;;;;;;;;;
F2:8C:89:14:EF:D4; 2026-04-18 13:32:35; 2026-04-18 13:32:35;-83;2; (not associated) ;;;;;;;;;;
4E:75:1E:2B:B3:03; 2026-04-18 13:32:35; 2026-04-18 13:32:35;-88;2; (not associated) ;;;;;;;;;;
5A:1E:95:4E:F0:48; 2026-04-18 13:32:36; 2026-04-18 13:32:37;-83;6; (not associated) ;;;;;;;;;;
C2:B8:50:03:59:75; 2026-04-18 13:32:36; 2026-04-18 13:32:36;-67;2; (not associated) ;;;;;;;;;;
46:C3:74:74:DB:3B; 2026-04-18 13:32:36; 2026-04-18 13:32:36;-81;2; (not associated) ;;;;;;;;;;
C6:55:B1:0A:21:39; 2026-04-18 13:32:36; 2026-04-18 13:32:36;-85;2; (not associated) ;;;;;;;;;;
26:1A:F2:4C:19:89; 2026-04-18 13:32:36; 2026-04-18 13:32:36;-81;2; (not associated) ;;;;;;;;;;
D6:7F:12:8F:A5:D6; 2026-04-18 13:32:36; 2026-04-18 13:32:36;-61;2; (not associated) ;;;;;;;;;;
DE:FC:1F:3F:77:AB; 2026-04-18 13:32:36; 2026-04-18 13:32:36;-79;1; (not associated) ;;;;;;;;;;
36:90:91:EE:7F:85; 2026-04-18 13:32:37; 2026-04-18 13:32:59;-86;5; (not associated) ;;;;;;;;;;
D2:76:44:1D:BC:96; 2026-04-18 13:32:37; 2026-04-18 13:32:37;-89;3; (not associated) ;;;;;;;;;;
EA:FA:A0:CF:B9:2E; 2026-04-18 13:32:37; 2026-04-18 13:32:37;-85;1; (not associated) ;;;;;;;;;;
4A:E1:9D:33:32:60; 2026-04-18 13:32:38; 2026-04-18 13:32:38;-86;2; (not associated) ;;;;;;;;;;
12:D6:FC:7B:90:3E; 2026-04-18 13:32:39; 2026-04-18 13:32:39;-78;1; (not associated) ;;;;;;;;;;
F6:F3:EF:93:C3:84; 2026-04-18 13:32:39; 2026-04-18 13:32:39;-70;2; (not associated) ;;;;;;;;;;
EE:79:3B:CC:C5:68; 2026-04-18 13:32:40; 2026-04-18 13:32:40;-91;1; (not associated) ;;;;;;;;;;
46:F4:C5:FD:88:DF; 2026-04-18 13:32:40; 2026-04-18 13:32:40;-73;7; (not associated) ;;;;;;;;;;
DA:A1:19:01:69:8E; 2026-04-18 13:32:40; 2026-04-18 13:33:41;-80;17; (not associated) ;;;;;;;;;;
22:0E:86:96:2D:AA; 2026-04-18 13:32:40; 2026-04-18 13:32:40;-77;2; (not associated) ;baza.24x7_5G;;;;;;;;;
72:A1:98:17:68:A4; 2026-04-18 13:32:40; 2026-04-18 13:32:40;-77;2; (not associated) ;;;;;;;;;;
CE:D6:EF:98:CC:53; 2026-04-18 13:32:40; 2026-04-18 13:32:40;-75;1; (not associated) ;;;;;;;;;;
5A:A5:FA:A9:8E:B6; 2026-04-18 13:32:40; 2026-04-18 13:32:40;-74;1; (not associated) ;;;;;;;;;;
1E:D3:0D:A5:25:6E; 2026-04-18 13:32:41; 2026-04-18 13:32:41;-89;1; (not associated) ;;;;;;;;;;
2E:B0:0C:62:0B:ED; 2026-04-18 13:32:41; 2026-04-18 13:32:41;-66;2; (not associated) ;;;;;;;;;;
AE:49:5E:6F:7D:64; 2026-04-18 13:32:41; 2026-04-18 13:32:42;-72;6; (not associated) ;;;;;;;;;;
BE:24:08:33:D8:34; 2026-04-18 13:32:41; 2026-04-18 13:32:41;-88;2; (not associated) ;;;;;;;;;;
CE:E4:D8:34:87:F6; 2026-04-18 13:32:42; 2026-04-18 13:32:42;-83;2; (not associated) ;;;;;;;;;;
36:ED:0A:B7:51:1D; 2026-04-18 13:32:42; 2026-04-18 13:33:10;-65;10; (not associated) ;MT_FREE;;;;;;;;;
2E:44:B3:DD:B8:38; 2026-04-18 13:32:42; 2026-04-18 13:32:42;-80;2; (not associated) ;;;;;;;;;;
8E:7B:06:7F:8F:31; 2026-04-18 13:32:43; 2026-04-18 13:34:46;-90;28; (not associated) ;Timurbek;;;;;;;;;
D2:5C:CF:28:F6:5C; 2026-04-18 13:32:43; 2026-04-18 13:32:43;-50;6; (not associated) ;Beeline_5G_FF4294;DIR-615_EXT2;;;;;;;;
E6:1E:6C:3B:B1:D6; 2026-04-18 13:32:49; 2026-04-18 13:32:49;-89;23; (not associated) ;MiDroneMini_207630;plazma44;plazma44-5;ви-фи;\xA7\xD3\xA7\xDA-\xA7\xE6\xA7\xDA;Xiaomi 13;;;;
3A:54:4F:25:5A:92; 2026-04-18 13:32:49; 2026-04-18 13:32:58;0;7; 50:1C:BF:F9:A9:AE;;;;;;;;;;
12:E5:93:B6:0B:98; 2026-04-18 13:32:49; 2026-04-18 13:32:49;-82;2; (not associated) ;;;;;;;;;;
6A:08:01:28:56:BA; 2026-04-18 13:32:49; 2026-04-18 13:32:49;-81;1; (not associated) ;;;;;;;;;;
AE:4E:52:59:A3:4E; 2026-04-18 13:32:49; 2026-04-18 13:32:49;-73;2; (not associated) ;;;;;;;;;;
A6:A3:00:30:29:69; 2026-04-18 13:32:50; 2026-04-18 13:32:50;-92;1; (not associated) ;;;;;;;;;;
DA:4A:93:1D:3A:6E; 2026-04-18 13:32:50; 2026-04-18 13:32:50;-80;2; (not associated) ;;;;;;;;;;
2A:56:49:36:E0:02; 2026-04-18 13:32:50; 2026-04-18 13:32:50;-90;2; (not associated) ;;;;;;;;;;
42:45:08:FB:4B:9C; 2026-04-18 13:32:50; 2026-04-18 13:32:50;-86;2; (not associated) ;;;;;;;;;;
CA:4E:B8:1D:C6:98; 2026-04-18 13:32:50; 2026-04-18 13:32:50;-88;2; (not associated) ;;;;;;;;;;
6A:05:18:43:30:D3; 2026-04-18 13:32:50; 2026-04-18 13:32:50;-88;2; (not associated) ;;;;;;;;;;
E2:BA:D8:F1:59:84; 2026-04-18 13:32:50; 2026-04-18 13:33:07;-78;4; (not associated) ;MT_FREE;;;;;;;;;
B6:73:21:EB:C7:C1; 2026-04-18 13:32:50; 2026-04-18 13:32:50;-84;2; (not associated) ;;;;;;;;;;
A2:E9:74:95:12:C6; 2026-04-18 13:32:50; 2026-04-18 13:32:50;-84;2; (not associated) ;;;;;;;;;;
92:B5:D3:B5:1C:F9; 2026-04-18 13:32:51; 2026-04-18 13:32:51;-83;2; (not associated) ;;;;;;;;;;
6A:04:68:CA:50:A8; 2026-04-18 13:32:51; 2026-04-18 13:32:51;-83;2; (not associated) ;;;;;;;;;;
BE:BF:2B:7B:97:67; 2026-04-18 13:32:51; 2026-04-18 13:32:51;-89;1; (not associated) ;;;;;;;;;;
0A:05:E5:F9:99:52; 2026-04-18 13:32:51; 2026-04-18 13:36:15;-86;9; 64:E9:50:D1:1D:7E;MT_FREE;;;;;;;;;
06:64:46:D5:01:72; 2026-04-18 13:32:51; 2026-04-18 13:32:51;-65;2; (not associated) ;;;;;;;;;;
DA:8B:11:45:99:4F; 2026-04-18 13:32:51; 2026-04-18 13:32:51;-77;4; (not associated) ;;;;;;;;;;
B2:A4:5C:49:41:E5; 2026-04-18 13:32:51; 2026-04-18 13:32:51;-67;2; (not associated) ;;;;;;;;;;
0A:29:1A:4C:52:72; 2026-04-18 13:32:51; 2026-04-18 13:32:51;-78;1; (not associated) ;;;;;;;;;;
F6:45:35:3C:43:E3; 2026-04-18 13:32:52; 2026-04-18 13:32:52;-83;1; (not associated) ;;;;;;;;;;
E6:41:BA:1B:43:84; 2026-04-18 13:32:52; 2026-04-18 13:32:52;-79;1; (not associated) ;;;;;;;;;;
36:99:32:DB:94:DE; 2026-04-18 13:32:54; 2026-04-18 13:34:15;-86;24; 9A:31:9F:90:66:E8;MeruRandi_5G;;;;;;;;;
6E:1D:8B:B5:4C:3B; 2026-04-18 13:32:54; 2026-04-18 13:32:54;-87;1; (not associated) ;;;;;;;;;;
42:9C:EA:58:40:FB; 2026-04-18 13:32:54; 2026-04-18 13:32:54;-75;1; (not associated) ;;;;;;;;;;
D6:16:62:F6:C2:48; 2026-04-18 13:32:55; 2026-04-18 13:32:55;-74;1; (not associated) ;;;;;;;;;;
EE:28:E1:26:BB:6B; 2026-04-18 13:32:55; 2026-04-18 13:32:55;-85;2; (not associated) ;;;;;;;;;;
22:EB:5D:46:64:53; 2026-04-18 13:32:55; 2026-04-18 13:32:55;-80;2; (not associated) ;;;;;;;;;;
56:A4:03:F8:DD:4E; 2026-04-18 13:32:55; 2026-04-18 13:32:55;-64;2; (not associated) ;;;;;;;;;;
4A:15:19:F3:AF:94; 2026-04-18 13:32:56; 2026-04-18 13:32:56;-91;1; (not associated) ;;;;;;;;;;
FE:29:75:6B:0A:85; 2026-04-18 13:32:56; 2026-04-18 13:32:56;-81;2; (not associated) ;Orimi;;;;;;;;;
5A:7A:49:19:5A:BC; 2026-04-18 13:32:56; 2026-04-18 13:32:56;-81;2; (not associated) ;;;;;;;;;;
12:29:6E:15:10:35; 2026-04-18 13:32:56; 2026-04-18 13:32:56;-89;1; (not associated) ;;;;;;;;;;
EE:1C:83:65:E6:55; 2026-04-18 13:32:56; 2026-04-18 13:32:56;-82;2; (not associated) ;;;;;;;;;;
A6:17:46:74:23:BD; 2026-04-18 13:32:56; 2026-04-18 13:32:56;-57;1; (not associated) ;;;;;;;;;;
06:37:38:01:07:10; 2026-04-18 13:32:56; 2026-04-18 13:32:56;-73;2; (not associated) ;;;;;;;;;;
D6:F3:0A:EA:E7:3C; 2026-04-18 13:32:56; 2026-04-18 13:32:56;-70;1; (not associated) ;baza.24x7_5G;;;;;;;;;
82:9D:2A:EF:7E:73; 2026-04-18 13:32:56; 2026-04-18 13:32:56;-72;1; (not associated) ;;;;;;;;;;
1E:1A:3A:2D:55:33; 2026-04-18 13:32:56; 2026-04-18 13:32:56;-75;2; (not associated) ;;;;;;;;;;
12:9C:43:A7:AA:E7; 2026-04-18 13:32:56; 2026-04-18 13:32:56;-75;2; (not associated) ;;;;;;;;;;
B6:C4:43:4A:53:2D; 2026-04-18 13:32:56; 2026-04-18 13:32:56;-75;2; (not associated) ;;;;;;;;;;
FA:E8:B9:77:A5:32; 2026-04-18 13:32:57; 2026-04-18 13:32:57;-75;2; (not associated) ;;;;;;;;;;
3E:0F:32:66:03:6F; 2026-04-18 13:32:57; 2026-04-18 13:32:57;-83;2; (not associated) ;;;;;;;;;;
76:4A:65:C1:98:4E; 2026-04-18 13:32:57; 2026-04-18 13:32:57;-78;1; (not associated) ;;;;;;;;;;
D6:B4:96:96:90:FA; 2026-04-18 13:32:57; 2026-04-18 13:32:57;-84;2; (not associated) ;;;;;;;;;;
BE:45:89:47:F7:D4; 2026-04-18 13:32:57; 2026-04-18 13:32:57;-82;2; (not associated) ;;;;;;;;;;
6E:3C:CB:F3:99:17; 2026-04-18 13:32:57; 2026-04-18 13:32:57;-70;2; (not associated) ;;;;;;;;;;
72:39:D4:E0:38:55; 2026-04-18 13:32:58; 2026-04-18 13:32:58;-87;2; (not associated) ;;;;;;;;;;
46:AD:8E:CC:10:64; 2026-04-18 13:32:58; 2026-04-18 13:33:59;-73;3079; 58:0A:20:0D:34:9E;;;;;;;;;;
E6:45:08:3A:7A:09; 2026-04-18 13:32:58; 2026-04-18 13:32:58;-84;1; (not associated) ;;;;;;;;;;
B2:1A:E0:5F:37:9A; 2026-04-18 13:32:58; 2026-04-18 13:32:58;-67;2; (not associated) ;;;;;;;;;;
96:77:22:4B:7A:6B; 2026-04-18 13:32:59; 2026-04-18 13:32:59;-92;1; (not associated) ;;;;;;;;;;
96:AB:66:37:4C:DE; 2026-04-18 13:33:00; 2026-04-18 13:33:00;-92;2; (not associated) ;;;;;;;;;;
6E:2A:65:4A:66:F0; 2026-04-18 13:33:03; 2026-04-18 13:33:03;-59;2; (not associated) ;;;;;;;;;;
BE:8F:EB:1A:1B:D9; 2026-04-18 13:33:04; 2026-04-18 13:33:04;-50;6; (not associated) ;Beeline_5G_FF4294;DIR-615_EXT2;;;;;;;;
52:E6:7D:E1:AE:C5; 2026-04-18 13:33:04; 2026-04-18 13:33:04;-92;3; (not associated) ;;;;;;;;;;
E8:6D:CB:7C:F2:F6; 2026-04-18 13:33:04; 2026-04-18 13:33:04;-67;2; (not associated) ;;;;;;;;;;
86:D1:4D:4E:6A:32; 2026-04-18 13:33:04; 2026-04-18 13:33:04;-70;2; (not associated) ;;;;;;;;;;
82:00:3A:7A:62:45; 2026-04-18 13:33:05; 2026-04-18 13:33:05;-91;1; (not associated) ;;;;;;;;;;
1A:27:60:CC:4C:DE; 2026-04-18 13:33:05; 2026-04-18 13:33:05;-92;1; (not associated) ;;;;;;;;;;
8E:B6:7F:5F:3F:AE; 2026-04-18 13:33:05; 2026-04-18 13:33:05;-56;2; (not associated) ;;;;;;;;;;
9A:88:73:73:38:22; 2026-04-18 13:33:05; 2026-04-18 13:33:05;-94;1; (not associated) ;;;;;;;;;;
CE:A3:FC:DE:14:1D; 2026-04-18 13:33:05; 2026-04-18 13:33:05;-73;2; (not associated) ;;;;;;;;;;
66:CA:DF:2C:5A:C7; 2026-04-18 13:33:05; 2026-04-18 13:33:05;-89;2; (not associated) ;;;;;;;;;;
56:EA:C1:F3:1A:51; 2026-04-18 13:33:06; 2026-04-18 13:33:06;-92;2; (not associated) ;;;;;;;;;;
72:86:F6:3C:4B:F8; 2026-04-18 13:33:06; 2026-04-18 13:33:06;-89;2; (not associated) ;;;;;;;;;;
96:4E:17:CF:54:94; 2026-04-18 13:33:06; 2026-04-18 13:33:06;-92;1; (not associated) ;;;;;;;;;;
5E:B1:32:2F:D2:BC; 2026-04-18 13:33:06; 2026-04-18 13:33:06;-66;2; (not associated) ;🫀;;;;;;;;;
0A:D7:6D:81:4F:5B; 2026-04-18 13:33:06; 2026-04-18 13:33:06;-67;2; (not associated) ;;;;;;;;;;
D2:AE:D2:03:00:6F; 2026-04-18 13:33:06; 2026-04-18 13:33:06;-85;2; (not associated) ;;;;;;;;;;
32:6F:E7:39:F1:2D; 2026-04-18 13:33:07; 2026-04-18 13:33:07;-69;1; (not associated) ;;;;;;;;;;
0E:BB:D3:18:26:1A; 2026-04-18 13:33:07; 2026-04-18 13:33:07;-72;1; (not associated) ;;;;;;;;;;
72:E1:83:3F:9C:B5; 2026-04-18 13:33:07; 2026-04-18 13:33:07;-64;1; (not associated) ;RT-WiFi-5192;;;;;;;;;
52:B8:D0:E6:0C:14; 2026-04-18 13:33:07; 2026-04-18 13:33:07;-66;1; (not associated) ;;;;;;;;;;
8A:9F:E9:FC:9F:9F; 2026-04-18 13:33:07; 2026-04-18 13:33:07;-63;2; (not associated) ;;;;;;;;;;
A2:28:F3:67:96:85; 2026-04-18 13:33:07; 2026-04-18 13:33:07;-63;1; (not associated) ;RT-WiFi-5192;;;;;;;;;
82:4A:22:C0:0D:16; 2026-04-18 13:33:09; 2026-04-18 13:33:09;-88;1; (not associated) ;;;;;;;;;;
3E:83:9F:2D:29:48; 2026-04-18 13:33:09; 2026-04-18 13:33:10;-71;2; (not associated) ;;;;;;;;;;
66:1D:C3:46:EB:37; 2026-04-18 13:33:09; 2026-04-18 13:33:09;-66;1; (not associated) ;RT-WiFi-5192;;;;;;;;;
0E:A9:D6:2A:36:04; 2026-04-18 13:33:09; 2026-04-18 13:33:09;-66;2; (not associated) ;;;;;;;;;;
FA:45:06:66:F7:BD; 2026-04-18 13:33:10; 2026-04-18 13:33:10;-76;1; (not associated) ;;;;;;;;;;
7E:1C:DB:E2:11:CC; 2026-04-18 13:33:10; 2026-04-18 13:33:10;-68;6; (not associated) ;realme C55;;;;;;;;;
5A:A0:CE:4C:F1:24; 2026-04-18 13:33:10; 2026-04-18 13:33:10;-65;10; (not associated) ;;;;;;;;;;
2A:4D:2F:1E:AF:4D; 2026-04-18 13:33:10; 2026-04-18 13:33:10;-65;4; (not associated) ;;;;;;;;;;
26:80:10:B7:5C:99; 2026-04-18 13:33:10; 2026-04-18 13:33:10;-86;2; (not associated) ;;;;;;;;;;
DA:A1:19:72:6B:30; 2026-04-18 13:33:10; 2026-04-18 13:33:51;-82;7; (not associated) ;;;;;;;;;;
06:4B:09:D6:48:23; 2026-04-18 13:33:11; 2026-04-18 13:33:11;-62;2; (not associated) ;;;;;;;;;;
DE:24:24:21:EB:B9; 2026-04-18 13:33:11; 2026-04-18 13:33:11;-85;1; (not associated) ;;;;;;;;;;
7A:5E:3F:30:F9:57; 2026-04-18 13:33:11; 2026-04-18 13:33:11;-84;2; (not associated) ;;;;;;;;;;
6A:1A:CD:33:15:6F; 2026-04-18 13:33:11; 2026-04-18 13:33:11;-65;1; (not associated) ;;;;;;;;;;
7A:B8:69:6B:31:E7; 2026-04-18 13:33:11; 2026-04-18 13:33:11;-77;2; (not associated) ;;;;;;;;;;
9E:F2:F0:44:55:B7; 2026-04-18 13:33:11; 2026-04-18 13:33:12;-50;2; (not associated) ;;;;;;;;;;
6E:94:6B:2C:3A:FD; 2026-04-18 13:33:12; 2026-04-18 13:33:12;-58;4; (not associated) ;TP-Link_5B48_5G;Ace 3V;Guest;;;;;;;
02:54:CF:75:18:84; 2026-04-18 13:33:12; 2026-04-18 13:33:12;-92;2; (not associated) ;;;;;;;;;;
12:22:61:34:84:67; 2026-04-18 13:33:12; 2026-04-18 13:33:12;-49;3; (not associated) ;Keenetic-2693;ттт;;;;;;;;
56:00:C2:6D:A8:1F; 2026-04-18 13:33:12; 2026-04-18 13:33:12;-51;4; (not associated) ;;;;;;;;;;
4E:0A:98:54:AA:0C; 2026-04-18 13:33:13; 2026-04-18 13:33:13;-86;2; (not associated) ;;;;;;;;;;
B6:EC:00:67:63:21; 2026-04-18 13:33:14; 2026-04-18 13:33:14;-88;2; (not associated) ;;;;;;;;;;
CA:BB:41:7D:2D:C7; 2026-04-18 13:33:20; 2026-04-18 13:33:20;-91;2; (not associated) ;;;;;;;;;;
52:88:9C:E4:5B:F4; 2026-04-18 13:33:20; 2026-04-18 13:33:20;-87;4; (not associated) ;;;;;;;;;;
1A:04:D8:EC:6F:E7; 2026-04-18 13:33:20; 2026-04-18 13:33:20;-73;3; (not associated) ;;;;;;;;;;
06:E9:BB:C0:E4:F7; 2026-04-18 13:33:20; 2026-04-18 13:33:20;-88;2; (not associated) ;;;;;;;;;;
76:97:B3:21:BC:67; 2026-04-18 13:33:21; 2026-04-18 13:33:21;-59;2; (not associated) ;;;;;;;;;;
3E:5E:0C:FF:40:E3; 2026-04-18 13:33:21; 2026-04-18 13:33:21;-60;2; (not associated) ;;;;;;;;;;
A2:27:A4:A2:B9:51; 2026-04-18 13:33:21; 2026-04-18 13:33:21;-78;2; (not associated) ;;;;;;;;;;
DA:A1:19:EC:C4:C2; 2026-04-18 13:33:21; 2026-04-18 13:33:21;-71;2; (not associated) ;;;;;;;;;;
E2:83:C6:F4:69:9B; 2026-04-18 13:33:21; 2026-04-18 13:33:21;-77;2; (not associated) ;;;;;;;;;;
2E:88:74:3D:65:2C; 2026-04-18 13:33:22; 2026-04-18 13:33:24;-91;2; (not associated) ;;;;;;;;;;
1E:B9:72:9E:70:0E; 2026-04-18 13:33:24; 2026-04-18 13:33:24;-89;2; (not associated) ;;;;;;;;;;
C2:75:41:10:3D:47; 2026-04-18 13:33:24; 2026-04-18 13:33:24;-79;2; (not associated) ;;;;;;;;;;
AA:68:3A:88:DB:27; 2026-04-18 13:33:24; 2026-04-18 13:33:24;-63;2; (not associated) ;;;;;;;;;;
C2:A0:C1:88:3F:E4; 2026-04-18 13:33:24; 2026-04-18 13:33:24;-65;2; (not associated) ;;;;;;;;;;
EA:C1:9C:F6:30:94; 2026-04-18 13:33:24; 2026-04-18 13:33:24;-69;2; (not associated) ;;;;;;;;;;
62:73:3A:4B:B0:FC; 2026-04-18 13:33:24; 2026-04-18 13:33:24;-51;18; (not associated) ;Beeline_5G_FF4294;DIR-615_EXT2;;;;;;;;
1E:3E:1F:37:53:4C; 2026-04-18 13:33:24; 2026-04-18 13:33:24;-76;1; (not associated) ;;;;;;;;;;
46:4C:FC:DA:21:20; 2026-04-18 13:33:24; 2026-04-18 13:33:24;-76;2; (not associated) ;;;;;;;;;;
8E:A6:28:FD:96:85; 2026-04-18 13:33:24; 2026-04-18 13:33:24;-58;2; (not associated) ;;;;;;;;;;
CA:0E:7B:E9:A1:69; 2026-04-18 13:33:24; 2026-04-18 13:33:24;-76;1; (not associated) ;;;;;;;;;;
2A:93:E0:B4:57:A9; 2026-04-18 13:33:24; 2026-04-18 13:33:24;-69;5; (not associated) ;;;;;;;;;;
3A:D8:0B:9C:8C:0C; 2026-04-18 13:33:24; 2026-04-18 13:33:24;-84;2; (not associated) ;;;;;;;;;;
92:C3:B3:7E:8A:BF; 2026-04-18 13:33:25; 2026-04-18 13:33:25;-78;2; (not associated) ;;;;;;;;;;
96:2A:E8:96:3B:3A; 2026-04-18 13:33:25; 2026-04-18 13:33:25;-86;1; (not associated) ;;;;;;;;;;
BE:1C:42:56:95:6F; 2026-04-18 13:33:26; 2026-04-18 13:33:26;-83;2; (not associated) ;;;;;;;;;;
32:C2:E7:C5:17:0B; 2026-04-18 13:33:26; 2026-04-18 13:33:26;-92;2; (not associated) ;;;;;;;;;;
FE:C0:5D:42:66:E5; 2026-04-18 13:33:26; 2026-04-18 13:33:26;-77;2; (not associated) ;;;;;;;;;;
72:7B:E8:23:DE:7E; 2026-04-18 13:33:26; 2026-04-18 13:33:26;-80;2; (not associated) ;;;;;;;;;;
22:88:38:0F:D6:E4; 2026-04-18 13:33:26; 2026-04-18 13:33:26;-86;2; (not associated) ;;;;;;;;;;
EE:E9:21:76:0F:BA; 2026-04-18 13:33:26; 2026-04-18 13:33:26;-51;2; (not associated) ;;;;;;;;;;
0E:0B:0B:07:76:F1; 2026-04-18 13:33:26; 2026-04-18 13:33:26;-87;2; (not associated) ;;;;;;;;;;
16:68:3F:26:E7:48; 2026-04-18 13:33:27; 2026-04-18 13:33:27;-92;1; (not associated) ;;;;;;;;;;
D6:69:AF:49:C2:BA; 2026-04-18 13:33:27; 2026-04-18 13:33:27;-82;2; (not associated) ;;;;;;;;;;
1E:14:07:F7:1E:43; 2026-04-18 13:33:27; 2026-04-18 13:33:27;-57;2; (not associated) ;;;;;;;;;;
52:CC:68:6C:A8:F3; 2026-04-18 13:33:27; 2026-04-18 13:33:27;-84;2; (not associated) ;;;;;;;;;;
42:E7:7B:18:F0:35; 2026-04-18 13:33:27; 2026-04-18 13:33:27;-75;2; (not associated) ;;;;;;;;;;
56:2D:FC:BD:05:05; 2026-04-18 13:33:27; 2026-04-18 13:33:27;-58;2; (not associated) ;;;;;;;;;;
E2:D7:BE:02:E0:74; 2026-04-18 13:33:27; 2026-04-18 13:33:27;-80;2; (not associated) ;;;;;;;;;;
2A:A3:3F:1D:D0:5C; 2026-04-18 13:33:28; 2026-04-18 13:33:28;-88;1; (not associated) ;;;;;;;;;;
7E:EB:97:F1:1C:3A; 2026-04-18 13:33:28; 2026-04-18 13:33:28;-86;1; (not associated) ;;;;;;;;;;
7E:E7:27:9C:80:75; 2026-04-18 13:33:28; 2026-04-18 13:33:28;-85;2; (not associated) ;;;;;;;;;;
12:C8:4D:42:71:93; 2026-04-18 13:33:28; 2026-04-18 13:33:28;-71;2; (not associated) ;;;;;;;;;;
96:E0:D2:74:75:86; 2026-04-18 13:33:33; 2026-04-18 13:33:33;-83;2; (not associated) ;;;;;;;;;;
00:F1:CA:81:21:F4; 2026-04-18 13:33:33; 2026-04-18 13:34:20;-86;20; 41:36:5A:FC:F8:D5;;;;;;;;;;
6E:1E:E0:69:CF:5F; 2026-04-18 13:33:35; 2026-04-18 13:33:35;-91;2; (not associated) ;;;;;;;;;;
E6:7C:4F:08:89:02; 2026-04-18 13:33:35; 2026-04-18 13:33:35;-90;2; (not associated) ;;;;;;;;;;
52:5F:3B:7D:3C:8F; 2026-04-18 13:33:35; 2026-04-18 13:33:35;-64;2; (not associated) ;;;;;;;;;;
12:86:0E:AE:DC:F4; 2026-04-18 13:33:36; 2026-04-18 13:33:36;-90;2; (not associated) ;;;;;;;;;;
92:74:C9:86:39:BF; 2026-04-18 13:33:36; 2026-04-18 13:33:36;-84;2; (not associated) ;;;;;;;;;;
22:E4:D5:A6:CA:4F; 2026-04-18 13:33:36; 2026-04-18 13:33:36;-75;1; (not associated) ;;;;;;;;;;
CA:BE:EE:29:CF:4C; 2026-04-18 13:33:36; 2026-04-18 13:33:36;-92;2; (not associated) ;;;;;;;;;;
C2:36:C9:97:97:64; 2026-04-18 13:33:36; 2026-04-18 13:33:36;-69;2; (not associated) ;;;;;;;;;;
7E:9A:65:0C:F2:A8; 2026-04-18 13:33:36; 2026-04-18 13:33:36;-91;1; (not associated) ;;;;;;;;;;
3E:BF:17:05:7A:90; 2026-04-18 13:33:37; 2026-04-18 13:33:37;-75;2; (not associated) ;;;;;;;;;;
82:A4:23:94:50:09; 2026-04-18 13:33:37; 2026-04-18 13:33:37;-63;5; (not associated) ;;;;;;;;;;
0A:9C:1D:33:7F:03; 2026-04-18 13:33:37; 2026-04-18 13:33:37;-86;2; (not associated) ;;;;;;;;;;
8A:B6:CE:E0:71:FC; 2026-04-18 13:33:37; 2026-04-18 13:33:37;-89;2; (not associated) ;;;;;;;;;;
22:21:5C:EA:D6:47; 2026-04-18 13:33:38; 2026-04-18 13:34:15;-93;4; (not associated) ;;;;;;;;;;
AA:6A:86:1D:58:5F; 2026-04-18 13:33:39; 2026-04-18 13:33:39;-66;1; (not associated) ;;;;;;;;;;
82:70:0B:DC:5D:B8; 2026-04-18 13:33:39; 2026-04-18 13:33:39;-63;6; (not associated) ;;;;;;;;;;
42:1A:89:DD:57:FD; 2026-04-18 13:33:41; 2026-04-18 13:33:42;-75;3; (not associated) ;;;;;;;;;;
3A:6A:6C:2E:D2:20; 2026-04-18 13:33:41; 2026-04-18 13:33:41;-91;1; (not associated) ;;;;;;;;;;
16:DC:60:B0:4D:F2; 2026-04-18 13:33:41; 2026-04-18 13:33:41;-88;2; (not associated) ;;;;;;;;;;
6E:90:72:6E:3C:24; 2026-04-18 13:33:42; 2026-04-18 13:33:42;-73;2; (not associated) ;;;;;;;;;;
F2:DC:5F:13:75:6B; 2026-04-18 13:33:42; 2026-04-18 13:33:42;-75;2; (not associated) ;;;;;;;;;;
FA:ED:38:DD:17:11; 2026-04-18 13:33:42; 2026-04-18 13:33:42;-81;4; 00:25:00:FF:94:73;;;;;;;;;;
C2:5B:2B:AD:70:55; 2026-04-18 13:33:42; 2026-04-18 13:33:42;-63;2; (not associated) ;;;;;;;;;;
16:C7:3C:C5:52:5D; 2026-04-18 13:33:42; 2026-04-18 13:33:43;-80;4; (not associated) ;;;;;;;;;;
4E:B9:3E:61:50:CB; 2026-04-18 13:33:43; 2026-04-18 13:33:43;-81;2; (not associated) ;;;;;;;;;;
E2:5B:9E:40:AC:9D; 2026-04-18 13:33:43; 2026-04-18 13:33:43;-89;1; (not associated) ;;;;;;;;;;
3E:00:65:16:3F:2B; 2026-04-18 13:33:43; 2026-04-18 13:33:43;-90;1; (not associated) ;RT-WiFi-5192;;;;;;;;;
12:15:10:DC:45:8D; 2026-04-18 13:33:43; 2026-04-18 13:33:43;-90;3; (not associated) ;;;;;;;;;;
96:7B:5C:7A:32:D5; 2026-04-18 13:33:43; 2026-04-18 13:33:43;-69;3; (not associated) ;;;;;;;;;;
6E:54:DA:91:95:A0; 2026-04-18 13:33:43; 2026-04-18 13:33:43;-47;9; (not associated) ;Beeline_5G_FF4294;DIR-615_EXT2;;;;;;;;
2E:C0:61:9B:24:1C; 2026-04-18 13:33:43; 2026-04-18 13:33:43;-71;4; (not associated) ;;;;;;;;;;
12:6D:FC:0C:15:98; 2026-04-18 13:33:44; 2026-04-18 13:33:44;-90;2; (not associated) ;;;;;;;;;;
FC:02:96:B5:7E:94; 2026-04-18 13:33:45; 2026-04-18 13:33:45;-92;1; C4:14:3C:FB:B6:5E;MT_FREE;;;;;;;;;
D6:C3:C5:B7:65:A0; 2026-04-18 13:33:51; 2026-04-18 13:33:51;-80;2; (not associated) ;;;;;;;;;;
EA:05:72:75:A9:6C; 2026-04-18 13:33:51; 2026-04-18 13:33:51;-69;3; (not associated) ;;;;;;;;;;
DA:A1:19:D5:FF:3B; 2026-04-18 13:33:51; 2026-04-18 13:34:28;-92;6; (not associated) ;;;;;;;;;;
46:AD:8E:66:EB:CE; 2026-04-18 13:33:51; 2026-04-18 13:33:51;-64;4; (not associated) ;MT_FREE;;;;;;;;;
26:BC:93:93:BB:94; 2026-04-18 13:33:51; 2026-04-18 13:33:51;-93;1; (not associated) ;;;;;;;;;;
B6:DB:61:2E:6E:E3; 2026-04-18 13:33:51; 2026-04-18 13:33:51;-78;4; (not associated) ;;;;;;;;;;
DE:37:30:DC:3E:DF; 2026-04-18 13:33:52; 2026-04-18 13:33:52;-92;2; (not associated) ;;;;;;;;;;
36:ED:C6:EE:43:B5; 2026-04-18 13:33:52; 2026-04-18 13:33:52;-90;2; (not associated) ;;;;;;;;;;
BE:94:EA:3D:41:D4; 2026-04-18 13:33:52; 2026-04-18 13:33:52;-81;4; (not associated) ;;;;;;;;;;
7A:6A:AF:58:8E:D9; 2026-04-18 13:33:52; 2026-04-18 13:33:52;-67;4; (not associated) ;;;;;;;;;;
AE:46:3A:5E:67:1F; 2026-04-18 13:33:52; 2026-04-18 13:33:52;-59;3; (not associated) ;Keenetic-2693;ттт;;;;;;;;
32:B7:D0:AB:50:FC; 2026-04-18 13:33:53; 2026-04-18 13:33:53;-90;2; (not associated) ;;;;;;;;;;
AE:C1:AA:D9:F4:12; 2026-04-18 13:33:54; 2026-04-18 13:33:54;-79;1; (not associated) ;;;;;;;;;;
DE:14:8B:76:C9:B2; 2026-04-18 13:33:54; 2026-04-18 13:33:54;-78;1; (not associated) ;;;;;;;;;;
82:BA:A6:B7:69:40; 2026-04-18 13:33:55; 2026-04-18 13:33:55;-75;3; (not associated) ;;;;;;;;;;
DE:D0:5C:5E:FB:24; 2026-04-18 13:33:56; 2026-04-18 13:33:56;-83;1; (not associated) ;;;;;;;;;;
6A:69:89:AB:E0:9D; 2026-04-18 13:33:57; 2026-04-18 13:33:57;-85;2; (not associated) ;Xiaomi_8AD0;;;;;;;;;
16:E9:2C:AD:2D:6C; 2026-04-18 13:33:57; 2026-04-18 13:33:57;-85;2; (not associated) ;;;;;;;;;;
0E:83:92:D4:3B:AF; 2026-04-18 13:33:57; 2026-04-18 13:33:57;-86;2; (not associated) ;;;;;;;;;;
7E:D5:DD:81:25:53; 2026-04-18 13:33:57; 2026-04-18 13:33:57;-84;2; (not associated) ;;;;;;;;;;
DA:A1:19:B9:7C:18; 2026-04-18 13:33:58; 2026-04-18 13:33:58;-84;3; (not associated) ;Redmi Note 7;;;;;;;;;
BE:50:3C:D2:9D:95; 2026-04-18 13:33:58; 2026-04-18 13:33:58;-65;2; (not associated) ;;;;;;;;;;
BE:0A:64:E8:D1:FF; 2026-04-18 13:33:58; 2026-04-18 13:33:58;-90;1; (not associated) ;;;;;;;;;;
2E:01:72:45:2F:9C; 2026-04-18 13:33:58; 2026-04-18 13:34:30;-83;29; 58:0A:20:68:3D:DE;MT_FREE;;;;;;;;;
02:3D:C9:9A:45:FD; 2026-04-18 13:33:58; 2026-04-18 13:34:38;-85;5; 58:0A:20:0D:34:9E;MT_FREE;;;;;;;;;
22:B3:46:BA:EC:59; 2026-04-18 13:33:59; 2026-04-18 13:33:59;-85;2; (not associated) ;;;;;;;;;;
8E:24:AD:F0:74:D4; 2026-04-18 13:33:59; 2026-04-18 13:33:59;-75;2; (not associated) ;;;;;;;;;;
36:F2:D0:60:57:D9; 2026-04-18 13:33:59; 2026-04-18 13:34:30;-81;13; 58:0A:20:68:3D:DE;;;;;;;;;;
CE:44:45:CB:8B:08; 2026-04-18 13:33:59; 2026-04-18 13:33:59;-75;2; (not associated) ;;;;;;;;;;
EE:A7:AA:05:5C:36; 2026-04-18 13:33:59; 2026-04-18 13:33:59;-50;2; (not associated) ;;;;;;;;;;
4E:0F:44:00:62:58; 2026-04-18 13:33:59; 2026-04-18 13:34:30;-78;63; 58:0A:20:68:3D:DE;MT_FREE;;;;;;;;;
E6:53:21:F9:56:73; 2026-04-18 13:34:00; 2026-04-18 13:34:00;-79;1; C4:14:3C:FB:B6:5E;;;;;;;;;;
0E:FA:19:3B:DB:9A; 2026-04-18 13:34:00; 2026-04-18 13:34:00;-91;2; (not associated) ;;;;;;;;;;
F6:25:54:1E:1B:42; 2026-04-18 13:34:03; 2026-04-18 13:34:03;-87;2; (not associated) ;;;;;;;;;;
3E:96:D7:DB:93:47; 2026-04-18 13:34:04; 2026-04-18 13:34:04;-53;6; (not associated) ;Beeline_5G_FF4294;DIR-615_EXT2;;;;;;;;
66:82:B1:29:71:88; 2026-04-18 13:34:05; 2026-04-18 13:34:05;-90;1; (not associated) ;;;;;;;;;;
EE:98:32:9F:0A:F4; 2026-04-18 13:34:06; 2026-04-18 13:34:06;-89;2; (not associated) ;;;;;;;;;;
12:0C:67:E6:2B:75; 2026-04-18 13:34:06; 2026-04-18 13:34:06;-89;1; (not associated) ;;;;;;;;;;
00:F1:CA:80:FC:BB; 2026-04-18 13:34:06; 2026-04-18 13:34:52;-91;19; 41:36:5A:FC:F8:D5;;;;;;;;;;
9E:B5:42:CF:72:C0; 2026-04-18 13:34:06; 2026-04-18 13:34:06;-81;2; (not associated) ;;;;;;;;;;
3A:D2:8B:95:B5:43; 2026-04-18 13:34:06; 2026-04-18 13:34:06;-84;2; (not associated) ;;;;;;;;;;
1E:E0:83:60:AC:64; 2026-04-18 13:34:06; 2026-04-18 13:34:06;-85;6; (not associated) ;;;;;;;;;;
50:49:B0:71:3A:91; 2026-04-18 13:34:06; 2026-04-18 13:34:06;-92;2; (not associated) ;;;;;;;;;;
6E:0E:FC:0C:40:E7; 2026-04-18 13:34:06; 2026-04-18 13:34:06;-93;1; (not associated) ;;;;;;;;;;
C6:5C:75:F5:6E:C6; 2026-04-18 13:34:07; 2026-04-18 13:34:07;-92;2; (not associated) ;;;;;;;;;;
F6:6B:12:17:E9:C1; 2026-04-18 13:34:07; 2026-04-18 13:34:07;-92;1; (not associated) ;;;;;;;;;;
FE:50:C9:8D:66:1D; 2026-04-18 13:34:07; 2026-04-18 13:34:07;-83;2; (not associated) ;;;;;;;;;;
8E:13:78:86:90:E3; 2026-04-18 13:34:07; 2026-04-18 13:34:07;-85;4; (not associated) ;;;;;;;;;;
0E:8F:09:82:91:01; 2026-04-18 13:34:08; 2026-04-18 13:34:08;-74;2; (not associated) ;;;;;;;;;;
12:C7:BB:E0:A0:FD; 2026-04-18 13:34:08; 2026-04-18 13:34:08;-90;1; (not associated) ;;;;;;;;;;
AE:BF:42:AC:44:BF; 2026-04-18 13:34:09; 2026-04-18 13:34:09;-75;1; (not associated) ;;;;;;;;;;
9E:24:63:84:5C:4E; 2026-04-18 13:34:10; 2026-04-18 13:34:10;-73;2; (not associated) ;;;;;;;;;;
1A:F2:E1:91:41:6C; 2026-04-18 13:34:10; 2026-04-18 13:34:10;-77;1; (not associated) ;;;;;;;;;;
AA:6A:86:3E:BB:FA; 2026-04-18 13:34:10; 2026-04-18 13:34:10;-70;2; (not associated) ;;;;;;;;;;
8E:97:5F:D4:A5:9B; 2026-04-18 13:34:10; 2026-04-18 13:34:10;-56;3; (not associated) ;;;;;;;;;;
26:8E:01:BA:CD:FF; 2026-04-18 13:34:10; 2026-04-18 13:34:10;-64;2; (not associated) ;;;;;;;;;;
26:8D:F8:8B:3F:10; 2026-04-18 13:34:10; 2026-04-18 13:34:10;-67;2; (not associated) ;;;;;;;;;;
46:F5:53:EA:B9:F6; 2026-04-18 13:34:10; 2026-04-18 13:34:11;-65;2; (not associated) ;;;;;;;;;;
AA:2F:6C:76:D2:01; 2026-04-18 13:34:11; 2026-04-18 13:34:11;-68;2; (not associated) ;;;;;;;;;;
8E:A5:7C:FB:BC:85; 2026-04-18 13:34:11; 2026-04-18 13:34:11;-69;1; (not associated) ;;;;;;;;;;
36:06:BA:FF:BF:89; 2026-04-18 13:34:11; 2026-04-18 13:34:11;-63;1; (not associated) ;;;;;;;;;;
6E:0D:A6:DE:1E:41; 2026-04-18 13:34:11; 2026-04-18 13:34:11;-72;6; (not associated) ;;;;;;;;;;
CA:06:3B:5E:E1:F0; 2026-04-18 13:34:11; 2026-04-18 13:34:11;-68;2; (not associated) ;;;;;;;;;;
E2:7A:23:18:9C:B5; 2026-04-18 13:34:15; 2026-04-18 13:34:15;-92;4; (not associated) ;;;;;;;;;;
22:E0:2C:59:85:BC; 2026-04-18 13:34:15; 2026-04-18 13:34:15;-79;2; (not associated) ;;;;;;;;;;
F2:A3:47:42:42:B4; 2026-04-18 13:34:15; 2026-04-18 13:34:15;-67;2; (not associated) ;;;;;;;;;;
6E:51:96:32:FC:24; 2026-04-18 13:34:15; 2026-04-18 13:34:15;-51;2; (not associated) ;;;;;;;;;;
0E:2E:92:0E:CB:10; 2026-04-18 13:34:15; 2026-04-18 13:34:15;-81;2; (not associated) ;;;;;;;;;;
DA:A1:19:6D:38:42; 2026-04-18 13:34:15; 2026-04-18 13:34:25;-83;4; (not associated) ;;;;;;;;;;
1A:C0:F5:D0:00:F6; 2026-04-18 13:34:15; 2026-04-18 13:34:15;-84;2; (not associated) ;;;;;;;;;;
4A:F3:A7:7E:45:A2; 2026-04-18 13:34:15; 2026-04-18 13:34:15;-83;2; (not associated) ;;;;;;;;;;
8A:14:59:73:0E:70; 2026-04-18 13:34:15; 2026-04-18 13:34:15;-90;1; (not associated) ;;;;;;;;;;
8E:11:F0:19:25:D5; 2026-04-18 13:34:15; 2026-04-18 13:34:15;-83;2; (not associated) ;;;;;;;;;;
04:E5:98:4B:0A:4A; 2026-04-18 13:34:15; 2026-04-18 13:34:37;-91;32; 58:0A:20:0D:34:9E;MT_FREE;;;;;;;;;
CE:6F:77:E3:10:50; 2026-04-18 13:34:15; 2026-04-18 13:34:15;-80;2; (not associated) ;;;;;;;;;;
3E:F2:CA:35:D6:BA; 2026-04-18 13:34:15; 2026-04-18 13:34:15;-85;2; (not associated) ;;;;;;;;;;
0A:F0:22:04:FB:DA; 2026-04-18 13:34:15; 2026-04-18 13:34:15;-92;2; (not associated) ;;;;;;;;;;
B6:FD:27:E4:E6:FC; 2026-04-18 13:34:15; 2026-04-18 13:34:15;-89;1; (not associated) ;;;;;;;;;;
5A:FE:6B:4C:B5:44; 2026-04-18 13:34:15; 2026-04-18 13:34:15;-85;2; (not associated) ;;;;;;;;;;
9A:60:01:CF:77:E1; 2026-04-18 13:34:15; 2026-04-18 13:34:15;-88;6; C4:14:3C:FB:B6:5E;;;;;;;;;;
E6:61:79:E7:45:BA; 2026-04-18 13:34:15; 2026-04-18 13:34:15;-80;2; (not associated) ;;;;;;;;;;
22:2F:86:A8:6D:0F; 2026-04-18 13:34:15; 2026-04-18 13:34:15;-87;4; (not associated) ;;;;;;;;;;
9A:B2:6E:64:87:5A; 2026-04-18 13:34:15; 2026-04-18 13:34:15;-76;2; (not associated) ;;;;;;;;;;
C6:B6:2C:4A:BE:F0; 2026-04-18 13:34:15; 2026-04-18 13:34:15;-90;2; (not associated) ;;;;;;;;;;
82:78:E2:BD:59:CE; 2026-04-18 13:34:15; 2026-04-18 13:34:15;-77;2; (not associated) ;;;;;;;;;;
D2:86:D6:BE:2F:66; 2026-04-18 13:34:15; 2026-04-18 13:34:15;-90;1; (not associated) ;;;;;;;;;;
9E:BD:3C:4B:3E:46; 2026-04-18 13:34:15; 2026-04-18 13:34:15;-73;2; (not associated) ;;;;;;;;;;
1E:27:C4:95:6E:9B; 2026-04-18 13:34:16; 2026-04-18 13:34:16;-83;2; (not associated) ;;;;;;;;;;
42:CE:7B:A4:82:7F; 2026-04-18 13:34:19; 2026-04-18 13:34:19;-69;3; (not associated) ;;;;;;;;;;
FA:43:C8:FA:C1:6F; 2026-04-18 13:34:20; 2026-04-18 13:34:21;-89;2; (not associated) ;;;;;;;;;;
C2:28:10:98:EE:39; 2026-04-18 13:34:21; 2026-04-18 13:34:21;-90;2; (not associated) ;;;;;;;;;;
26:6D:22:F2:88:52; 2026-04-18 13:34:21; 2026-04-18 13:34:21;-73;2; (not associated) ;;;;;;;;;;
4E:68:C5:19:58:3E; 2026-04-18 13:34:21; 2026-04-18 13:34:21;-90;2; (not associated) ;;;;;;;;;;
26:AD:9B:17:1D:1D; 2026-04-18 13:34:21; 2026-04-18 13:34:21;-82;8; (not associated) ;Kecnetic - 2 ;Kecnetic-2;SanKrim;;;;;;;
9A:85:0F:D9:8F:33; 2026-04-18 13:34:21; 2026-04-18 13:34:21;-81;2; (not associated) ;;;;;;;;;;
56:2D:3D:82:BF:F0; 2026-04-18 13:34:23; 2026-04-18 13:34:23;-92;2; (not associated) ;;;;;;;;;;
D2:F3:8F:EB:49:E9; 2026-04-18 13:34:23; 2026-04-18 13:34:23;-85;2; (not associated) ;;;;;;;;;;
92:FD:B3:E6:21:A6; 2026-04-18 13:34:23; 2026-04-18 13:34:23;-92;1; (not associated) ;;;;;;;;;;
56:2C:AC:3A:59:48; 2026-04-18 13:34:23; 2026-04-18 13:34:28;-89;4; (not associated) ;;;;;;;;;;
5A:26:05:56:A9:6C; 2026-04-18 13:34:23; 2026-04-18 13:34:23;-93;2; (not associated) ;baza.24x7_5G;;;;;;;;;
36:A4:79:66:26:FD; 2026-04-18 13:34:23; 2026-04-18 13:34:23;-92;1; (not associated) ;;;;;;;;;;
EE:12:DB:14:8E:C9; 2026-04-18 13:34:23; 2026-04-18 13:34:23;-91;2; (not associated) ;;;;;;;;;;
6A:8D:94:8D:A6:54; 2026-04-18 13:34:23; 2026-04-18 13:34:23;-89;2; (not associated) ;;;;;;;;;;
DE:6B:11:1B:E9:2E; 2026-04-18 13:34:23; 2026-04-18 13:34:24;-84;2; (not associated) ;;;;;;;;;;
52:CD:15:1C:0E:9F; 2026-04-18 13:34:24; 2026-04-18 13:34:24;-78;2; (not associated) ;;;;;;;;;;
CE:56:72:35:EE:6F; 2026-04-18 13:34:24; 2026-04-18 13:37:02;-81;33; (not associated) ;CHERTOG_5G;;;;;;;;;
E6:B9:F2:FE:89:5A; 2026-04-18 13:34:24; 2026-04-18 13:34:24;-76;3; (not associated) ;;;;;;;;;;
82:F2:3C:06:EA:4B; 2026-04-18 13:34:24; 2026-04-18 13:34:24;-83;1; (not associated) ;;;;;;;;;;
2A:DD:16:C1:F5:61; 2026-04-18 13:34:25; 2026-04-18 13:34:44;-81;3011; 58:0A:20:68:3A:CE;;;;;;;;;;
9A:F6:76:48:04:58; 2026-04-18 13:34:25; 2026-04-18 13:34:25;-87;1; (not associated) ;;;;;;;;;;
1E:E1:15:24:D6:94; 2026-04-18 13:34:26; 2026-04-18 13:34:26;-85;1; (not associated) ;;;;;;;;;;
72:00:9A:40:D7:04; 2026-04-18 13:34:26; 2026-04-18 13:34:26;-77;1; (not associated) ;;;;;;;;;;
9E:46:00:FF:07:7A; 2026-04-18 13:34:26; 2026-04-18 13:34:26;-70;5; (not associated) ;;;;;;;;;;
AA:A0:BD:8A:7B:2E; 2026-04-18 13:34:26; 2026-04-18 13:34:26;-76;2; (not associated) ;;;;;;;;;;
1E:75:E6:B9:55:FA; 2026-04-18 13:34:26; 2026-04-18 13:34:26;-74;1; (not associated) ;;;;;;;;;;
22:A1:62:5F:14:00; 2026-04-18 13:34:26; 2026-04-18 13:34:26;-74;1; (not associated) ;;;;;;;;;;
9E:8D:A6:C5:3E:BE; 2026-04-18 13:34:26; 2026-04-18 13:34:26;-59;1; (not associated) ;;;;;;;;;;
2E:9D:4B:5B:AB:60; 2026-04-18 13:34:27; 2026-04-18 13:34:27;-73;2; (not associated) ;;;;;;;;;;
62:44:DD:C1:17:44; 2026-04-18 13:34:27; 2026-04-18 13:34:27;-74;1; (not associated) ;;;;;;;;;;
B2:D3:C8:5A:19:B3; 2026-04-18 13:34:27; 2026-04-18 13:34:27;-66;1; (not associated) ;;;;;;;;;;
0A:EE:DA:F0:97:73; 2026-04-18 13:34:27; 2026-04-18 13:34:27;-67;1; (not associated) ;;;;;;;;;;
EA:1B:3E:66:8C:B1; 2026-04-18 13:34:27; 2026-04-18 13:34:27;-66;1; (not associated) ;;;;;;;;;;
EA:89:FC:69:74:47; 2026-04-18 13:34:27; 2026-04-18 13:34:27;-63;1; (not associated) ;;;;;;;;;;
42:EC:30:60:48:64; 2026-04-18 13:34:27; 2026-04-18 13:34:27;-64;1; (not associated) ;;;;;;;;;;
66:6E:3B:A9:23:15; 2026-04-18 13:34:27; 2026-04-18 13:34:28;-90;6; (not associated) ;MT_FREE;;;;;;;;;
A2:A5:DB:0F:B4:84; 2026-04-18 13:34:27; 2026-04-18 13:34:27;-86;2; (not associated) ;baza.24x7_5G;;;;;;;;;
B6:AC:72:31:2A:2C; 2026-04-18 13:34:27; 2026-04-18 13:34:27;-86;2; (not associated) ;;;;;;;;;;
B6:8E:5B:D1:28:65; 2026-04-18 13:34:27; 2026-04-18 13:34:44;-83;55; C4:14:3C:40:A8:6E;MT_FREE;;;;;;;;;
AE:19:77:7B:40:96; 2026-04-18 13:34:27; 2026-04-18 13:34:27;-91;4; (not associated) ;;;;;;;;;;
12:5F:5A:7A:4C:EE; 2026-04-18 13:34:27; 2026-04-18 13:34:28;-87;4; (not associated) ;;;;;;;;;;
AE:CF:F1:A8:A2:EE; 2026-04-18 13:34:28; 2026-04-18 13:34:28;-88;1; (not associated) ;;;;;;;;;;
12:EB:78:B8:85:03; 2026-04-18 13:34:28; 2026-04-18 13:34:28;-73;1; (not associated) ;;;;;;;;;;
96:8F:7B:24:EE:99; 2026-04-18 13:34:28; 2026-04-18 13:34:28;-89;1; (not associated) ;;;;;;;;;;
AE:67:F3:8D:3B:41; 2026-04-18 13:34:28; 2026-04-18 13:34:28;-82;1; (not associated) ;;;;;;;;;;
3E:0B:56:11:56:B1; 2026-04-18 13:34:28; 2026-04-18 13:34:28;-82;1; (not associated) ;;;;;;;;;;
9A:E8:08:74:03:24; 2026-04-18 13:34:28; 2026-04-18 13:37:14;-62;5; (not associated) ;;;;;;;;;;
7E:1C:59:62:17:9E; 2026-04-18 13:34:28; 2026-04-18 13:34:28;-85;1; (not associated) ;;;;;;;;;;
6A:67:37:5A:6C:DB; 2026-04-18 13:34:29; 2026-04-18 13:34:29;-87;1; (not associated) ;;;;;;;;;;
FE:C7:DB:8A:A2:9F; 2026-04-18 13:34:29; 2026-04-18 13:34:29;-82;1; 00:25:00:FF:94:73;;;;;;;;;;
B2:9D:12:38:20:5A; 2026-04-18 13:34:29; 2026-04-18 13:34:29;-90;1; (not associated) ;;;;;;;;;;
96:C6:DD:F4:26:AD; 2026-04-18 13:34:29; 2026-04-18 13:34:29;-89;1; (not associated) ;;;;;;;;;;
D2:57:F1:BF:0E:A4; 2026-04-18 13:34:29; 2026-04-18 13:34:29;-84;12; (not associated) ;GL-MT3000-c28;Wildberries;switch_97CF670100H;;;;;;;
A2:1F:E8:FF:87:AA; 2026-04-18 13:34:29; 2026-04-18 13:34:29;-91;1; (not associated) ;;;;;;;;;;
A2:08:B9:42:1D:C3; 2026-04-18 13:34:29; 2026-04-18 13:34:29;-90;1; (not associated) ;;;;;;;;;;
1E:78:9E:73:27:9C; 2026-04-18 13:34:30; 2026-04-18 13:34:30;-75;2; (not associated) ;;;;;;;;;;
08:A5:DF:C5:30:CB; 2026-04-18 13:34:30; 2026-04-18 13:37:03;-87;14; (not associated) ;;;;;;;;;;
7E:FF:C7:E4:D3:C6; 2026-04-18 13:34:30; 2026-04-18 13:34:30;-84;7; 58:0A:20:68:3E:4E;MT_FREE;;;;;;;;;
7E:A2:7C:47:69:72; 2026-04-18 13:34:36; 2026-04-18 13:34:36;-89;2; (not associated) ;;;;;;;;;;
A6:8D:77:E0:E8:A4; 2026-04-18 13:34:37; 2026-04-18 13:34:37;-91;1; (not associated) ;;;;;;;;;;
7A:E9:C0:88:6D:19; 2026-04-18 13:34:37; 2026-04-18 13:34:37;-92;3; (not associated) ;;;;;;;;;;
2A:34:D7:ED:E4:F3; 2026-04-18 13:34:37; 2026-04-18 13:34:37;-91;2; (not associated) ;;;;;;;;;;
DE:3E:91:B8:01:BD; 2026-04-18 13:34:38; 2026-04-18 13:34:38;-74;2; (not associated) ;;;;;;;;;;
D2:CD:66:83:19:B4; 2026-04-18 13:34:38; 2026-04-18 13:34:38;-82;2; (not associated) ;;;;;;;;;;
FA:B0:F4:B5:93:5D; 2026-04-18 13:34:38; 2026-04-18 13:34:38;-81;1; (not associated) ;;;;;;;;;;
12:04:02:29:D2:69; 2026-04-18 13:34:39; 2026-04-18 13:34:39;-91;2; (not associated) ;;;;;;;;;;
DE:5D:61:CD:4C:6E; 2026-04-18 13:34:39; 2026-04-18 13:34:40;-87;3; (not associated) ;;;;;;;;;;
42:1E:C0:AB:7D:46; 2026-04-18 13:34:39; 2026-04-18 13:34:40;-78;7; (not associated) ;RT-WiFi-7040;MTS_GPON_8d8b48;;;;;;;;
12:69:B6:B7:97:8B; 2026-04-18 13:34:41; 2026-04-18 13:34:41;-78;1; (not associated) ;MT_FREE;;;;;;;;;
46:84:DE:65:33:1C; 2026-04-18 13:34:41; 2026-04-18 13:34:41;-75;2; (not associated) ;;;;;;;;;;
06:F6:53:D4:0A:EF; 2026-04-18 13:34:42; 2026-04-18 13:34:42;-85;1; (not associated) ;;;;;;;;;;
1E:AE:79:FE:C9:03; 2026-04-18 13:34:42; 2026-04-18 13:34:42;-70;2; (not associated) ;;;;;;;;;;
E6:B9:12:98:CB:24; 2026-04-18 13:34:42; 2026-04-18 13:34:42;-70;6; 58:0A:20:68:3E:41;;;;;;;;;;
12:39:14:5F:B2:B2; 2026-04-18 13:34:43; 2026-04-18 13:34:43;-42;5; (not associated) ;Beeline_5G_FF4294;DIR-615_EXT2;;;;;;;;
52:04:1C:06:C7:4C; 2026-04-18 13:34:44; 2026-04-18 13:34:44;-78;1; (not associated) ;;;;;;;;;;
C2:76:FC:1B:0C:95; 2026-04-18 13:34:44; 2026-04-18 13:34:44;-78;1; (not associated) ;;;;;;;;;;
C2:8B:3D:0F:C2:EE; 2026-04-18 13:34:44; 2026-04-18 13:34:44;-87;2; (not associated) ;;;;;;;;;;
E6:B9:12:E5:09:D6; 2026-04-18 13:34:44; 2026-04-18 13:34:44;-69;2; (not associated) ;MT_FREE;;;;;;;;;
8A:C3:50:32:D3:56; 2026-04-18 13:34:45; 2026-04-18 13:34:45;-78;2; (not associated) ;;;;;;;;;;
AE:86:33:A5:37:50; 2026-04-18 13:34:45; 2026-04-18 13:34:45;-87;2; (not associated) ;;;;;;;;;;
32:3B:F8:2F:F1:A5; 2026-04-18 13:34:45; 2026-04-18 13:34:45;-80;8; (not associated) ;;;;;;;;;;
46:1D:9D:2D:E0:7C; 2026-04-18 13:34:45; 2026-04-18 13:34:45;-70;2; (not associated) ;MT_FREE;;;;;;;;;
82:80:40:0F:10:DE; 2026-04-18 13:34:46; 2026-04-18 13:34:46;-51;2; (not associated) ;;;;;;;;;;
0E:49:85:5E:AB:E1; 2026-04-18 13:34:50; 2026-04-18 13:34:50;-92;2; (not associated) ;;;;;;;;;;
E2:5B:B0:12:79:A7; 2026-04-18 13:34:50; 2026-04-18 13:34:50;-79;3; (not associated) ;2_Nomer;Keenetic-1677;;;;;;;;
9A:A7:56:EA:D8:7D; 2026-04-18 13:34:51; 2026-04-18 13:34:51;-91;1; (not associated) ;;;;;;;;;;
8E:23:CF:9B:53:17; 2026-04-18 13:34:52; 2026-04-18 13:34:52;-77;2; (not associated) ;;;;;;;;;;
1A:53:A2:36:A8:AA; 2026-04-18 13:34:52; 2026-04-18 13:34:52;-90;2; (not associated) ;;;;;;;;;;
3E:D3:AE:FA:71:AF; 2026-04-18 13:34:52; 2026-04-18 13:34:52;-75;2; (not associated) ;;;;;;;;;;
7E:80:66:13:DA:B4; 2026-04-18 13:34:53; 2026-04-18 13:34:53;-84;2; (not associated) ;;;;;;;;;;
6E:8D:D1:0E:56:3D; 2026-04-18 13:34:53; 2026-04-18 13:34:53;-92;2; (not associated) ;;;;;;;;;;
BE:69:BF:8B:74:16; 2026-04-18 13:34:54; 2026-04-18 13:34:54;-92;1; (not associated) ;;;;;;;;;;
92:31:D1:35:40:AC; 2026-04-18 13:34:54; 2026-04-18 13:34:54;-88;2; (not associated) ;;;;;;;;;;
72:20:96:DF:B6:43; 2026-04-18 13:34:55; 2026-04-18 13:34:55;-84;1; (not associated) ;;;;;;;;;;
E2:00:50:DA:87:10; 2026-04-18 13:34:55; 2026-04-18 13:34:55;-85;1; (not associated) ;;;;;;;;;;
4A:56:FF:A6:22:74; 2026-04-18 13:34:56; 2026-04-18 13:36:00;-89;18; (not associated) ;;;;;;;;;;
38:F2:3E:E5:2B:44; 2026-04-18 13:34:56; 2026-04-18 13:36:43;-63;8; (not associated) ;Smart phone;MTS_GPON_d00838;sch179-4;;;;;;;
92:8C:54:1E:84:95; 2026-04-18 13:34:57; 2026-04-18 13:34:57;-83;1; (not associated) ;;;;;;;;;;
22:F4:3F:5B:71:24; 2026-04-18 13:34:57; 2026-04-18 13:36:01;-89;6; (not associated) ;;;;;;;;;;
52:ED:43:A4:83:EE; 2026-04-18 13:34:57; 2026-04-18 13:34:57;-74;2; (not associated) ;;;;;;;;;;
FE:53:56:9F:A3:6D; 2026-04-18 13:34:58; 2026-04-18 13:34:58;-91;1; (not associated) ;;;;;;;;;;
BE:2C:72:E6:06:C3; 2026-04-18 13:34:58; 2026-04-18 13:34:58;-80;1; (not associated) ;;;;;;;;;;
82:37:00:DE:35:CA; 2026-04-18 13:34:58; 2026-04-18 13:34:58;-82;1; (not associated) ;;;;;;;;;;
2E:AE:71:7F:02:A2; 2026-04-18 13:34:59; 2026-04-18 13:34:59;-84;2; (not associated) ;;;;;;;;;;
CA:34:7D:25:6C:14; 2026-04-18 13:34:59; 2026-04-18 13:34:59;-78;6; (not associated) ;;;;;;;;;;
06:86:0E:94:C0:84; 2026-04-18 13:34:59; 2026-04-18 13:36:16;-86;35; 00:25:00:FF:94:73;;;;;;;;;;
EE:0B:D1:66:30:13; 2026-04-18 13:34:59; 2026-04-18 13:34:59;-86;1; (not associated) ;;;;;;;;;;
B6:10:1D:49:32:EC; 2026-04-18 13:34:59; 2026-04-18 13:34:59;-90;1; (not associated) ;;;;;;;;;;
3E:A4:31:5D:BD:32; 2026-04-18 13:35:00; 2026-04-18 13:35:00;-90;2; (not associated) ;;;;;;;;;;
22:D1:2B:14:F3:AC; 2026-04-18 13:35:00; 2026-04-18 13:35:00;-83;2; (not associated) ;;;;;;;;;;
52:BA:57:7B:20:50; 2026-04-18 13:35:01; 2026-04-18 13:35:01;-78;2; (not associated) ;;;;;;;;;;
BA:DF:39:FE:94:FE; 2026-04-18 13:35:01; 2026-04-18 13:35:01;-82;2; (not associated) ;;;;;;;;;;
22:3E:F3:95:95:C7; 2026-04-18 13:35:03; 2026-04-18 13:35:03;-49;6; (not associated) ;Beeline_5G_FF4294;DIR-615_EXT2;;;;;;;;
66:CC:AD:71:95:17; 2026-04-18 13:35:09; 2026-04-18 13:35:09;-82;1; (not associated) ;;;;;;;;;;
AE:C3:26:EE:32:9E; 2026-04-18 13:35:09; 2026-04-18 13:35:09;-82;2; (not associated) ;;;;;;;;;;
B2:9B:A1:EB:56:DB; 2026-04-18 13:35:09; 2026-04-18 13:35:09;-83;1; (not associated) ;;;;;;;;;;
C2:CA:B1:68:2A:3D; 2026-04-18 13:35:09; 2026-04-18 13:35:09;-71;2; (not associated) ;;;;;;;;;;
0E:FF:E6:3E:2A:8C; 2026-04-18 13:35:09; 2026-04-18 13:35:09;-91;2; (not associated) ;;;;;;;;;;
B6:72:AC:B7:A9:53; 2026-04-18 13:35:09; 2026-04-18 13:35:09;-83;7; (not associated) ;;;;;;;;;;
B2:27:C7:60:E2:2C; 2026-04-18 13:35:09; 2026-04-18 13:35:09;-80;2; (not associated) ;;;;;;;;;;
06:80:D9:D1:90:D0; 2026-04-18 13:35:09; 2026-04-18 13:35:09;-72;3; (not associated) ;;;;;;;;;;
8E:27:DE:43:BB:18; 2026-04-18 13:35:10; 2026-04-18 13:35:10;-91;1; (not associated) ;;;;;;;;;;
36:9C:39:CC:CF:83; 2026-04-18 13:35:12; 2026-04-18 13:35:12;-91;2; (not associated) ;;;;;;;;;;
C2:74:2B:19:37:54; 2026-04-18 13:35:12; 2026-04-18 13:35:12;-77;1; (not associated) ;;;;;;;;;;
62:E7:3E:66:11:E4; 2026-04-18 13:35:13; 2026-04-18 13:35:13;-81;3; (not associated) ;;;;;;;;;;
F2:3A:1C:BB:D2:BC; 2026-04-18 13:35:14; 2026-04-18 13:35:14;-91;2; (not associated) ;;;;;;;;;;
AE:72:D2:60:75:9D; 2026-04-18 13:35:14; 2026-04-18 13:35:15;-90;7; (not associated) ;;;;;;;;;;
72:CD:83:EE:9E:9B; 2026-04-18 13:35:14; 2026-04-18 13:35:14;-79;2; (not associated) ;;;;;;;;;;
C6:F6:1C:65:C3:BA; 2026-04-18 13:35:14; 2026-04-18 13:35:14;-82;2; (not associated) ;;;;;;;;;;
BA:02:A1:A7:BC:DF; 2026-04-18 13:35:14; 2026-04-18 13:35:14;-70;2; (not associated) ;;;;;;;;;;
8E:33:C8:C3:69:45; 2026-04-18 13:35:14; 2026-04-18 13:35:14;-82;2; (not associated) ;;;;;;;;;;
02:29:EF:FD:36:17; 2026-04-18 13:35:14; 2026-04-18 13:35:14;-83;2; (not associated) ;;;;;;;;;;
12:0C:52:4B:33:6E; 2026-04-18 13:35:14; 2026-04-18 13:35:14;-77;2; (not associated) ;;;;;;;;;;
16:8C:B4:AD:BF:DF; 2026-04-18 13:35:14; 2026-04-18 13:35:14;-83;2; (not associated) ;;;;;;;;;;
0A:D1:0B:79:B4:61; 2026-04-18 13:35:15; 2026-04-18 13:35:15;-81;4; (not associated) ;;;;;;;;;;
42:0C:F5:FD:24:AC; 2026-04-18 13:35:15; 2026-04-18 13:35:15;-82;6; (not associated) ;Compresor Loft;MuseumOfTheFuture;;;;;;;;
E2:3C:2A:1E:1B:E1; 2026-04-18 13:35:15; 2026-04-18 13:35:15;-80;2; (not associated) ;;;;;;;;;;
92:98:CD:3A:F1:1B; 2026-04-18 13:35:15; 2026-04-18 13:35:15;-82;2; (not associated) ;;;;;;;;;;
D6:17:61:6F:5F:ED; 2026-04-18 13:35:16; 2026-04-18 13:35:16;-78;2; (not associated) ;;;;;;;;;;
62:AC:A2:2D:C7:D9; 2026-04-18 13:35:20; 2026-04-18 13:35:20;-77;2; (not associated) ;;;;;;;;;;
00:F1:CA:80:FE:68; 2026-04-18 13:35:23; 2026-04-18 13:36:09;-77;24; 41:36:5A:FC:F8:D5;;;;;;;;;;
8A:E2:1A:0E:AC:04; 2026-04-18 13:35:23; 2026-04-18 13:35:23;-94;1; (not associated) ;;;;;;;;;;
12:1E:82:38:7D:CE; 2026-04-18 13:35:23; 2026-04-18 13:35:23;-80;2; (not associated) ;;;;;;;;;;
E2:16:56:31:38:9A; 2026-04-18 13:35:24; 2026-04-18 13:35:24;-58;6; (not associated) ;Beeline_5G_FF4294;DIR-615_EXT2;;;;;;;;
EE:0F:C6:BD:73:05; 2026-04-18 13:35:24; 2026-04-18 13:35:24;-93;2; (not associated) ;;;;;;;;;;
16:C4:BB:9F:02:36; 2026-04-18 13:35:24; 2026-04-18 13:35:24;-84;2; (not associated) ;;;;;;;;;;
12:C3:B3:6F:22:E7; 2026-04-18 13:35:24; 2026-04-18 13:35:24;-90;2; (not associated) ;;;;;;;;;;
9A:B5:15:2D:B7:34; 2026-04-18 13:35:25; 2026-04-18 13:35:25;-81;2; (not associated) ;;;;;;;;;;
EE:32:3A:63:18:30; 2026-04-18 13:35:25; 2026-04-18 13:35:25;-63;2; (not associated) ;;;;;;;;;;
6E:D0:E0:BE:CA:D7; 2026-04-18 13:35:25; 2026-04-18 13:35:25;-88;2; (not associated) ;;;;;;;;;;
AA:62:20:94:D2:92; 2026-04-18 13:35:25; 2026-04-18 13:35:25;-77;2; (not associated) ;;;;;;;;;;
F6:41:C5:BD:45:64; 2026-04-18 13:35:25; 2026-04-18 13:35:25;-71;1; (not associated) ;;;;;;;;;;
42:2F:EB:71:4F:BB; 2026-04-18 13:35:26; 2026-04-18 13:35:26;-85;1; (not associated) ;;;;;;;;;;
74:D2:1D:C2:1A:D9; 2026-04-18 13:35:26; 2026-04-18 13:37:13;-73;16; 58:0A:20:0D:2A:01;;;;;;;;;;
7A:84:AC:54:0C:50; 2026-04-18 13:35:27; 2026-04-18 13:36:30;-80;37; (not associated) ;VENDGROUP;ELTEX-A698;TP-Link_78BB;;;;;;;
A6:3A:0B:C1:A6:E7; 2026-04-18 13:35:28; 2026-04-18 13:35:28;-76;1; (not associated) ;;;;;;;;;;
AE:08:37:15:61:2D; 2026-04-18 13:35:29; 2026-04-18 13:35:29;-73;2; (not associated) ;;;;;;;;;;
22:31:47:38:06:D1; 2026-04-18 13:35:29; 2026-04-18 13:35:29;-79;3; (not associated) ;;;;;;;;;;
1E:00:8D:15:97:EF; 2026-04-18 13:35:29; 2026-04-18 13:35:29;-81;2; (not associated) ;;;;;;;;;;
42:06:BF:34:1E:88; 2026-04-18 13:35:29; 2026-04-18 13:35:29;-83;2; (not associated) ;;;;;;;;;;
E6:85:2D:0A:1C:D6; 2026-04-18 13:35:31; 2026-04-18 13:35:31;-75;3; (not associated) ;;;;;;;;;;
6E:F0:92:BD:BD:50; 2026-04-18 13:35:31; 2026-04-18 13:35:31;-83;4; (not associated) ;;;;;;;;;;
56:A9:F8:1B:11:70; 2026-04-18 13:35:31; 2026-04-18 13:35:31;-79;2; (not associated) ;;;;;;;;;;
82:B5:3E:96:2E:44; 2026-04-18 13:35:31; 2026-04-18 13:35:31;-67;2; (not associated) ;;;;;;;;;;
FE:97:11:DB:76:45; 2026-04-18 13:35:32; 2026-04-18 13:35:32;-82;2; (not associated) ;;;;;;;;;;
D2:41:BF:5B:31:FF; 2026-04-18 13:35:32; 2026-04-18 13:35:32;-79;1; (not associated) ;;;;;;;;;;
76:45:1D:8E:8D:49; 2026-04-18 13:35:32; 2026-04-18 13:35:32;-91;2; (not associated) ;;;;;;;;;;
7E:9B:12:20:83:F4; 2026-04-18 13:35:34; 2026-04-18 13:35:34;-73;2; (not associated) ;;;;;;;;;;
1A:BE:72:68:22:23; 2026-04-18 13:35:34; 2026-04-18 13:35:34;-90;4; (not associated) ;MTS_GPON_d1fc10;;;;;;;;;
DA:85:E8:6C:2D:6D; 2026-04-18 13:35:35; 2026-04-18 13:35:36;-78;12; (not associated) ;Compresor Loft;MuseumOfTheFuture;;;;;;;;
76:33:63:48:6A:39; 2026-04-18 13:35:37; 2026-04-18 13:35:37;-88;1; (not associated) ;;;;;;;;;;
8A:3F:75:B3:88:56; 2026-04-18 13:35:38; 2026-04-18 13:35:38;-93;1; (not associated) ;;;;;;;;;;
CA:94:24:8D:17:0C; 2026-04-18 13:35:38; 2026-04-18 13:35:38;-87;1; (not associated) ;;;;;;;;;;
A6:AF:78:3C:D4:62; 2026-04-18 13:35:38; 2026-04-18 13:35:38;-89;2; (not associated) ;;;;;;;;;;
06:73:A1:4C:9C:3D; 2026-04-18 13:35:38; 2026-04-18 13:35:38;-90;1; (not associated) ;;;;;;;;;;
3A:E1:4A:B1:FE:DD; 2026-04-18 13:35:39; 2026-04-18 13:35:39;-91;1; (not associated) ;;;;;;;;;;
0E:46:C6:17:CA:74; 2026-04-18 13:35:39; 2026-04-18 13:35:39;-84;2; (not associated) ;;;;;;;;;;
12:EB:A9:92:50:1D; 2026-04-18 13:35:40; 2026-04-18 13:35:40;-89;2; (not associated) ;;;;;;;;;;
AA:F0:70:9E:A8:0C; 2026-04-18 13:35:40; 2026-04-18 13:35:40;-62;4; (not associated) ;;;;;;;;;;
52:14:AB:45:6A:2F; 2026-04-18 13:35:40; 2026-04-18 13:35:40;-61;4; (not associated) ;;;;;;;;;;
02:55:DD:0F:4C:A9; 2026-04-18 13:35:40; 2026-04-18 13:35:40;-73;2; (not associated) ;;;;;;;;;;
B2:7B:0B:9F:8A:F3; 2026-04-18 13:35:40; 2026-04-18 13:35:40;-74;2; (not associated) ;;;;;;;;;;
A6:0A:9F:88:C9:1B; 2026-04-18 13:35:40; 2026-04-18 13:35:40;-90;1; (not associated) ;;;;;;;;;;
7E:B6:42:40:25:BA; 2026-04-18 13:35:40; 2026-04-18 13:35:40;-88;6; (not associated) ;ASUS 98;Забыть эту сеть;\xA7\xA9\xA7\xD1\xA7\xD2\xA7\xED\xA7\xE4\xA7\xEE \xA7\xEF\xA7\xE4\xA7\xE5 \xA7\xE3\xA7\xD6\xA7\xE4\xA7\xEE;забыть эту сеть;\xA7\xD9\xA7\xD1\xA7\xD2\xA7\xED\xA7\xE4\xA7\xEE \xA7\xEF\xA7\xE4\xA7\xE5 \xA7\xE3\xA7\xD6\xA7\xE4\xA7\xEE;;;;;
BA:2E:88:B4:16:D9; 2026-04-18 13:35:40; 2026-04-18 13:35:40;-91;1; (not associated) ;;;;;;;;;;
A6:D6:CB:EE:7C:22; 2026-04-18 13:35:40; 2026-04-18 13:35:40;-93;1; (not associated) ;;;;;;;;;;
3E:B8:49:D0:5E:A6; 2026-04-18 13:35:40; 2026-04-18 13:35:40;-89;2; (not associated) ;;;;;;;;;;
5A:FF:10:A6:91:EB; 2026-04-18 13:35:41; 2026-04-18 13:35:41;-92;1; (not associated) ;;;;;;;;;;
D6:A3:65:5B:0E:D7; 2026-04-18 13:35:41; 2026-04-18 13:35:41;-83;1; (not associated) ;;;;;;;;;;
72:54:A5:B4:DE:7E; 2026-04-18 13:35:43; 2026-04-18 13:36:15;-84;126; 64:E9:50:D1:1D:7E;MT_FREE;;;;;;;;;
1E:4D:77:1C:69:76; 2026-04-18 13:35:43; 2026-04-18 13:35:43;-65;3; (not associated) ;;;;;;;;;;
A6:EB:FC:36:6C:5E; 2026-04-18 13:35:43; 2026-04-18 13:35:44;-69;4; (not associated) ;;;;;;;;;;
86:A9:A2:73:19:E0; 2026-04-18 13:35:43; 2026-04-18 13:35:44;-68;23; (not associated) ;Beeline_5G_FF4294;DIR-615_EXT2;;;;;;;;
0A:2D:45:C3:4A:21; 2026-04-18 13:35:43; 2026-04-18 13:35:43;-87;1; (not associated) ;;;;;;;;;;
82:A3:7E:A9:08:86; 2026-04-18 13:35:43; 2026-04-18 13:35:43;-85;1; (not associated) ;;;;;;;;;;
86:AE:3E:08:93:66; 2026-04-18 13:35:43; 2026-04-18 13:35:43;-91;1; (not associated) ;;;;;;;;;;
92:B3:1D:AA:59:CC; 2026-04-18 13:35:44; 2026-04-18 13:35:44;-78;2; (not associated) ;;;;;;;;;;
6A:CC:91:40:5C:9F; 2026-04-18 13:35:44; 2026-04-18 13:35:44;-73;4; (not associated) ;;;;;;;;;;
A2:99:5D:6C:45:19; 2026-04-18 13:35:44; 2026-04-18 13:35:44;-92;2; (not associated) ;;;;;;;;;;
6A:4B:46:B0:9A:AD; 2026-04-18 13:35:44; 2026-04-18 13:35:44;-90;1; (not associated) ;;;;;;;;;;
82:56:26:E5:B4:87; 2026-04-18 13:35:44; 2026-04-18 13:35:44;-76;2; (not associated) ;;;;;;;;;;
5E:1F:15:0D:67:CE; 2026-04-18 13:35:44; 2026-04-18 13:35:45;-89;3; 64:E9:50:D1:1D:7E;;;;;;;;;;
FE:14:E6:65:ED:04; 2026-04-18 13:35:45; 2026-04-18 13:35:45;-84;2; (not associated) ;;;;;;;;;;
3E:74:E0:F7:40:6C; 2026-04-18 13:35:45; 2026-04-18 13:35:45;-83;2; (not associated) ;;;;;;;;;;
66:7D:22:7C:C7:69; 2026-04-18 13:35:45; 2026-04-18 13:35:45;-80;5; (not associated) ;Compresor Loft;;;;;;;;;
3E:0D:B5:8D:32:E9; 2026-04-18 13:35:45; 2026-04-18 13:35:45;-89;2; (not associated) ;;;;;;;;;;
0E:7B:5E:D8:0A:54; 2026-04-18 13:35:45; 2026-04-18 13:35:45;-77;2; (not associated) ;;;;;;;;;;
8E:67:D2:D7:00:1D; 2026-04-18 13:35:45; 2026-04-18 13:35:45;-83;2; (not associated) ;Sankor_WiFi;;;;;;;;;
9A:92:63:61:01:9A; 2026-04-18 13:35:45; 2026-04-18 13:35:45;-83;2; (not associated) ;;;;;;;;;;
D6:7B:B1:7A:CA:90; 2026-04-18 13:35:45; 2026-04-18 13:36:15;-76;11; 00:25:00:FF:94:73;;;;;;;;;;
BE:F9:CA:DA:D1:F0; 2026-04-18 13:35:45; 2026-04-18 13:35:45;-91;2; (not associated) ;;;;;;;;;;
7E:22:4B:36:D9:69; 2026-04-18 13:35:45; 2026-04-18 13:35:45;-79;2; (not associated) ;;;;;;;;;;
A8:2B:D5:83:96:72; 2026-04-18 13:35:45; 2026-04-18 13:35:45;-81;2; (not associated) ;;;;;;;;;;
A6:F9:9C:D2:19:7A; 2026-04-18 13:35:45; 2026-04-18 13:35:45;-92;2; (not associated) ;;;;;;;;;;
FE:EA:CD:37:E9:66; 2026-04-18 13:35:45; 2026-04-18 13:35:45;-81;2; (not associated) ;;;;;;;;;;
9E:49:2C:0D:9B:9E; 2026-04-18 13:35:45; 2026-04-18 13:35:45;-88;2; (not associated) ;;;;;;;;;;
4E:16:B5:9D:C9:DD; 2026-04-18 13:35:46; 2026-04-18 13:35:46;-89;2; (not associated) ;;;;;;;;;;
BE:BB:C7:28:87:6F; 2026-04-18 13:35:46; 2026-04-18 13:35:46;-83;3; (not associated) ;;;;;;;;;;
CA:71:DD:FB:F0:DA; 2026-04-18 13:35:46; 2026-04-18 13:35:46;-81;1; (not associated) ;;;;;;;;;;
46:98:44:13:8E:0A; 2026-04-18 13:35:47; 2026-04-18 13:35:47;-80;2; (not associated) ;;;;;;;;;;
00:F1:CA:81:21:7D; 2026-04-18 13:35:52; 2026-04-18 13:36:38;-86;22; 41:36:5A:FC:F8:D5;;;;;;;;;;
5A:76:C3:EC:60:8A; 2026-04-18 13:35:52; 2026-04-18 13:35:52;-77;2; (not associated) ;;;;;;;;;;
CE:40:FA:0A:11:70; 2026-04-18 13:35:54; 2026-04-18 13:35:54;-92;2; (not associated) ;;;;;;;;;;
3E:1F:B1:D5:88:1B; 2026-04-18 13:35:54; 2026-04-18 13:35:54;-67;2; (not associated) ;;;;;;;;;;
F2:75:86:74:FB:D5; 2026-04-18 13:35:55; 2026-04-18 13:35:55;-85;2; (not associated) ;;;;;;;;;;
D6:D1:39:A5:8B:1F; 2026-04-18 13:35:55; 2026-04-18 13:35:55;-78;2; (not associated) ;;;;;;;;;;
AE:96:BC:8C:74:98; 2026-04-18 13:35:55; 2026-04-18 13:35:55;-89;2; (not associated) ;;;;;;;;;;
2E:70:D5:9E:E8:2C; 2026-04-18 13:35:55; 2026-04-18 13:35:55;-90;1; (not associated) ;;;;;;;;;;
62:21:5E:A2:4B:D6; 2026-04-18 13:35:55; 2026-04-18 13:35:55;-88;2; (not associated) ;;;;;;;;;;
CE:96:C0:BF:44:0F; 2026-04-18 13:35:56; 2026-04-18 13:35:56;-92;1; (not associated) ;;;;;;;;;;
4E:A5:0E:AE:63:B0; 2026-04-18 13:35:56; 2026-04-18 13:35:56;-86;2; (not associated) ;;;;;;;;;;
96:D4:F0:2D:B6:76; 2026-04-18 13:35:56; 2026-04-18 13:35:56;-81;1; (not associated) ;;;;;;;;;;
AA:E6:6E:7F:FF:BE; 2026-04-18 13:35:57; 2026-04-18 13:35:57;-74;2; (not associated) ;;;;;;;;;;
3A:6D:C4:60:EE:EA; 2026-04-18 13:35:58; 2026-04-18 13:35:58;-74;3; (not associated) ;;;;;;;;;;
8A:E5:4C:FB:D2:31; 2026-04-18 13:35:58; 2026-04-18 13:35:58;-70;3; (not associated) ;;;;;;;;;;
8E:90:53:24:4B:15; 2026-04-18 13:35:59; 2026-04-18 13:35:59;-80;1; (not associated) ;;;;;;;;;;
82:3C:CE:7D:E1:D6; 2026-04-18 13:35:59; 2026-04-18 13:35:59;-70;1; (not associated) ;;;;;;;;;;
36:57:3F:CC:9D:07; 2026-04-18 13:35:59; 2026-04-18 13:35:59;-80;1; (not associated) ;;;;;;;;;;
6E:20:C2:11:20:00; 2026-04-18 13:35:59; 2026-04-18 13:35:59;-70;1; (not associated) ;;;;;;;;;;
E6:D3:D0:BB:AD:A3; 2026-04-18 13:35:59; 2026-04-18 13:35:59;-77;1; (not associated) ;;;;;;;;;;
36:50:1F:20:8B:51; 2026-04-18 13:35:59; 2026-04-18 13:35:59;-88;1; (not associated) ;;;;;;;;;;
7E:9D:81:82:B6:34; 2026-04-18 13:35:59; 2026-04-18 13:36:00;-87;2; (not associated) ;;;;;;;;;;
6A:02:0E:16:48:D7; 2026-04-18 13:36:00; 2026-04-18 13:36:00;-58;1; (not associated) ;;;;;;;;;;
92:6B:25:A1:AE:5D; 2026-04-18 13:36:00; 2026-04-18 13:36:00;-85;2; (not associated) ;;;;;;;;;;
3A:4E:04:3C:EB:EB; 2026-04-18 13:36:00; 2026-04-18 13:36:00;-76;1; (not associated) ;;;;;;;;;;
B6:1E:0A:59:C3:D5; 2026-04-18 13:36:00; 2026-04-18 13:36:00;-77;1; (not associated) ;;;;;;;;;;
CA:39:65:58:CE:99; 2026-04-18 13:36:00; 2026-04-18 13:36:00;-75;1; (not associated) ;;;;;;;;;;
4A:A6:92:58:C8:2D; 2026-04-18 13:36:00; 2026-04-18 13:36:00;-73;1; (not associated) ;;;;;;;;;;
1A:64:3E:64:7B:2A; 2026-04-18 13:36:00; 2026-04-18 13:36:00;-89;2; (not associated) ;;;;;;;;;;
56:5E:1E:C2:53:B4; 2026-04-18 13:36:01; 2026-04-18 13:36:01;-80;2; (not associated) ;;;;;;;;;;
22:8C:92:5F:A1:AC; 2026-04-18 13:36:01; 2026-04-18 13:36:01;-89;2; (not associated) ;;;;;;;;;;
0A:27:42:68:51:73; 2026-04-18 13:36:01; 2026-04-18 13:36:01;-89;2; 00:25:00:FF:94:73;;;;;;;;;;
C6:FE:2E:4F:FD:BA; 2026-04-18 13:36:01; 2026-04-18 13:36:01;-53;2; (not associated) ;;;;;;;;;;
C2:B0:80:1E:6F:B6; 2026-04-18 13:36:01; 2026-04-18 13:36:01;-88;2; (not associated) ;;;;;;;;;;
9A:CF:30:3F:1A:80; 2026-04-18 13:36:01; 2026-04-18 13:36:01;-53;2; (not associated) ;;;;;;;;;;
82:CF:89:1C:65:6C; 2026-04-18 13:36:01; 2026-04-18 13:36:01;-83;2; (not associated) ;;;;;;;;;;
7E:47:D7:05:46:FC; 2026-04-18 13:36:01; 2026-04-18 13:36:01;-92;2; (not associated) ;;;;;;;;;;
12:12:B5:B1:57:15; 2026-04-18 13:36:01; 2026-04-18 13:36:01;-86;2; (not associated) ;;;;;;;;;;
6A:60:66:89:39:76; 2026-04-18 13:36:01; 2026-04-18 13:36:01;-80;2; (not associated) ;;;;;;;;;;
12:BE:FF:7D:37:80; 2026-04-18 13:36:01; 2026-04-18 13:36:01;-58;2; (not associated) ;;;;;;;;;;
BE:BA:8E:92:8D:E5; 2026-04-18 13:36:01; 2026-04-18 13:36:01;-78;2; (not associated) ;;;;;;;;;;
3E:53:D1:53:81:08; 2026-04-18 13:36:02; 2026-04-18 13:36:02;-83;2; (not associated) ;MA;;;;;;;;;
0C:C6:FD:29:B9:19; 2026-04-18 13:36:02; 2026-04-18 13:36:02;-89;6; 5C:A4:8A:1E:7A:5E;;;;;;;;;;
6E:7F:FE:3A:5F:5E; 2026-04-18 13:36:02; 2026-04-18 13:36:02;-78;1; (not associated) ;;;;;;;;;;
A2:E4:F9:A1:29:09; 2026-04-18 13:36:02; 2026-04-18 13:36:23;-91;4; (not associated) ;;;;;;;;;;
36:2C:54:CA:B3:C6; 2026-04-18 13:36:02; 2026-04-18 13:36:02;-89;2; (not associated) ;;;;;;;;;;
EA:BF:73:52:02:5C; 2026-04-18 13:36:02; 2026-04-18 13:36:02;-84;1; (not associated) ;;;;;;;;;;
72:00:D5:C5:86:B8; 2026-04-18 13:36:02; 2026-04-18 13:36:02;-71;2; (not associated) ;;;;;;;;;;
1E:D6:B1:61:38:B7; 2026-04-18 13:36:02; 2026-04-18 13:36:02;-84;2; (not associated) ;GIFT67;;;;;;;;;
32:A4:94:F7:2D:3B; 2026-04-18 13:36:03; 2026-04-18 13:36:03;-92;3; (not associated) ;52472176;;;;;;;;;
46:80:8A:98:16:5C; 2026-04-18 13:36:03; 2026-04-18 13:36:03;-50;6; (not associated) ;Beeline_5G_FF4294;DIR-615_EXT2;;;;;;;;
BA:C2:FA:29:62:72; 2026-04-18 13:36:05; 2026-04-18 13:36:05;-78;3; (not associated) ;;;;;;;;;;
92:92:AF:9A:D9:7E; 2026-04-18 13:36:07; 2026-04-18 13:36:07;-90;2; (not associated) ;;;;;;;;;;
86:3A:70:A6:96:97; 2026-04-18 13:36:09; 2026-04-18 13:36:09;-92;1; (not associated) ;;;;;;;;;;
4A:10:41:78:14:68; 2026-04-18 13:36:09; 2026-04-18 13:36:09;-90;2; (not associated) ;;;;;;;;;;
4A:34:AE:01:DC:D8; 2026-04-18 13:36:09; 2026-04-18 13:36:09;-86;2; (not associated) ;;;;;;;;;;
2E:99:4C:E0:59:5E; 2026-04-18 13:36:09; 2026-04-18 13:36:09;-83;2; (not associated) ;;;;;;;;;;
1E:5C:62:11:27:20; 2026-04-18 13:36:09; 2026-04-18 13:36:09;-89;1; (not associated) ;;;;;;;;;;
12:EB:37:56:C0:E2; 2026-04-18 13:36:09; 2026-04-18 13:36:10;-72;2; (not associated) ;;;;;;;;;;
6A:63:12:71:37:96; 2026-04-18 13:36:10; 2026-04-18 13:36:10;-82;2; (not associated) ;;;;;;;;;;
7E:DE:B9:32:7D:5B; 2026-04-18 13:36:10; 2026-04-18 13:36:10;-93;2; (not associated) ;;;;;;;;;;
12:68:83:7B:03:6A; 2026-04-18 13:36:10; 2026-04-18 13:36:10;-86;2; (not associated) ;;;;;;;;;;
62:68:C4:B8:17:A4; 2026-04-18 13:36:10; 2026-04-18 13:36:10;-73;2; (not associated) ;;;;;;;;;;
0E:F1:5F:75:AD:7B; 2026-04-18 13:36:10; 2026-04-18 13:36:10;-92;1; (not associated) ;;;;;;;;;;
5A:83:59:10:8F:5B; 2026-04-18 13:36:10; 2026-04-18 13:36:10;-91;1; (not associated) ;;;;;;;;;;
1A:8E:95:CA:BB:06; 2026-04-18 13:36:10; 2026-04-18 13:36:10;-89;1; (not associated) ;;;;;;;;;;
22:65:63:4B:ED:E3; 2026-04-18 13:36:10; 2026-04-18 13:36:10;-82;2; (not associated) ;RT-5GPON-DDE0;;;;;;;;;
7E:88:52:46:24:CE; 2026-04-18 13:36:10; 2026-04-18 13:36:10;-76;2; (not associated) ;;;;;;;;;;
12:3D:3C:7E:2E:FD; 2026-04-18 13:36:10; 2026-04-18 13:36:10;-81;2; (not associated) ;;;;;;;;;;
82:4B:C4:5D:31:72; 2026-04-18 13:36:10; 2026-04-18 13:36:10;-75;6; (not associated) ;ASUS 98;Забыть эту сеть;\xA7\xA9\xA7\xD1\xA7\xD2\xA7\xED\xA7\xE4\xA7\xEE \xA7\xEF\xA7\xE4\xA7\xE5 \xA7\xE3\xA7\xD6\xA7\xE4\xA7\xEE;забыть эту сеть;\xA7\xD9\xA7\xD1\xA7\xD2\xA7\xED\xA7\xE4\xA7\xEE \xA7\xEF\xA7\xE4\xA7\xE5 \xA7\xE3\xA7\xD6\xA7\xE4\xA7\xEE;;;;;
46:51:90:AF:BD:9A; 2026-04-18 13:36:11; 2026-04-18 13:36:11;-89;1; (not associated) ;;;;;;;;;;
12:9B:17:BE:F8:1E; 2026-04-18 13:36:12; 2026-04-18 13:36:12;-85;1; (not associated) ;;;;;;;;;;
C2:F9:0E:51:FE:DE; 2026-04-18 13:36:12; 2026-04-18 13:36:12;-85;1; (not associated) ;;;;;;;;;;
46:62:77:BD:B7:39; 2026-04-18 13:36:12; 2026-04-18 13:36:12;-82;1; (not associated) ;;;;;;;;;;
3E:21:54:CC:3E:F4; 2026-04-18 13:36:12; 2026-04-18 13:36:12;-79;1; (not associated) ;;;;;;;;;;
46:58:88:07:6E:8E; 2026-04-18 13:36:13; 2026-04-18 13:36:13;-71;1; (not associated) ;;;;;;;;;;
AE:FE:5B:6C:FF:CE; 2026-04-18 13:36:13; 2026-04-18 13:36:14;-72;4; (not associated) ;;;;;;;;;;
7A:B6:5D:2B:E6:58; 2026-04-18 13:36:13; 2026-04-18 13:36:15;-73;9; (not associated) ;;;;;;;;;;
E6:63:BA:DE:EE:70; 2026-04-18 13:36:13; 2026-04-18 13:36:13;-78;1; (not associated) ;;;;;;;;;;
DA:A1:19:F4:B9:38; 2026-04-18 13:36:14; 2026-04-18 13:36:28;-91;11; (not associated) ;MT_FREE;;;;;;;;;
EA:EA:D0:00:31:15; 2026-04-18 13:36:14; 2026-04-18 13:36:14;-63;5; (not associated) ;;;;;;;;;;
7E:9B:7E:0D:55:16; 2026-04-18 13:36:15; 2026-04-18 13:36:15;-88;1; (not associated) ;;;;;;;;;;
EA:14:48:70:6E:85; 2026-04-18 13:36:15; 2026-04-18 13:36:15;-77;1; (not associated) ;;;;;;;;;;
FA:BD:41:80:C4:A8; 2026-04-18 13:36:15; 2026-04-18 13:36:15;-92;2; (not associated) ;;;;;;;;;;
D6:FF:BE:F4:33:2D; 2026-04-18 13:36:15; 2026-04-18 13:36:15;-83;2; (not associated) ;;;;;;;;;;
DA:3C:D0:B1:91:18; 2026-04-18 13:36:15; 2026-04-18 13:36:15;-76;6; (not associated) ;Compresor Loft;MuseumOfTheFuture;;;;;;;;
0A:3F:AB:65:0B:E1; 2026-04-18 13:36:15; 2026-04-18 13:36:15;-79;2; (not associated) ;;;;;;;;;;
86:C9:DD:26:23:D4; 2026-04-18 13:36:15; 2026-04-18 13:36:15;-84;14; (not associated) ;Keenetic-1630;Keenetic-7431;Keenetic-7853;Museum_G;YDXJ_4789833;Keenetic-0913;;;;
32:C2:38:8A:A4:1D; 2026-04-18 13:36:15; 2026-04-18 13:36:15;-79;2; (not associated) ;;;;;;;;;;
CA:E2:0D:DD:18:03; 2026-04-18 13:36:15; 2026-04-18 13:36:15;-89;2; (not associated) ;;;;;;;;;;
C6:C8:DE:5E:AB:43; 2026-04-18 13:36:16; 2026-04-18 13:36:16;-88;2; (not associated) ;MT_FREE;;;;;;;;;
26:9A:54:2F:D7:6D; 2026-04-18 13:36:16; 2026-04-18 13:36:16;-79;2; (not associated) ;;;;;;;;;;
2A:5A:83:5E:7A:EE; 2026-04-18 13:36:16; 2026-04-18 13:36:16;-89;2; (not associated) ;;;;;;;;;;
C2:1A:24:A4:4E:AE; 2026-04-18 13:36:16; 2026-04-18 13:36:16;-54;2; (not associated) ;;;;;;;;;;
7A:55:B8:ED:25:3C; 2026-04-18 13:36:16; 2026-04-18 13:36:16;-81;1; (not associated) ;;;;;;;;;;
52:95:E3:5F:93:CC; 2026-04-18 13:36:20; 2026-04-18 13:36:20;-84;2; (not associated) ;;;;;;;;;;
66:16:C6:99:A0:60; 2026-04-18 13:36:20; 2026-04-18 13:36:20;-80;2; (not associated) ;;;;;;;;;;
AA:EE:42:70:2C:61; 2026-04-18 13:36:20; 2026-04-18 13:36:20;-76;2; (not associated) ;;;;;;;;;;
E2:73:45:4C:B2:FC; 2026-04-18 13:36:20; 2026-04-18 13:36:20;-90;205; 5C:A4:8A:1E:7A:5E;;;;;;;;;;
9E:3A:44:1E:E3:31; 2026-04-18 13:36:20; 2026-04-18 13:36:20;-77;2; (not associated) ;;;;;;;;;;
92:E2:A8:CB:EC:E7; 2026-04-18 13:36:20; 2026-04-18 13:36:20;-88;2; (not associated) ;;;;;;;;;;
6A:A7:5F:D1:6F:28; 2026-04-18 13:36:21; 2026-04-18 13:36:21;-81;2; (not associated) ;;;;;;;;;;
6A:4D:73:20:4A:77; 2026-04-18 13:36:22; 2026-04-18 13:36:22;-81;2; (not associated) ;WB;;;;;;;;;
92:4E:E9:E3:58:5A; 2026-04-18 13:36:22; 2026-04-18 13:36:22;-81;2; (not associated) ;;;;;;;;;;
1E:A0:48:45:A8:F0; 2026-04-18 13:36:22; 2026-04-18 13:36:22;-91;3; (not associated) ;;;;;;;;;;
00:F1:CA:81:21:65; 2026-04-18 13:36:22; 2026-04-18 13:37:09;-85;26; 41:36:5A:FC:F8:D5;;;;;;;;;;
62:31:CA:13:6B:51; 2026-04-18 13:36:24; 2026-04-18 13:36:24;-47;4; (not associated) ;Beeline_5G_FF4294;DIR-615_EXT2;;;;;;;;
62:0A:47:46:F7:D6; 2026-04-18 13:36:24; 2026-04-18 13:36:24;-87;2; (not associated) ;;;;;;;;;;
DA:D8:AF:B6:D5:BD; 2026-04-18 13:36:24; 2026-04-18 13:36:24;-84;2; (not associated) ;;;;;;;;;;
8E:A6:A0:F5:78:49; 2026-04-18 13:36:24; 2026-04-18 13:36:24;-89;4; (not associated) ;;;;;;;;;;
2E:55:F5:9F:76:6E; 2026-04-18 13:36:24; 2026-04-18 13:36:24;-90;1; (not associated) ;;;;;;;;;;
E2:3A:6C:90:C7:3D; 2026-04-18 13:36:24; 2026-04-18 13:36:24;-89;1; (not associated) ;;;;;;;;;;
2A:1D:C0:D9:CA:DB; 2026-04-18 13:36:25; 2026-04-18 13:36:25;-79;1; (not associated) ;MT_FREE;;;;;;;;;
02:BF:C7:DB:C4:C7; 2026-04-18 13:36:25; 2026-04-18 13:36:25;-92;1; (not associated) ;;;;;;;;;;
EE:3F:B2:5F:ED:24; 2026-04-18 13:36:25; 2026-04-18 13:36:25;-66;2; (not associated) ;;;;;;;;;;
A2:3C:27:2A:C0:3E; 2026-04-18 13:36:25; 2026-04-18 13:36:25;-93;1; (not associated) ;;;;;;;;;;
5A:17:2E:F2:02:AE; 2026-04-18 13:36:25; 2026-04-18 13:36:25;-91;1; (not associated) ;;;;;;;;;;
82:3E:EB:35:0E:AD; 2026-04-18 13:36:25; 2026-04-18 13:36:25;-92;2; (not associated) ;;;;;;;;;;
BE:76:2B:A0:49:4D; 2026-04-18 13:36:25; 2026-04-18 13:36:25;-62;2; (not associated) ;;;;;;;;;;
66:5F:56:CD:44:19; 2026-04-18 13:36:26; 2026-04-18 13:36:26;-85;4; (not associated) ;;;;;;;;;;
3E:29:85:BE:5B:CE; 2026-04-18 13:36:26; 2026-04-18 13:36:26;-63;2; (not associated) ;;;;;;;;;;
02:95:66:4A:77:41; 2026-04-18 13:36:26; 2026-04-18 13:36:26;-88;1; (not associated) ;;;;;;;;;;
BE:E6:09:88:B7:5D; 2026-04-18 13:36:26; 2026-04-18 13:36:26;-72;2; (not associated) ;;;;;;;;;;
82:41:C9:3B:EA:AC; 2026-04-18 13:36:26; 2026-04-18 13:36:26;-42;2; (not associated) ;;;;;;;;;;
F2:81:45:13:23:07; 2026-04-18 13:36:26; 2026-04-18 13:36:26;-74;2; (not associated) ;Innbox-internet-165b60;;;;;;;;;
4E:12:5C:7D:80:36; 2026-04-18 13:36:26; 2026-04-18 13:36:27;-90;5; (not associated) ;IMPERIAL2011_ulitsa;dydyka_5G;;;;;;;;
46:D8:FD:5C:0B:CC; 2026-04-18 13:36:27; 2026-04-18 13:36:27;-83;1; (not associated) ;;;;;;;;;;
F2:DB:F6:4D:47:74; 2026-04-18 13:36:27; 2026-04-18 13:36:27;-77;1; (not associated) ;;;;;;;;;;
F6:5C:2F:A1:8E:85; 2026-04-18 13:36:27; 2026-04-18 13:36:27;-86;1; (not associated) ;;;;;;;;;;
46:8E:00:18:88:3B; 2026-04-18 13:36:27; 2026-04-18 13:36:27;-67;1; (not associated) ;;;;;;;;;;
5A:6E:1D:FA:55:89; 2026-04-18 13:36:29; 2026-04-18 13:36:29;-76;2; (not associated) ;;;;;;;;;;
62:13:E8:23:61:38; 2026-04-18 13:36:30; 2026-04-18 13:36:30;-73;1; (not associated) ;;;;;;;;;;
0A:C6:1A:8C:97:14; 2026-04-18 13:36:30; 2026-04-18 13:36:30;-88;1; (not associated) ;;;;;;;;;;
A6:36:C0:D8:10:D3; 2026-04-18 13:36:30; 2026-04-18 13:36:30;-69;1; (not associated) ;;;;;;;;;;
CA:7B:02:5F:CC:5B; 2026-04-18 13:36:30; 2026-04-18 13:36:30;-88;2; (not associated) ;;;;;;;;;;
66:57:6E:19:52:B0; 2026-04-18 13:36:30; 2026-04-18 13:36:30;-82;2; (not associated) ;;;;;;;;;;
FA:20:22:46:A6:65; 2026-04-18 13:36:30; 2026-04-18 13:36:30;-89;1; (not associated) ;;;;;;;;;;
56:09:21:E4:E8:AF; 2026-04-18 13:36:30; 2026-04-18 13:36:30;-86;2; (not associated) ;;;;;;;;;;
BE:81:DC:FD:62:4E; 2026-04-18 13:36:30; 2026-04-18 13:36:30;-91;1; (not associated) ;;;;;;;;;;
A2:FF:51:1B:42:F8; 2026-04-18 13:36:30; 2026-04-18 13:36:30;-68;2; (not associated) ;;;;;;;;;;
2A:3D:6D:9C:32:2D; 2026-04-18 13:36:31; 2026-04-18 13:36:31;-74;3; (not associated) ;;;;;;;;;;
4E:F6:69:78:AB:BE; 2026-04-18 13:36:31; 2026-04-18 13:36:31;-88;2; (not associated) ;;;;;;;;;;
6E:06:79:98:82:90; 2026-04-18 13:36:31; 2026-04-18 13:36:31;-86;2; (not associated) ;;;;;;;;;;
0E:DC:DF:08:4D:77; 2026-04-18 13:36:31; 2026-04-18 13:36:31;-82;2; (not associated) ;;;;;;;;;;
3E:F8:09:0C:39:8A; 2026-04-18 13:36:31; 2026-04-18 13:36:31;-82;2; (not associated) ;;;;;;;;;;
BE:9B:09:58:8A:27; 2026-04-18 13:36:31; 2026-04-18 13:36:31;-90;2; (not associated) ;;;;;;;;;;
F6:DB:16:98:A1:B4; 2026-04-18 13:36:31; 2026-04-18 13:36:32;-90;4; (not associated) ;;;;;;;;;;
16:DD:BF:27:EE:44; 2026-04-18 13:36:31; 2026-04-18 13:36:31;-85;2; (not associated) ;;;;;;;;;;
DE:91:54:8E:51:AB; 2026-04-18 13:36:31; 2026-04-18 13:36:47;-87;4; 00:25:00:FF:94:73;;;;;;;;;;
E6:04:15:10:D8:73; 2026-04-18 13:36:31; 2026-04-18 13:36:31;-80;2; (not associated) ;;;;;;;;;;
4E:2D:DC:95:FE:E4; 2026-04-18 13:36:31; 2026-04-18 13:36:31;-65;1; (not associated) ;;;;;;;;;;
7A:D0:15:D3:E5:F3; 2026-04-18 13:36:31; 2026-04-18 13:36:31;-67;1; (not associated) ;;;;;;;;;;
A2:F0:17:6E:7C:D3; 2026-04-18 13:36:31; 2026-04-18 13:36:31;-89;2; (not associated) ;;;;;;;;;;
B2:48:16:A8:36:4F; 2026-04-18 13:36:31; 2026-04-18 13:36:31;-75;2; (not associated) ;;;;;;;;;;
BA:B7:13:B6:18:97; 2026-04-18 13:36:31; 2026-04-18 13:36:31;-73;2; (not associated) ;Megalink_50250;;;;;;;;;
16:CF:A4:39:10:8F; 2026-04-18 13:36:31; 2026-04-18 13:36:31;-73;2; (not associated) ;SNR-CPE-1C2D;;;;;;;;;
8E:09:10:11:42:C7; 2026-04-18 13:36:31; 2026-04-18 13:36:31;-87;1; (not associated) ;;;;;;;;;;
52:DB:E7:F7:77:39; 2026-04-18 13:36:31; 2026-04-18 13:36:32;-84;2; (not associated) ;;;;;;;;;;
1A:D5:DF:20:00:B5; 2026-04-18 13:36:32; 2026-04-18 13:36:32;-58;2; (not associated) ;;;;;;;;;;
4A:2B:62:94:13:81; 2026-04-18 13:36:32; 2026-04-18 13:36:32;-91;3; (not associated) ;;;;;;;;;;
BA:CC:C9:97:0B:A0; 2026-04-18 13:36:32; 2026-04-18 13:37:02;-89;4; 50:1C:BF:F9:B8:2E;;;;;;;;;;
6E:A3:EF:FB:70:07; 2026-04-18 13:36:32; 2026-04-18 13:36:32;-88;1; (not associated) ;;;;;;;;;;
6E:35:02:F6:22:E1; 2026-04-18 13:36:32; 2026-04-18 13:36:32;-82;1; (not associated) ;;;;;;;;;;
82:C1:0A:80:6D:13; 2026-04-18 13:36:32; 2026-04-18 13:36:32;-80;3; (not associated) ;;;;;;;;;;
C2:E2:8B:60:54:84; 2026-04-18 13:36:32; 2026-04-18 13:36:32;-86;14; (not associated) ;MT_FREE;Galwf;Laguna;"POCO 4""С""";"POCO 4\""\xA7\xB3\""";RT-5GPON-3590;;;;
66:09:B9:61:2B:4B; 2026-04-18 13:36:32; 2026-04-18 13:36:32;-75;1; (not associated) ;;;;;;;;;;
6E:A5:27:F0:31:20; 2026-04-18 13:36:32; 2026-04-18 13:36:32;-89;2; (not associated) ;;;;;;;;;;
F2:10:0B:F4:BC:16; 2026-04-18 13:36:34; 2026-04-18 13:36:34;-78;3; (not associated) ;;;;;;;;;;
52:37:18:36:F1:4B; 2026-04-18 13:36:34; 2026-04-18 13:36:34;-87;2; (not associated) ;;;;;;;;;;
72:9F:59:AF:8B:F4; 2026-04-18 13:36:34; 2026-04-18 13:36:34;-80;2; (not associated) ;;;;;;;;;;
0A:37:2A:09:AF:54; 2026-04-18 13:36:34; 2026-04-18 13:36:34;-82;1; (not associated) ;;;;;;;;;;
52:01:10:95:60:B2; 2026-04-18 13:36:36; 2026-04-18 13:36:36;-84;6; (not associated) ;STA CAR;TP-Link_9126;;;;;;;;
62:F6:B3:BF:4E:BE; 2026-04-18 13:36:36; 2026-04-18 13:36:36;-76;6; (not associated) ;Compresor Loft;MuseumOfTheFuture;;;;;;;;
00:F1:CA:80:FE:D2; 2026-04-18 13:36:40; 2026-04-18 13:37:26;-59;24; 41:36:5A:FC:F8:D5;;;;;;;;;;
CE:35:CA:F4:AF:A1; 2026-04-18 13:36:40; 2026-04-18 13:36:40;-84;2; (not associated) ;;;;;;;;;;
C6:84:F4:91:7C:84; 2026-04-18 13:36:40; 2026-04-18 13:36:40;-81;2; (not associated) ;;;;;;;;;;
DE:28:6B:D7:A8:0F; 2026-04-18 13:36:40; 2026-04-18 13:36:40;-89;1; (not associated) ;;;;;;;;;;
0A:24:F8:88:5F:59; 2026-04-18 13:36:40; 2026-04-18 13:36:40;-91;2; (not associated) ;;;;;;;;;;
BE:0E:AE:A7:E7:D9; 2026-04-18 13:36:40; 2026-04-18 13:36:40;-91;1; (not associated) ;;;;;;;;;;
56:82:01:7A:5B:A0; 2026-04-18 13:36:40; 2026-04-18 13:36:40;-79;6; (not associated) ;ASUS 98;Забыть эту сеть;\xA7\xA9\xA7\xD1\xA7\xD2\xA7\xED\xA7\xE4\xA7\xEE \xA7\xEF\xA7\xE4\xA7\xE5 \xA7\xE3\xA7\xD6\xA7\xE4\xA7\xEE;забыть эту сеть;\xA7\xD9\xA7\xD1\xA7\xD2\xA7\xED\xA7\xE4\xA7\xEE \xA7\xEF\xA7\xE4\xA7\xE5 \xA7\xE3\xA7\xD6\xA7\xE4\xA7\xEE;;;;;
F6:67:EF:9A:3C:C5; 2026-04-18 13:36:41; 2026-04-18 13:36:41;-73;2; (not associated) ;;;;;;;;;;
B6:70:5A:A2:DE:0D; 2026-04-18 13:36:41; 2026-04-18 13:36:41;-89;2; (not associated) ;;;;;;;;;;
BA:2D:14:EF:0D:CF; 2026-04-18 13:36:42; 2026-04-18 13:36:42;-86;3; (not associated) ;;;;;;;;;;
FE:E6:C7:E1:F2:6D; 2026-04-18 13:36:42; 2026-04-18 13:36:42;-71;4; (not associated) ;;;;;;;;;;
02:D9:16:8C:C1:A4; 2026-04-18 13:36:42; 2026-04-18 13:36:42;-64;2; (not associated) ;;;;;;;;;;
E6:FF:85:7E:A7:74; 2026-04-18 13:36:43; 2026-04-18 13:36:43;-70;1; (not associated) ;;;;;;;;;;
BA:76:4F:04:C3:3B; 2026-04-18 13:36:43; 2026-04-18 13:36:44;-58;5; (not associated) ;Beeline_5G_FF4294;DIR-615_EXT2;;;;;;;;
B2:A4:76:64:B4:0A; 2026-04-18 13:36:43; 2026-04-18 13:36:43;-65;1; (not associated) ;;;;;;;;;;
46:1B:4E:9A:27:33; 2026-04-18 13:36:44; 2026-04-18 13:36:44;-61;2; (not associated) ;;;;;;;;;;
AE:8E:C6:6E:5C:A4; 2026-04-18 13:36:44; 2026-04-18 13:36:45;-78;6; (not associated) ;svetik;;;;;;;;;
DA:B8:58:43:83:BC; 2026-04-18 13:36:45; 2026-04-18 13:36:45;-78;2; (not associated) ;;;;;;;;;;
9E:61:4F:31:FA:02; 2026-04-18 13:36:46; 2026-04-18 13:37:01;-85;6; 58:0A:20:0D:2A:0E;;;;;;;;;;
92:12:6B:D3:E6:4A; 2026-04-18 13:36:46; 2026-04-18 13:36:46;-77;2; (not associated) ;;;;;;;;;;
5A:93:60:D8:32:4D; 2026-04-18 13:36:46; 2026-04-18 13:36:46;-1;4; 58:0A:20:0D:2A:0E;;;;;;;;;;
2A:D4:5C:53:CE:EC; 2026-04-18 13:36:46; 2026-04-18 13:36:46;-89;1; (not associated) ;;;;;;;;;;
3E:D5:E3:D9:46:79; 2026-04-18 13:36:46; 2026-04-18 13:36:46;-90;2; (not associated) ;;;;;;;;;;
06:89:4E:57:8C:8E; 2026-04-18 13:36:46; 2026-04-18 13:36:46;-82;2; (not associated) ;;;;;;;;;;
92:5F:F1:F8:9D:80; 2026-04-18 13:36:46; 2026-04-18 13:36:46;-76;2; (not associated) ;;;;;;;;;;
9E:FD:8B:A3:D1:FB; 2026-04-18 13:36:47; 2026-04-18 13:36:47;-57;2; (not associated) ;;;;;;;;;;
F2:A3:E2:10:43:B5; 2026-04-18 13:36:47; 2026-04-18 13:36:47;-80;5; 00:25:00:FF:94:73;;;;;;;;;;
5E:65:F9:AC:B5:96; 2026-04-18 13:36:47; 2026-04-18 13:36:47;-89;5; 00:25:00:FF:94:73;;;;;;;;;;
BE:24:D7:3E:EA:08; 2026-04-18 13:36:47; 2026-04-18 13:36:47;-57;2; (not associated) ;;;;;;;;;;
72:07:47:A7:9D:60; 2026-04-18 13:36:47; 2026-04-18 13:36:47;-85;2; (not associated) ;;;;;;;;;;
66:C9:88:C2:05:C9; 2026-04-18 13:36:47; 2026-04-18 13:36:47;-64;4; (not associated) ;;;;;;;;;;
36:A9:F3:A2:56:1C; 2026-04-18 13:36:47; 2026-04-18 13:36:47;-80;4; (not associated) ;;;;;;;;;;
82:7F:C4:5F:64:9D; 2026-04-18 13:36:47; 2026-04-18 13:36:47;-92;1; (not associated) ;;;;;;;;;;
5A:98:E2:2C:2A:3F; 2026-04-18 13:36:47; 2026-04-18 13:36:47;-86;2; (not associated) ;;;;;;;;;;
52:20:0A:9F:74:C0; 2026-04-18 13:36:47; 2026-04-18 13:36:47;-81;2; (not associated) ;;;;;;;;;;
4A:CB:98:98:D5:DA; 2026-04-18 13:36:48; 2026-04-18 13:36:48;-85;2; (not associated) ;;;;;;;;;;
D6:B1:8F:93:10:8C; 2026-04-18 13:36:49; 2026-04-18 13:36:49;-63;4; (not associated) ;;;;;;;;;;
52:D1:34:3D:47:68; 2026-04-18 13:36:49; 2026-04-18 13:36:49;-89;2; (not associated) ;;;;;;;;;;
16:F2:96:8A:EE:6C; 2026-04-18 13:36:49; 2026-04-18 13:36:49;-79;2; (not associated) ;;;;;;;;;;
E6:F4:B5:B5:CD:EC; 2026-04-18 13:36:49; 2026-04-18 13:36:49;-88;3; (not associated) ;;;;;;;;;;
AE:E7:07:66:98:E7; 2026-04-18 13:36:49; 2026-04-18 13:36:49;-86;6; 58:0A:20:09:9B:8E;;;;;;;;;;
42:C3:44:99:65:A1; 2026-04-18 13:36:53; 2026-04-18 13:36:54;-81;2; (not associated) ;;;;;;;;;;
D6:A8:CF:40:DB:55; 2026-04-18 13:36:54; 2026-04-18 13:36:54;-83;2; (not associated) ;;;;;;;;;;
F6:91:82:20:06:48; 2026-04-18 13:36:55; 2026-04-18 13:36:55;-82;2; (not associated) ;;;;;;;;;;
62:8B:4F:C4:5B:FE; 2026-04-18 13:36:55; 2026-04-18 13:36:55;-77;1; (not associated) ;;;;;;;;;;
3A:B0:5A:8C:25:09; 2026-04-18 13:36:56; 2026-04-18 13:36:56;-81;1; (not associated) ;;;;;;;;;;
66:B5:F7:3C:74:B4; 2026-04-18 13:36:56; 2026-04-18 13:36:56;-82;3; (not associated) ;;;;;;;;;;
1E:38:60:9B:90:2F; 2026-04-18 13:36:56; 2026-04-18 13:36:56;-70;4; (not associated) ;;;;;;;;;;
EE:80:AB:95:1C:01; 2026-04-18 13:36:56; 2026-04-18 13:36:56;-78;1; (not associated) ;;;;;;;;;;
BA:51:16:C9:3B:EB; 2026-04-18 13:36:56; 2026-04-18 13:36:56;-89;5; (not associated) ;Compresor Loft;MuseumOfTheFuture;;;;;;;;
E6:53:BB:CA:39:72; 2026-04-18 13:36:56; 2026-04-18 13:36:56;-92;1; (not associated) ;;;;;;;;;;
62:8F:B5:EB:85:46; 2026-04-18 13:36:57; 2026-04-18 13:36:57;-86;2; (not associated) ;;;;;;;;;;
76:1A:7C:04:D8:14; 2026-04-18 13:36:57; 2026-04-18 13:36:57;-86;1; (not associated) ;;;;;;;;;;
1E:D1:BF:32:AF:8B; 2026-04-18 13:36:57; 2026-04-18 13:37:26;-89;16; 58:0A:20:68:2C:FE;MT_FREE;;;;;;;;;
5E:DE:02:B8:16:CD; 2026-04-18 13:36:57; 2026-04-18 13:36:57;-75;2; (not associated) ;;;;;;;;;;
3E:B9:97:9A:7C:BE; 2026-04-18 13:36:57; 2026-04-18 13:36:57;-78;2; (not associated) ;;;;;;;;;;
3E:A4:1B:FE:8D:D3; 2026-04-18 13:36:57; 2026-04-18 13:36:57;-77;2; (not associated) ;;;;;;;;;;
8E:1D:FB:E7:89:AB; 2026-04-18 13:36:57; 2026-04-18 13:36:57;-90;1; (not associated) ;;;;;;;;;;
D6:8A:8D:63:B9:BA; 2026-04-18 13:36:57; 2026-04-18 13:36:57;-91;1; (not associated) ;;;;;;;;;;
3E:70:17:12:C0:1E; 2026-04-18 13:36:57; 2026-04-18 13:36:57;-75;2; (not associated) ;;;;;;;;;;
BA:F8:4B:B0:4C:DB; 2026-04-18 13:36:57; 2026-04-18 13:36:57;-92;1; (not associated) ;;;;;;;;;;
42:AA:D5:D1:F8:D4; 2026-04-18 13:36:57; 2026-04-18 13:36:57;-93;1; (not associated) ;;;;;;;;;;
6A:69:9A:3B:B3:EB; 2026-04-18 13:36:58; 2026-04-18 13:36:58;-60;2; (not associated) ;;;;;;;;;;
E6:77:57:C3:9D:72; 2026-04-18 13:36:58; 2026-04-18 13:36:58;-78;1; (not associated) ;;;;;;;;;;
76:37:5C:D6:F0:06; 2026-04-18 13:36:58; 2026-04-18 13:36:58;-83;4; (not associated) ;;;;;;;;;;
7E:D4:F0:41:7B:F2; 2026-04-18 13:36:59; 2026-04-18 13:36:59;-84;1; (not associated) ;;;;;;;;;;
86:15:52:88:A1:C8; 2026-04-18 13:36:59; 2026-04-18 13:36:59;-86;1; (not associated) ;;;;;;;;;;
0E:7B:3B:38:91:A9; 2026-04-18 13:36:59; 2026-04-18 13:36:59;-71;1; (not associated) ;;;;;;;;;;
DA:A1:19:FF:4B:29; 2026-04-18 13:36:59; 2026-04-18 13:37:00;-66;8; (not associated) ;ExpressLRS RX;;;;;;;;;
42:61:9E:CA:54:26; 2026-04-18 13:36:59; 2026-04-18 13:36:59;-73;1; (not associated) ;;;;;;;;;;
3E:06:FD:52:40:6D; 2026-04-18 13:36:59; 2026-04-18 13:36:59;-75;2; (not associated) ;;;;;;;;;;
FE:0F:E3:8C:14:09; 2026-04-18 13:36:59; 2026-04-18 13:37:00;-66;5; (not associated) ;;;;;;;;;;
8E:7A:50:9C:37:30; 2026-04-18 13:37:01; 2026-04-18 13:37:01;-83;1; (not associated) ;;;;;;;;;;
2E:85:B9:7C:F9:30; 2026-04-18 13:37:01; 2026-04-18 13:37:01;-86;1; (not associated) ;SNR-CPE-1C2D;;;;;;;;;
D2:55:D7:DF:99:6E; 2026-04-18 13:37:01; 2026-04-18 13:37:01;-85;1; (not associated) ;Megalink_50250;;;;;;;;;
A2:CD:75:7D:3F:CF; 2026-04-18 13:37:01; 2026-04-18 13:37:01;-85;1; (not associated) ;;;;;;;;;;
82:C7:EB:38:7E:FE; 2026-04-18 13:37:01; 2026-04-18 13:37:01;-91;2; (not associated) ;;;;;;;;;;
4E:15:3E:ED:97:C9; 2026-04-18 13:37:01; 2026-04-18 13:37:01;-86;2; (not associated) ;;;;;;;;;;
D6:69:F9:73:CF:6B; 2026-04-18 13:37:01; 2026-04-18 13:37:02;-76;7; (not associated) ;;;;;;;;;;
06:5D:CA:F7:04:F7; 2026-04-18 13:37:01; 2026-04-18 13:37:01;-91;1; (not associated) ;;;;;;;;;;
D2:CC:CA:BE:8F:E6; 2026-04-18 13:37:01; 2026-04-18 13:37:01;-75;2; (not associated) ;;;;;;;;;;
56:D3:A7:8F:14:BC; 2026-04-18 13:37:02; 2026-04-18 13:37:02;-86;2; (not associated) ;;;;;;;;;;
BE:94:A4:45:D7:B9; 2026-04-18 13:37:02; 2026-04-18 13:37:02;-86;2; (not associated) ;;;;;;;;;;
A2:5E:EB:FB:15:5C; 2026-04-18 13:37:02; 2026-04-18 13:37:02;-86;2; (not associated) ;;;;;;;;;;
A2:F4:45:93:8B:F3; 2026-04-18 13:37:02; 2026-04-18 13:37:02;-89;3; 00:25:00:FF:94:73;;;;;;;;;;
3A:E4:A3:EF:39:9E; 2026-04-18 13:37:02; 2026-04-18 13:37:02;-83;2; (not associated) ;;;;;;;;;;
2E:9D:99:5B:B0:64; 2026-04-18 13:37:02; 2026-04-18 13:37:02;-71;2; (not associated) ;;;;;;;;;;
CE:66:E7:29:34:2E; 2026-04-18 13:37:02; 2026-04-18 13:37:48;-69;12; 00:25:00:FF:94:73;;;;;;;;;;
C6:53:6F:B4:F8:C3; 2026-04-18 13:37:03; 2026-04-18 13:37:03;-84;2; (not associated) ;;;;;;;;;;
0E:8B:D7:86:96:9F; 2026-04-18 13:37:03; 2026-04-18 13:37:03;-86;2; (not associated) ;;;;;;;;;;
46:E4:99:41:CA:BA; 2026-04-18 13:37:03; 2026-04-18 13:37:03;-74;2; (not associated) ;;;;;;;;;;
8E:3B:4C:31:08:6E; 2026-04-18 13:37:03; 2026-04-18 13:37:03;-87;2; (not associated) ;;;;;;;;;;
0A:D8:38:17:97:6D; 2026-04-18 13:37:03; 2026-04-18 13:37:03;-72;1; (not associated) ;;;;;;;;;;
E2:F5:D9:C6:E2:00; 2026-04-18 13:37:03; 2026-04-18 13:37:03;-52;6; (not associated) ;Beeline_5G_FF4294;DIR-615_EXT2;;;;;;;;
1A:F0:4B:0F:BB:D9; 2026-04-18 13:37:03; 2026-04-18 13:37:03;-82;2; (not associated) ;;;;;;;;;;
8A:F8:F9:5C:49:69; 2026-04-18 13:37:03; 2026-04-18 13:37:03;-73;2; (not associated) ;;;;;;;;;;
C6:6F:7C:BA:E7:7C; 2026-04-18 13:37:04; 2026-04-18 13:37:04;-68;4; (not associated) ;;;;;;;;;;
E2:CA:EE:42:71:1B; 2026-04-18 13:37:04; 2026-04-18 13:37:04;-89;2; (not associated) ;;;;;;;;;;
4E:D7:18:AA:F2:27; 2026-04-18 13:37:04; 2026-04-18 13:37:04;-85;2; 58:0A:20:0D:32:8E;;;;;;;;;;
42:7A:80:66:97:19; 2026-04-18 13:37:04; 2026-04-18 13:37:04;-69;2; (not associated) ;;;;;;;;;;
32:E4:0C:AE:1C:B2; 2026-04-18 13:37:04; 2026-04-18 13:37:04;-73;2; (not associated) ;svetik;;;;;;;;;
7E:A3:A0:82:FA:5E; 2026-04-18 13:37:04; 2026-04-18 13:37:22;-67;50; (not associated) ;convex;minlix;Синяя Птица;((lovit));   ASUS-126; ASUS-126;@'7;ASUS-126;ASUS126;MT_FREE
BA:80:52:B6:3D:3F; 2026-04-18 13:37:05; 2026-04-18 13:37:05;-86;2; (not associated) ;;;;;;;;;;
D2:DF:A2:B6:F3:7F; 2026-04-18 13:37:09; 2026-04-18 13:37:09;-90;2; (not associated) ;;;;;;;;;;
AE:A4:32:B2:32:E4; 2026-04-18 13:37:10; 2026-04-18 13:37:10;-92;4; (not associated) ;ASUS 98;Забыть эту сеть;забыть эту сеть;\xA7\xD9\xA7\xD1\xA7\xD2\xA7\xED\xA7\xE4\xA7\xEE \xA7\xEF\xA7\xE4\xA7\xE5 \xA7\xE3\xA7\xD6\xA7\xE4\xA7\xEE;;;;;;
5A:67:06:B9:F5:D9; 2026-04-18 13:37:11; 2026-04-18 13:37:11;-61;1; (not associated) ;;;;;;;;;;
96:D5:B4:D6:A0:70; 2026-04-18 13:37:11; 2026-04-18 13:37:11;-92;2; (not associated) ;Shkodina_Thai;;;;;;;;;
1A:61:3B:2A:5D:6B; 2026-04-18 13:37:11; 2026-04-18 13:37:11;-79;2; (not associated) ;;;;;;;;;;
C2:E0:C0:59:12:21; 2026-04-18 13:37:11; 2026-04-18 13:37:11;-89;1; (not associated) ;;;;;;;;;;
1A:9F:A6:04:31:81; 2026-04-18 13:37:11; 2026-04-18 13:37:11;-92;2; (not associated) ;;;;;;;;;;
7A:CC:B3:90:F8:22; 2026-04-18 13:37:11; 2026-04-18 13:38:49;-84;15; 06:1F:02:19:48:C0;;;;;;;;;;
EA:E1:BC:25:E5:30; 2026-04-18 13:37:12; 2026-04-18 13:37:12;-89;2; (not associated) ;;;;;;;;;;
F2:47:2D:33:A1:A5; 2026-04-18 13:37:12; 2026-04-18 13:37:12;-78;4; (not associated) ;;;;;;;;;;
42:B3:E7:16:FA:DC; 2026-04-18 13:37:12; 2026-04-18 13:37:12;-64;2; (not associated) ;;;;;;;;;;
AE:32:82:57:00:AD; 2026-04-18 13:37:12; 2026-04-18 13:37:12;-89;2; (not associated) ;;;;;;;;;;
76:ED:A5:BC:54:59; 2026-04-18 13:37:13; 2026-04-18 13:37:13;-73;4; (not associated) ;;;;;;;;;;
6E:C0:3E:95:4B:3A; 2026-04-18 13:37:13; 2026-04-18 13:37:13;-78;1; (not associated) ;;;;;;;;;;
18:CE:94:D1:4B:64; 2026-04-18 13:37:13; 2026-04-18 13:37:13;-74;1; (not associated) ;;;;;;;;;;
A6:48:AC:0E:78:0D; 2026-04-18 13:37:13; 2026-04-18 13:37:13;-87;2; (not associated) ;;;;;;;;;;
22:04:90:8B:15:0C; 2026-04-18 13:37:14; 2026-04-18 13:37:14;-65;1; (not associated) ;;;;;;;;;;
02:BD:AA:77:9D:A1; 2026-04-18 13:37:14; 2026-04-18 13:37:14;-73;1; (not associated) ;;;;;;;;;;
3A:20:77:E4:B6:39; 2026-04-18 13:37:15; 2026-04-18 13:37:15;-90;1; (not associated) ;;;;;;;;;;
BE:38:10:7C:A9:A0; 2026-04-18 13:37:15; 2026-04-18 13:37:15;-83;1; (not associated) ;;;;;;;;;;
6A:85:F7:A6:51:94; 2026-04-18 13:37:15; 2026-04-18 13:37:15;-73;1; (not associated) ;;;;;;;;;;
82:D8:89:B7:4C:95; 2026-04-18 13:37:15; 2026-04-18 13:37:15;-74;1; (not associated) ;;;;;;;;;;
86:BE:A7:27:19:05; 2026-04-18 13:37:15; 2026-04-18 13:37:15;-58;2; (not associated) ;;;;;;;;;;
E2:AC:7A:74:44:20; 2026-04-18 13:37:15; 2026-04-18 13:37:15;-79;1; (not associated) ;;;;;;;;;;
86:92:A5:CA:93:1A; 2026-04-18 13:37:15; 2026-04-18 13:37:15;-78;1; (not associated) ;;;;;;;;;;
A2:AD:E1:B8:1E:24; 2026-04-18 13:37:15; 2026-04-18 13:37:15;-74;1; (not associated) ;;;;;;;;;;
3A:0C:C6:E3:8B:4F; 2026-04-18 13:37:15; 2026-04-18 13:37:15;-74;1; (not associated) ;;;;;;;;;;
FE:1D:4A:EC:FF:E9; 2026-04-18 13:37:15; 2026-04-18 13:37:16;-79;4; (not associated) ;Compresor Loft;;;;;;;;;
AA:20:84:26:E3:F3; 2026-04-18 13:37:16; 2026-04-18 13:37:17;-82;6; (not associated) ;;;;;;;;;;
8E:FC:E3:90:6E:07; 2026-04-18 13:37:16; 2026-04-18 13:37:16;-86;3; (not associated) ;;;;;;;;;;
4E:B6:2A:71:11:F2; 2026-04-18 13:37:17; 2026-04-18 13:37:17;-91;4; (not associated) ;;;;;;;;;;
C2:74:8A:AB:9A:E4; 2026-04-18 13:37:17; 2026-04-18 13:37:17;-89;4; (not associated) ;;;;;;;;;;
E6:79:48:5F:A7:23; 2026-04-18 13:37:17; 2026-04-18 13:37:17;-82;2; (not associated) ;;;;;;;;;;
0A:D9:1A:27:77:3E; 2026-04-18 13:37:17; 2026-04-18 13:37:18;-1;5; 58:0A:20:68:2C:FE;;;;;;;;;;
1A:A1:2F:EB:EA:54; 2026-04-18 13:37:18; 2026-04-18 13:37:18;-62;2; (not associated) ;;;;;;;;;;
3A:B3:42:FA:A5:1A; 2026-04-18 13:37:18; 2026-04-18 13:37:18;-87;2; (not associated) ;;;;;;;;;;
CA:1D:1E:42:6B:2D; 2026-04-18 13:37:18; 2026-04-18 13:37:18;-87;1; (not associated) ;;;;;;;;;;
3A:01:41:24:A2:20; 2026-04-18 13:37:18; 2026-04-18 13:37:18;-83;3; (not associated) ;Edimax;MW42V_698F;;;;;;;;
CE:B3:4F:29:71:F5; 2026-04-18 13:37:19; 2026-04-18 13:37:19;-57;1; (not associated) ;;;;;;;;;;
2E:19:5C:66:A1:B5; 2026-04-18 13:37:20; 2026-04-18 13:37:20;-89;1; (not associated) ;;;;;;;;;;
8A:57:4D:75:C8:67; 2026-04-18 13:37:26; 2026-04-18 13:37:26;-61;2; (not associated) ;;;;;;;;;;
02:2F:94:B4:53:67; 2026-04-18 13:37:26; 2026-04-18 13:37:26;-60;1; (not associated) ;;;;;;;;;;
34:B9:8D:A3:DD:05; 2026-04-18 13:37:26; 2026-04-18 13:37:26;-93;2; (not associated) ;;;;;;;;;;
6E:31:5D:47:EA:89; 2026-04-18 13:37:26; 2026-04-18 13:37:26;-92;2; (not associated) ;;;;;;;;;;
2A:DE:5E:D5:6E:DC; 2026-04-18 13:37:29; 2026-04-18 13:37:29;-70;2; (not associated) ;;;;;;;;;;
4A:FE:68:AB:05:56; 2026-04-18 13:37:29; 2026-04-18 13:37:29;-63;2; (not associated) ;;;;;;;;;;
16:4A:96:8A:5D:23; 2026-04-18 13:37:29; 2026-04-18 13:37:29;-82;2; (not associated) ;;;;;;;;;;
66:44:A8:27:84:E5; 2026-04-18 13:37:29; 2026-04-18 13:37:29;-78;4; (not associated) ;;;;;;;;;;
3E:C8:06:34:53:6B; 2026-04-18 13:37:29; 2026-04-18 13:37:29;-58;4; (not associated) ;;;;;;;;;;
8A:05:82:65:E2:AB; 2026-04-18 13:37:29; 2026-04-18 13:37:29;-65;3; (not associated) ;;;;;;;;;;
9E:DA:DC:8D:82:B9; 2026-04-18 13:37:29; 2026-04-18 13:37:29;-61;3; (not associated) ;((lovit));DegZal;;;;;;;;
8E:3B:45:94:E3:4A; 2026-04-18 13:37:29; 2026-04-18 13:37:29;-94;1; (not associated) ;;;;;;;;;;
A6:9B:B4:3D:54:02; 2026-04-18 13:37:29; 2026-04-18 13:37:29;-63;2; (not associated) ;;;;;;;;;;
FA:A6:53:BD:CD:23; 2026-04-18 13:37:29; 2026-04-18 13:37:29;-80;2; (not associated) ;;;;;;;;;;
D6:74:06:6D:29:77; 2026-04-18 13:37:29; 2026-04-18 13:37:29;-84;2; (not associated) ;;;;;;;;;;
EE:58:60:A2:20:BC; 2026-04-18 13:37:29; 2026-04-18 13:37:29;-65;6; (not associated) ;;;;;;;;;;
CE:20:C6:49:47:47; 2026-04-18 13:37:29; 2026-04-18 13:37:29;-73;2; (not associated) ;MT_FREE;;;;;;;;;
32:9E:77:D9:F6:22; 2026-04-18 13:37:29; 2026-04-18 13:37:29;-65;2; (not associated) ;;;;;;;;;;
72:71:BA:EB:D3:22; 2026-04-18 13:37:29; 2026-04-18 13:37:29;-67;1; (not associated) ;;;;;;;;;;
42:84:95:3A:B1:FF; 2026-04-18 13:37:30; 2026-04-18 13:37:30;-60;7; (not associated) ;;;;;;;;;;
2A:F0:62:99:D7:70; 2026-04-18 13:37:30; 2026-04-18 13:37:30;-85;1; (not associated) ;;;;;;;;;;
E2:F5:6D:F7:35:AE; 2026-04-18 13:37:30; 2026-04-18 13:37:30;-89;1; (not associated) ;;;;;;;;;;
1E:50:55:B6:97:A1; 2026-04-18 13:37:30; 2026-04-18 13:37:30;-54;2; (not associated) ;;;;;;;;;;
0A:43:00:FF:2D:73; 2026-04-18 13:37:30; 2026-04-18 13:37:31;-71;8; (not associated) ;;;;;;;;;;
26:05:97:74:F3:DA; 2026-04-18 13:37:31; 2026-04-18 13:37:31;-67;11; (not associated) ;;;;;;;;;;
D6:34:CC:F0:A7:00; 2026-04-18 13:37:31; 2026-04-18 13:37:31;-63;3; (not associated) ;;;;;;;;;;
92:35:94:71:30:A9; 2026-04-18 13:37:31; 2026-04-18 13:37:31;-76;1; (not associated) ;Lenin35;;;;;;;;;
EE:C9:9D:4B:B0:51; 2026-04-18 13:37:31; 2026-04-18 13:37:31;-63;2; (not associated) ;;;;;;;;;;
A2:AA:75:48:49:A8; 2026-04-18 13:37:31; 2026-04-18 13:37:31;-79;2; (not associated) ;;;;;;;;;;
AE:BC:D1:33:07:C1; 2026-04-18 13:37:31; 2026-04-18 13:37:31;-52;1; (not associated) ;;;;;;;;;;
7A:BA:4B:E2:0B:88; 2026-04-18 13:37:31; 2026-04-18 13:37:31;-86;1; (not associated) ;;;;;;;;;;
5E:D3:4E:AB:D0:A1; 2026-04-18 13:37:31; 2026-04-18 13:37:31;-86;1; (not associated) ;;;;;;;;;;
9A:B0:F8:E4:23:8C; 2026-04-18 13:37:32; 2026-04-18 13:37:32;-80;2; (not associated) ;;;;;;;;;;
2E:D5:29:7A:DB:14; 2026-04-18 13:37:32; 2026-04-18 13:37:32;-64;2; (not associated) ;;;;;;;;;;
AA:B7:35:76:7A:47; 2026-04-18 13:37:32; 2026-04-18 13:37:32;-56;2; (not associated) ;;;;;;;;;;
9A:EC:3D:D4:B4:6A; 2026-04-18 13:37:32; 2026-04-18 13:37:32;-53;2; (not associated) ;;;;;;;;;;
F6:11:19:90:EB:58; 2026-04-18 13:37:33; 2026-04-18 13:37:33;-83;1; (not associated) ;;;;;;;;;;
EA:F5:2F:BF:E0:C5; 2026-04-18 13:37:33; 2026-04-18 13:37:33;-86;2; (not associated) ;;;;;;;;;;
8A:6C:60:85:22:02; 2026-04-18 13:37:33; 2026-04-18 13:37:33;-79;2; (not associated) ;;;;;;;;;;
56:CB:96:70:0C:CC; 2026-04-18 13:37:33; 2026-04-18 13:37:33;-77;2; (not associated) ;;;;;;;;;;
26:03:3C:C2:3D:67; 2026-04-18 13:37:33; 2026-04-18 13:37:33;-57;4; (not associated) ;;;;;;;;;;
1E:EE:A4:79:73:26; 2026-04-18 13:37:33; 2026-04-18 13:37:33;-83;3; (not associated) ;;;;;;;;;;
1E:03:77:A9:81:7C; 2026-04-18 13:37:33; 2026-04-18 13:37:33;-64;2; (not associated) ;;;;;;;;;;
CA:A4:F8:67:B7:FD; 2026-04-18 13:37:33; 2026-04-18 13:37:33;-60;2; (not associated) ;;;;;;;;;;
DA:A1:19:62:DB:CF; 2026-04-18 13:37:34; 2026-04-18 13:37:34;-89;2; (not associated) ;ExpressLRS RX;;;;;;;;;
DA:A1:19:DC:DF:74; 2026-04-18 13:37:34; 2026-04-18 13:37:34;-88;1; (not associated) ;ExpressLRS RX;;;;;;;;;
12:2F:0A:F6:54:7C; 2026-04-18 13:37:34; 2026-04-18 13:37:34;-62;3; (not associated) ;((lovit));DegZal;;;;;;;;
1E:BE:C4:BB:69:66; 2026-04-18 13:37:35; 2026-04-18 13:37:35;-51;2; (not associated) ;;;;;;;;;;
2E:42:7A:19:5A:D2; 2026-04-18 13:37:35; 2026-04-18 13:37:35;-61;2; (not associated) ;;;;;;;;;;
92:77:BC:10:3D:37; 2026-04-18 13:37:40; 2026-04-18 13:37:40;-90;1; (not associated) ;;;;;;;;;;
A2:18:C9:32:5B:79; 2026-04-18 13:37:41; 2026-04-18 13:37:41;-92;1; (not associated) ;;;;;;;;;;
BA:7A:1E:23:4D:E2; 2026-04-18 13:37:41; 2026-04-18 13:37:41;-91;1; (not associated) ;;;;;;;;;;
DE:24:4E:2F:11:11; 2026-04-18 13:37:41; 2026-04-18 13:37:41;-78;2; (not associated) ;;;;;;;;;;
6A:0B:E5:97:3C:09; 2026-04-18 13:37:41; 2026-04-18 13:37:41;-58;3; (not associated) ;Beeline_5G_FF4294;DIR-615_EXT2;;;;;;;;
52:56:7F:60:CB:BB; 2026-04-18 13:37:42; 2026-04-18 13:37:42;-65;2; (not associated) ;;;;;;;;;;
A6:E2:87:93:32:D1; 2026-04-18 13:37:42; 2026-04-18 13:37:42;-81;3; (not associated) ;ELWIFI2;RamSkyWifi;;;;;;;;
92:BE:71:0C:B3:67; 2026-04-18 13:37:42; 2026-04-18 13:37:42;-74;6; (not associated) ;;;;;;;;;;
FE:D6:05:D2:3D:78; 2026-04-18 13:37:42; 2026-04-18 13:37:42;-91;3; (not associated) ;;;;;;;;;;
9E:A3:EF:A4:D1:9E; 2026-04-18 13:37:42; 2026-04-18 13:37:42;-78;2; (not associated) ;;;;;;;;;;
DA:B8:4A:CB:EE:96; 2026-04-18 13:37:42; 2026-04-18 13:37:42;-83;2; (not associated) ;;;;;;;;;;
B6:8B:5A:94:1A:1A; 2026-04-18 13:37:42; 2026-04-18 13:37:42;-91;1; (not associated) ;;;;;;;;;;
E6:16:C8:8D:FA:A8; 2026-04-18 13:37:43; 2026-04-18 13:37:43;-91;1; (not associated) ;;;;;;;;;;
46:AC:E9:A7:5C:94; 2026-04-18 13:37:43; 2026-04-18 13:37:43;-61;2; (not associated) ;;;;;;;;;;
1E:20:46:10:AE:4B; 2026-04-18 13:37:43; 2026-04-18 13:37:43;-74;2; (not associated) ;;;;;;;;;;
56:EF:17:3C:32:AF; 2026-04-18 13:37:44; 2026-04-18 13:37:44;-78;1; (not associated) ;;;;;;;;;;
F2:67:65:7E:88:A3; 2026-04-18 13:37:44; 2026-04-18 13:37:44;-77;1; (not associated) ;;;;;;;;;;
AA:51:6D:83:0A:DD; 2026-04-18 13:37:44; 2026-04-18 13:37:44;-83;1; (not associated) ;;;;;;;;;;
E2:71:F2:CC:C8:89; 2026-04-18 13:37:44; 2026-04-18 13:37:44;-77;1; (not associated) ;;;;;;;;;;
8E:21:87:0F:C1:D9; 2026-04-18 13:37:44; 2026-04-18 13:37:44;-79;1; (not associated) ;;;;;;;;;;
3A:69:C6:42:26:05; 2026-04-18 13:37:44; 2026-04-18 13:37:44;-77;2; (not associated) ;;;;;;;;;;
E2:61:52:E5:B8:AB; 2026-04-18 13:37:44; 2026-04-18 13:37:45;-79;3; (not associated) ;;;;;;;;;;
82:04:71:C9:5A:64; 2026-04-18 13:37:45; 2026-04-18 13:37:45;-64;3; (not associated) ;;;;;;;;;;
5A:7E:10:BF:35:63; 2026-04-18 13:37:47; 2026-04-18 13:37:47;-57;6; (not associated) ;;;;;;;;;;
32:E3:CB:58:3F:2F; 2026-04-18 13:37:47; 2026-04-18 13:37:47;-92;1; (not associated) ;;;;;;;;;;
9E:57:C5:5E:EF:01; 2026-04-18 13:37:47; 2026-04-18 13:37:47;-83;2; (not associated) ;;;;;;;;;;
EE:D3:FC:3B:D9:09; 2026-04-18 13:37:47; 2026-04-18 13:37:48;-82;3; (not associated) ;;;;;;;;;;
2A:DD:A6:27:0A:AA; 2026-04-18 13:37:48; 2026-04-18 13:37:48;-91;1; (not associated) ;;;;;;;;;;
E2:DA:D7:5B:24:BD; 2026-04-18 13:37:48; 2026-04-18 13:37:48;-53;2; (not associated) ;;;;;;;;;;
C6:52:61:80:0C:31; 2026-04-18 13:37:48; 2026-04-18 13:37:48;-80;1; (not associated) ;;;;;;;;;;
FE:1F:7C:94:4B:05; 2026-04-18 13:37:48; 2026-04-18 13:38:50;-83;30; 00:25:00:FF:94:73;;;;;;;;;;
3A:05:7F:87:26:C4; 2026-04-18 13:37:48; 2026-04-18 13:37:48;-83;2; (not associated) ;;;;;;;;;;
92:C1:EA:7F:97:4E; 2026-04-18 13:37:48; 2026-04-18 13:37:48;-89;1; (not associated) ;;;;;;;;;;
46:AD:1B:B1:E3:B7; 2026-04-18 13:37:48; 2026-04-18 13:37:48;-84;2; (not associated) ;;;;;;;;;;
7A:7D:B1:9D:27:FF; 2026-04-18 13:37:48; 2026-04-18 13:37:49;-83;2; (not associated) ;;;;;;;;;;
DE:48:56:AD:5A:66; 2026-04-18 13:37:49; 2026-04-18 13:37:49;-90;1; (not associated) ;;;;;;;;;;
0A:18:49:00:C8:7C; 2026-04-18 13:37:49; 2026-04-18 13:37:49;-82;1; (not associated) ;;;;;;;;;;
72:C9:44:76:6E:CA; 2026-04-18 13:37:49; 2026-04-18 13:37:49;-88;4; (not associated) ;;;;;;;;;;
92:56:5F:90:35:E9; 2026-04-18 13:37:49; 2026-04-18 13:37:49;-56;2; (not associated) ;;;;;;;;;;
62:6F:D7:CA:3B:49; 2026-04-18 13:37:50; 2026-04-18 13:37:50;-89;1; (not associated) ;;;;;;;;;;
FE:71:BA:32:C7:77; 2026-04-18 13:37:52; 2026-04-18 13:37:52;-92;4; (not associated) ;DegZal;convex;Синяя Птица;((lovit));;;;;;
62:C5:BE:A7:77:F0; 2026-04-18 13:37:53; 2026-04-18 13:37:53;-73;2; (not associated) ;;;;;;;;;;
D6:72:74:56:C2:30; 2026-04-18 13:37:57; 2026-04-18 13:37:57;-79;2; (not associated) ;;;;;;;;;;
52:F5:A1:EB:8A:7F; 2026-04-18 13:37:57; 2026-04-18 13:37:57;-70;2; (not associated) ;;;;;;;;;;
F6:A2:47:08:FF:52; 2026-04-18 13:37:57; 2026-04-18 13:37:57;-77;2; (not associated) ;;;;;;;;;;
A0:56:2C:76:2D:A2; 2026-04-18 13:37:57; 2026-04-18 13:38:15;-80;3; (not associated) ;;;;;;;;;;
BE:DF:19:35:10:A2; 2026-04-18 13:37:58; 2026-04-18 13:37:58;-81;2; (not associated) ;;;;;;;;;;
D6:FC:1D:8D:CB:9B; 2026-04-18 13:37:58; 2026-04-18 13:37:58;-91;2; (not associated) ;;;;;;;;;;
EE:EA:F6:DF:7A:EC; 2026-04-18 13:37:59; 2026-04-18 13:37:59;-88;2; (not associated) ;;;;;;;;;;
D2:6F:6C:F0:A3:76; 2026-04-18 13:38:02; 2026-04-18 13:38:02;-62;8; (not associated) ;Beeline_5G_FF4294;DIR-615_EXT2;;;;;;;;
06:CF:9F:E0:E6:B2; 2026-04-18 13:38:02; 2026-04-18 13:38:02;-57;6; (not associated) ;Beeline_5G_FF4294;DIR-615_EXT2;;;;;;;;
42:C1:80:CF:32:9D; 2026-04-18 13:38:02; 2026-04-18 13:38:03;-78;3; (not associated) ;;;;;;;;;;
D6:B7:05:82:A7:FE; 2026-04-18 13:38:03; 2026-04-18 13:38:03;-81;2; (not associated) ;;;;;;;;;;
8E:41:C7:60:6B:9A; 2026-04-18 13:38:03; 2026-04-18 13:38:03;-73;2; (not associated) ;;;;;;;;;;
7A:4F:62:9B:09:7A; 2026-04-18 13:38:03; 2026-04-18 13:38:03;-67;2; (not associated) ;;;;;;;;;;
32:4F:AB:9B:7E:D9; 2026-04-18 13:38:03; 2026-04-18 13:38:03;-66;2; (not associated) ;;;;;;;;;;
FA:A1:68:94:5D:DD; 2026-04-18 13:38:03; 2026-04-18 13:38:03;-91;2; (not associated) ;;;;;;;;;;
6A:AB:62:8F:1F:1A; 2026-04-18 13:38:04; 2026-04-18 13:38:04;-89;3; 00:25:00:FF:94:73;;;;;;;;;;
8E:D9:5B:C6:0E:D2; 2026-04-18 13:38:04; 2026-04-18 13:38:04;-84;1; (not associated) ;;;;;;;;;;
BA:C9:59:9B:09:32; 2026-04-18 13:38:04; 2026-04-18 13:38:04;-77;2; (not associated) ;;;;;;;;;;
4A:5C:14:B6:61:35; 2026-04-18 13:38:12; 2026-04-18 13:38:12;-89;1; (not associated) ;CIP Business Lounge;;;;;;;;;
16:64:CB:E3:29:02; 2026-04-18 13:38:12; 2026-04-18 13:38:12;-87;1; (not associated) ;;;;;;;;;;
92:49:A4:FE:5F:E6; 2026-04-18 13:38:12; 2026-04-18 13:38:12;-91;1; (not associated) ;;;;;;;;;;
22:8E:21:1E:A7:FC; 2026-04-18 13:38:13; 2026-04-18 13:38:13;-89;1; (not associated) ;;;;;;;;;;
2A:7B:CE:5E:C7:F1; 2026-04-18 13:38:13; 2026-04-18 13:38:13;-82;1; (not associated) ;;;;;;;;;;
6E:BB:4F:3D:CC:A6; 2026-04-18 13:38:13; 2026-04-18 13:38:13;-83;1; (not associated) ;;;;;;;;;;
3A:26:18:69:05:EF; 2026-04-18 13:38:14; 2026-04-18 13:38:14;-90;2; (not associated) ;;;;;;;;;;
12:CF:F1:14:37:62; 2026-04-18 13:38:14; 2026-04-18 13:38:14;-92;2; (not associated) ;;;;;;;;;;
56:86:9B:75:3D:BA; 2026-04-18 13:38:16; 2026-04-18 13:38:16;-78;2; (not associated) ;;;;;;;;;;
52:14:18:AB:35:A3; 2026-04-18 13:38:17; 2026-04-18 13:38:18;-73;3; (not associated) ;;;;;;;;;;
FE:33:0C:C0:9A:24; 2026-04-18 13:38:17; 2026-04-18 13:38:17;-83;1; (not associated) ;;;;;;;;;;
5E:41:90:C2:19:73; 2026-04-18 13:38:18; 2026-04-18 13:38:18;-80;2; (not associated) ;;;;;;;;;;
8A:42:1A:28:87:58; 2026-04-18 13:38:18; 2026-04-18 13:38:18;-88;1; (not associated) ;;;;;;;;;;
E6:B8:19:F9:80:D8; 2026-04-18 13:38:19; 2026-04-18 13:38:19;-89;12; (not associated) ;Beeline5G_108;Delfin Free WiFi;Keenetic-1405;MTS_Router_196588;Olhovaya;;;;;
9A:C2:CF:CC:78:0C; 2026-04-18 13:38:19; 2026-04-18 13:38:35;-80;6; 00:25:00:FF:94:73;;;;;;;;;;
BE:02:39:88:DA:ED; 2026-04-18 13:38:20; 2026-04-18 13:38:20;-78;2; (not associated) ;;;;;;;;;;
FA:2D:20:9B:A0:5E; 2026-04-18 13:38:20; 2026-04-18 13:38:20;-88;2; (not associated) ;;;;;;;;;;
26:A2:18:45:75:D5; 2026-04-18 13:38:22; 2026-04-18 13:38:22;-89;4; (not associated) ;mgts147;;;;;;;;;
00:F1:CA:81:20:B1; 2026-04-18 13:38:27; 2026-04-18 13:38:28;-89;7; 41:36:5A:FC:F8:D5;;;;;;;;;;
82:B7:04:B4:C4:AD; 2026-04-18 13:38:28; 2026-04-18 13:38:28;-81;1; (not associated) ;;;;;;;;;;
AA:7A:F9:33:E3:CA; 2026-04-18 13:38:28; 2026-04-18 13:38:28;-83;1; (not associated) ;;;;;;;;;;
4A:DD:9C:64:89:DB; 2026-04-18 13:38:28; 2026-04-18 13:38:29;-90;2; (not associated) ;;;;;;;;;;
F2:39:6C:B6:F3:E0; 2026-04-18 13:38:29; 2026-04-18 13:38:29;-82;1; (not associated) ;;;;;;;;;;
F2:84:B5:57:B6:1B; 2026-04-18 13:38:29; 2026-04-18 13:38:29;-82;1; (not associated) ;;;;;;;;;;
7E:FA:9F:7B:E4:D5; 2026-04-18 13:38:33; 2026-04-18 13:38:33;-86;1; (not associated) ;;;;;;;;;;
A6:E2:87:33:4A:0F; 2026-04-18 13:38:34; 2026-04-18 13:38:34;-80;6; (not associated) ;ELWIFI2;RamSkyWifi;;;;;;;;
1A:96:AB:62:EE:85; 2026-04-18 13:38:34; 2026-04-18 13:38:35;-88;8; 00:25:00:FF:94:73;;;;;;;;;;
56:47:45:27:A0:74; 2026-04-18 13:38:35; 2026-04-18 13:38:35;-88;1; (not associated) ;;;;;;;;;;
86:16:BC:BE:66:BE; 2026-04-18 13:38:43; 2026-04-18 13:38:43;-88;2; (not associated) ;;;;;;;;;;
2E:CE:06:B8:53:2A; 2026-04-18 13:38:43; 2026-04-18 13:38:43;-90;2; (not associated) ;mgts147;;;;;;;;;
76:48:0C:80:93:B9; 2026-04-18 13:38:45; 2026-04-18 13:38:45;-88;2; (not associated) ;;;;;;;;;;
52:9D:BE:9B:78:CD; 2026-04-18 13:38:45; 2026-04-18 13:38:45;-84;2; (not associated) ;;;;;;;;;;
A2:6E:31:A8:03:BC; 2026-04-18 13:38:46; 2026-04-18 13:38:46;-69;3; (not associated) ;;;;;;;;;;
26:11:8B:CC:00:7D; 2026-04-18 13:38:48; 2026-04-18 13:38:48;-93;1; (not associated) ;;;;;;;;;;
3A:DF:66:9A:7C:D9; 2026-04-18 13:38:48; 2026-04-18 13:38:48;-69;1; (not associated) ;;;;;;;;;;
BE:C7:97:4D:9D:69; 2026-04-18 13:38:49; 2026-04-18 13:38:49;-70;1; (not associated) ;;;;;;;;;;
96:A8:FD:00:86:C3; 2026-04-18 13:38:49; 2026-04-18 13:38:49;-69;1; (not associated) ;;;;;;;;;;
72:47:7C:92:3E:E4; 2026-04-18 13:38:50; 2026-04-18 13:38:50;-91;2; (not associated) ;CIP Business Lounge;;;;;;;;;
F6:D4:EA:36:DA:E4; 2026-04-18 13:38:50; 2026-04-18 13:38:50;-91;2; (not associated) ;;;;;;;;;;
0E:74:9D:57:EB:49; 2026-04-18 13:38:50; 2026-04-18 13:38:50;-86;1; (not associated) ;;;;;;;;;;
42:FE:32:04:6F:8B; 2026-04-18 13:38:50; 2026-04-18 13:38:50;-65;3; (not associated) ;;;;;;;;;;
16:D2:B7:23:CB:6C; 2026-04-18 13:38:50; 2026-04-18 13:38:50;-82;2; (not associated) ;;;;;;;;;;
A6:E3:29:D8:71:9D; 2026-04-18 13:38:51; 2026-04-18 13:38:51;-84;3; (not associated) ;;;;;;;;;;
76:91:15:F8:17:F8; 2026-04-18 13:38:51; 2026-04-18 13:38:51;-80;2; (not associated) ;;;;;;;;;;
D6:BF:7D:B8:8E:60; 2026-04-18 13:38:52; 2026-04-18 13:38:52;-87;2; (not associated) ;;;;;;;;;;
